business_name,customer_type,parent_customer_id,ext_origin_id,ext_origin_company,contact_person,phone_number,phone_canonical,email_address,gps_latitude,gps_longitude,address,address2,state,city,postal_code,country,sales_region,market,active,created_at,updated_at
Iya ayo store,SECONDARY,,,EMANL,Iya ayo,9052938003,+234,,6.5307657,3.3541247,"No 1 Dada Iyalode Mushin, Lagos State, 102215, Nigeria",,Lagos State,Mushin,102215,NG,NGR001,,,,
Joshen & son's,SECONDARY,,,EMANL,Lateef,8039579521,+234,,6.5308707,3.3536811,1 post office road,,Lagos State,Mushin,102215,NG,NGR001,,,,
Blessed obi God venture,SECONDARY,,,EMANL,Obinna,8173898475,+234,,6.5299525,3.3557534,"2 Mumuni street, ojuwoye market mushin",,Lagos State,Mushin,102215,NG,NGR001,,,,
Lovely ventures,SECONDARY,,,EMANL,Lovely ventures,9133887962,+234,,6.4600723,3.2528191,Adamawa fornt view 019,,Lagos State,Aiyetoto-Asogun,102113,NG,NGR001,,,,
Mama Damiyola store,SECONDARY,,,EMANL,Damiyola,8051535507,+234,,6.5294038,3.3565523,"No 17 Abolade street Mushin, Lagos State, 102215, Nigeria",,Lagos State,Mushin,102215,NG,NGR001,,,,
Blessed sunny,SECONDARY,,,EMANL,Mr Sunday,8038530507,+234,,6.5295684,3.354443,"No2, olumorukun Mushin, Lagos State, 102215, Nigeria",,Lagos State,Mushin,102215,NG,NGR001,,,,
Mma Venture,SECONDARY,,,EMANL,Uche,8038630811,+234,,6.4600628,3.2528193,SL2B KASTINA PLAZA,,Lagos State,Aiyetoto-Asogun,102113,NG,NGR001,,,,
Oladipo Rukayat Ventures,SECONDARY,,,EMANL,Rukayat,8060657632,+234,,6.5307555,3.353842,"5, Post Office Road, Mushin",,Lagos State,Mushin,102215,NG,NGR001,,,,
Ricket store,SECONDARY,,,EMANL,F.A,8138274252,+234,,6.5300262,3.3561193,3 mumuni street mushin market,,Lagos State,Mushin,102215,NG,NGR001,,,,
Hasco,SECONDARY,,,EMANL,Henry,7063712599,+234,,6.5293751,3.3567238,16 Abolade Mushin market,,Lagos State,Mushin,102215,NG,NGR001,,,,
Jessica store,SECONDARY,,,EMANL,Jessica,8037740090,+234,,6.4601121,3.2528321,Front view 005 Adamawa plaza,,Lagos State,Aiyetoto-Asogun,102113,NG,NGR001,,,,
Blessed thomson cosmetics,SECONDARY,,,EMANL,Kosi,9167204013,+234,,6.5299495,3.3543604,"Mushin, Lagos State, 102215, Nigeria",,Lagos State,Mushin,102215,NG,NGR001,,,,
God's own,SECONDARY,,,EMANL,Chinyere,8036964922,+234,,6.4599667,3.2526755,Adamawa plaza,,Lagos State,Aiyetoto-Asogun,102113,NG,NGR001,,,,
BBC store,SECONDARY,,,EMANL,Madam Ann,8060416475,+234,,6.5300314,3.356144,4 Mumuni street mushin market,,Lagos State,Mushin,102215,NG,NGR001,,,,
Fitzboye ventures,SECONDARY,,,EMANL,Awoboye Waheed bamidele,8028461868,+234,,6.530852,3.3548474,No19 post office road mushin road,,Lagos State,Mushin,102215,NG,NGR001,,,,
Madam Diamond,SECONDARY,,,EMANL,Madam Ify,8025634307,+234,,6.459918,3.2527225,SL4 KASTINAPLAZA,,Lagos State,Aiyetoto-Asogun,102113,NG,NGR001,,,,
Ajibola store,SECONDARY,,,EMANL,Ajibola,8033910615,+234,,6.5299219,3.3557052,"17,Dadaiyalode street mushin",,Lagos State,Mushin,102215,NG,NGR001,,,,
Madam chioma,SECONDARY,,,EMANL,Madam chioma,8034078788,+234,,6.4598731,3.2526706,Ac 012 ATC,,Lagos State,Aiyetoto-Asogun,102113,NG,NGR001,,,,
Chi chi store,SECONDARY,,,EMANL,Chi chi,8061372399,+234,,6.4604234,3.2528268,Adamawa plaza frontview 06,,Lagos State,Aiyetoto-Asogun,102113,NG,NGR001,,,,
HCM upward,SECONDARY,,,EMANL,Henry Madueke,8140168856,+234,,6.5306701,3.3541559,"No 6, olumoroko off post office Mushin, Lagos State, 102215, Nigeria",,Lagos State,Mushin,102215,NG,NGR001,,,,
Kdg mama,SECONDARY,,,EMANL,Damilola,8035858813,+234,,6.5299208,3.3557165,"17, Dadaiyalode street",,Lagos State,Mushin,102215,NG,NGR001,,,,
Iya Aliya store,SECONDARY,,,EMANL,Oyeyemi,8024413662,+234,,6.5293623,3.3567796,"16 Abolade Mushin, Lagos State, 102215, Nigeria",,Lagos State,Mushin,102215,NG,NGR001,,,,
Modupe store,SECONDARY,,,EMANL,Modupe,8143057133,+234,,6.5298299,3.3555761,Dadaiyalode street,,Lagos State,Mushin,102215,NG,NGR001,,,,
Okeoma Inter buz,SECONDARY,,,EMANL,Madam Oluchi,8134669700,+234,,6.4602699,3.2528341,SL5,,Lagos State,Aiyetoto-Asogun,102113,NG,NGR001,,,,
Herbex Nigeria company,SECONDARY,,,EMANL,Herbert,9162187598,+234,,6.52931,3.3557588,"56 Ojuwoye Mushin, Lagos State, 102215, Nigeria",,Lagos State,Mushin,102215,NG,NGR001,,,,
Great moon,SECONDARY,,,EMANL,Chukwuemeka,8119658590,+234,,6.5298021,3.3557492,"17, Dadaiyalode",,Lagos State,Mushin,102215,NG,NGR001,,,,
Gabeco cosmetic,SECONDARY,,,EMANL,Titilayo,8088670678,+234,,6.5303761,3.3541842,"3, olumorokunn street, Mushin Lagos",,Lagos State,Mushin,102215,NG,NGR001,,,,
Mummy Good luck store,SECONDARY,,,EMANL,Good luck,8039183283,+234,,6.5289367,3.3574483,"3 Abolade Mushin, Lagos State, 102216, Nigeria",,Lagos State,Mushin,102216,NG,NGR001,,,,
Fawaz store,SECONDARY,,,EMANL,Jimoh,9169417525,+234,,6.5343453,3.3540665,Dadaiyalode,,Lagos State,Mushin,102216,NG,NGR001,,,,
Faith store,SECONDARY,,,EMANL,Faith,8035711179,+234,,6.530225,3.3542602,"Olumorokun stree, Mushin market",,Lagos State,Mushin,102215,NG,NGR001,,,,
Nosike Assorted Concept,SECONDARY,,,EMANL,Okay Anosike,8033018142,+234,,6.52936,3.3560526,No 4 plaza mumuni dada iyalode street mushin market,,Lagos State,Mushin,102215,NG,NGR001,,,,
V Gold,SECONDARY,,,EMANL,Mummy chidera,7084160444,+234,,6.4595498,3.2530438,A 30 Adamawa plaza,,Lagos State,Aiyetoto-Asogun,102113,NG,NGR001,,,,
Chisam Venture,SECONDARY,,,EMANL,Chioma,7060633908,+234,,6.4598232,3.252669,SL10 Kastina Plaza,,Lagos State,Aiyetoto-Asogun,102113,NG,NGR001,,,,
Iya azeezat,SECONDARY,,,EMANL,Iya azeezat,8118168043,+234,,6.5284488,3.3543666,"1b Ojuwoye street Mushin, Lagos State, 102215, Nigeria",,Lagos State,Mushin,102215,NG,NGR001,,,,
Aduramigba store,SECONDARY,,,EMANL,Akintola,8035750658,+234,,6.5298514,3.3554337,"17, Dadaiyalode street",,Lagos State,Mushin,102215,NG,NGR001,,,,
Mr kabiru store,SECONDARY,,,EMANL,Kabiru,9077763863,+234,,6.5320971,3.3582937,52 post office road,,Lagos State,Mushin,102216,NG,NGR001,,,,
0luwaseun store,SECONDARY,,,EMANL,Oluwaseun,7087973183,+234,,6.5302426,3.3542668,"Olumorukun Street , Mushin, Lagos State, 102215, Nigeria",,Lagos State,Mushin,102215,NG,NGR001,,,,
Abundant,SECONDARY,,,EMANL,Deborah,8034890201,+234,,6.529362,3.3557376,5 Mumuni street mushin market,,Lagos State,Mushin,102215,NG,NGR001,,,,
Bolaji store,SECONDARY,,,EMANL,Bolaji,8083604448,+234,,6.52862,3.357685,"Mushin, Lagos State, 102215, Nigeria",,Lagos State,Mushin,102215,NG,NGR001,,,,
Divine Grace,SECONDARY,,,EMANL,Madam Nneka,8038379960,+234,,6.4595491,3.253044,A029,,Lagos State,Aiyetoto-Asogun,102113,NG,NGR001,,,,
Ami best,SECONDARY,,,EMANL,Amaka,8063310600,+234,,6.4598989,3.2526933,SL11 Kastina plaza,,Lagos State,Aiyetoto-Asogun,102113,NG,NGR001,,,,
Tina store,SECONDARY,,,EMANL,Tina,7039506653,+234,,6.5298584,3.3554493,"17, Dadaiyalode street",,Lagos State,Mushin,102215,NG,NGR001,,,,
Ify Store,SECONDARY,,,EMANL,Ify,8135008637,+234,,6.529362,3.3557376,6 mumuni street mushin market,,Lagos State,Mushin,102215,NG,NGR001,,,,
MM store,SECONDARY,,,EMANL,Gbemi Sola,8069689963,+234,,6.5288017,3.3577333,"3 Abolade street Mushin, Lagos State, 102215, Nigeria",,Lagos State,Mushin,102215,NG,NGR001,,,,
Mama goodness store,SECONDARY,,,EMANL,Chiwendu,7030309105,+234,,6.4597632,3.2526801,Att Kastina plaza,,Lagos State,Aiyetoto-Asogun,102113,NG,NGR001,,,,
Iya kudi shop,SECONDARY,,,EMANL,Iya kudi,9112112540,+234,,6.5283508,3.3541067,"2 Ojuwoye street Mushin, Lagos State, 102215, Nigeria",,Lagos State,Mushin,102215,NG,NGR001,,,,
Mama funmilayo store,SECONDARY,,,EMANL,Fatima Olufunmilayo,9033989635,+234,,6.5295242,3.3544648,"Olumorukun Street, Mushin, Lagos State, 102215, Nigeria",,Lagos State,Mushin,102215,NG,NGR001,,,,
Muslag,SECONDARY,,,EMANL,Visitation Titilayo,7040446549,+234,,6.5299974,3.3561002,6 mumuni street mushin market,,Lagos State,Mushin,102215,NG,NGR001,,,,
Yemsy Store,SECONDARY,,,EMANL,Iya Iye,8083339833,+234,,6.5314708,3.3570048,34 post office road,,Lagos State,Mushin,102216,NG,NGR001,,,,
UBA investment,SECONDARY,,,EMANL,Jonathan,8038331651,+234,,6.4604898,3.2525482,KTG 13 Kastina plaza,,Lagos State,Aiyetoto-Asogun,102113,NG,NGR001,,,,
Temitayo store,SECONDARY,,,EMANL,Temitayo,8026559519,+234,,6.5299818,3.3562335,6 Mumuni street mushin market,,Lagos State,Mushin,102215,NG,NGR001,,,,
God's Favour Store,SECONDARY,,,EMANL,God's Favour,8038350086,+234,,6.5285417,3.357645,"3 Abolade off Coca Mushin, Lagos State, 102215, Nigeria",,Lagos State,Mushin,102215,NG,NGR001,,,,
Iya Sarah store,SECONDARY,,,EMANL,Iya yetunde,7063879572,+234,,6.5300353,3.354182,Olumorokun street Mushin Lagos,,Lagos State,Mushin,102215,NG,NGR001,,,,
Ify success,SECONDARY,,,EMANL,Ifeoma,8181065556,+234,,6.4597547,3.2526987,AB/At 11 Adamawa plaza,,Lagos State,Aiyetoto-Asogun,102113,NG,NGR001,,,,
Zeebebbi,SECONDARY,,,EMANL,Ajala,8084656458,+234,,6.5298573,3.3554647,"17, Dadaiyalode street",,Lagos State,Mushin,102215,NG,NGR001,,,,
Iya Aisha,SECONDARY,,,EMANL,Iya Aisha,9018425928,+234,,6.5312017,3.3556046,"18, Post office road,Mushin",,Lagos State,Mushin,102215,NG,NGR001,,,,
Biscuit store,SECONDARY,,,EMANL,Ayorinde,8086068513,+234,,6.5301938,3.3565813,10 mumuni street mushin market,,Lagos State,Mushin,102215,NG,NGR001,,,,
Cosy best global,SECONDARY,,,EMANL,Cosy,8035982669,+234,,6.4595783,3.2527532,A17 adamawa plaza trade Fair,,Lagos State,Aiyetoto-Asogun,102113,NG,NGR001,,,,
Destiny Venture,SECONDARY,,,EMANL,Madam Chinaenyee,8035772426,+234,,6.4598334,3.2526884,Kastina Cluster,,Lagos State,Aiyetoto-Asogun,102113,NG,NGR001,,,,
Iya tawa store,SECONDARY,,,EMANL,Iya tawa,7038149355,+234,,6.5298742,3.3553515,"17, Dadaiyalode street",,Lagos State,Mushin,102215,NG,NGR001,,,,
God Great,SECONDARY,,,EMANL,God Great,8067677387,+234,,6.528885,3.3578083,"3 Abolade Mushin, Lagos State, 102215, Nigeria",,Lagos State,Mushin,102215,NG,NGR001,,,,
Hassada gamaira botaki store,SECONDARY,,,EMANL,Hassada,7075938485,+234,,6.5307878,3.354851,15 post office road,,Lagos State,Mushin,102215,NG,NGR001,,,,
Afolabistores,SECONDARY,,,EMANL,Afolabi,8024277238,+234,,6.5294853,3.3544657,"Olumorokun street,infront of indomie",,Lagos State,Mushin,102215,NG,NGR001,,,,
Sark popoola,SECONDARY,,,EMANL,Popoola,7055324265,+234,,6.5298706,3.3553604,"17, Dadaiyalode street",,Lagos State,Mushin,102215,NG,NGR001,,,,
Iya dayo,SECONDARY,,,EMANL,Iya dayo,8028361020,+234,,6.5298754,3.3553454,"17, Dadaiyalode",,Lagos State,Mushin,102215,NG,NGR001,,,,
Mama Chinaza,SECONDARY,,,EMANL,Akanwa,7030175777,+234,,6.459823,3.2526672,KTF 19 Kastina plaza,,Lagos State,Aiyetoto-Asogun,102113,NG,NGR001,,,,
Balogun store,SECONDARY,,,EMANL,Balogun,8056052528,+234,,6.5285483,3.35793,"No 2 Abolade Street, Mushin, Lagos State, 102216, Nigeria",Coker Street,Lagos State,Mushin,102216,NG,NGR001,,,,
Eniola,SECONDARY,,,EMANL,Eniola,8028178225,+234,,6.5290312,3.3554227,12 mumuni street mushin market,,Lagos State,Mushin,102215,NG,NGR001,,,,
Chichi store,SECONDARY,,,EMANL,Chibuzor,8023786298,+234,,6.5307368,3.3538648,6 post office road,,Lagos State,Mushin,102215,NG,NGR001,,,,
Iya abiodun store,SECONDARY,,,EMANL,Iya Animota,8033831242,+234,,6.5294915,3.3544518,"6,Ajibore street Mushin market",,Lagos State,Mushin,102215,NG,NGR001,,,,
Marmay store,SECONDARY,,,EMANL,Ajoke,8083035943,+234,,6.5298803,3.3553336,"15, Dadaiyalode",,Lagos State,Mushin,102215,NG,NGR001,,,,
Chikos ventures,SECONDARY,,,EMANL,Chikos,8034102520,+234,,6.4595488,3.2530408,Adamawa plaza A 2,,Lagos State,Aiyetoto-Asogun,102113,NG,NGR001,,,,
Madam Chinyere,SECONDARY,,,EMANL,Chinyere,8029494306,+234,,6.458417,3.2516754,011 Nazarawa,,Lagos State,Aiyetoto-Asogun,102113,NG,NGR001,,,,
Collins store,SECONDARY,,,EMANL,Collins,7019783065,+234,,6.4596256,3.2528448,B23 Adamawa plaza,,Lagos State,Aiyetoto-Asogun,102113,NG,NGR001,,,,
Tim David store,SECONDARY,,,EMANL,Ijeoma,9056696116,+234,,6.4601553,3.2528625,B004,,Lagos State,Aiyetoto-Asogun,102113,NG,NGR001,,,,
Gareba store,SECONDARY,,,EMANL,Gareba,8166389069,+234,,6.5308337,3.3537109,1 post office road,,Lagos State,Mushin,102215,NG,NGR001,,,,
Chinedu,SECONDARY,,,EMANL,Chinese orusa,9123268766,+234,,6.5301138,3.3565139,12 mumuni street mushin street,,Lagos State,Mushin,102215,NG,NGR001,,,,
Iya seki store,SECONDARY,,,EMANL,Iya seki,8071642170,+234,,6.5298904,3.3553026,Dadaiyalode,,Lagos State,Mushin,102215,NG,NGR001,,,,
Asa beauty,SECONDARY,,,EMANL,Linda Oluchi,9134651340,+234,,6.4598227,3.252662,Kk2 Kastina,,Lagos State,Aiyetoto-Asogun,102113,NG,NGR001,,,,
Mama Dalu,SECONDARY,,,EMANL,Uche,8033549997,+234,,6.4579911,3.2514256,9,,Lagos State,Aiyetoto-Asogun,102113,NG,NGR001,,,,
Chimmy grace,SECONDARY,,,EMANL,Grace,7039010423,+234,,6.4604437,3.2528235,Adamawa front view01,,Lagos State,Aiyetoto-Asogun,102113,NG,NGR001,,,,
Akorege store,SECONDARY,,,EMANL,Akorege,8138532045,+234,,6.5294983,3.357965,"No 3 coker treet, Mushin, Lagos State, 102216, Nigeria",Coker Street,Lagos State,Mushin,102216,NG,NGR001,,,,
Mum ada,SECONDARY,,,EMANL,Uche,7032439393,+234,,6.5299855,3.3549301,Dadaiyalode,,Lagos State,Mushin,102215,NG,NGR001,,,,
Twins mummy enterprises,SECONDARY,,,EMANL,Mummy twins,8023026262,+234,,6.5301567,3.3561383,14 mumuni street mushin market,,Lagos State,Mushin,102215,NG,NGR001,,,,
Mama igwe store,SECONDARY,,,EMANL,Mama igwe,8034295206,+234,,6.4598225,3.2526433,KTD 25,,Lagos State,Aiyetoto-Asogun,102113,NG,NGR001,,,,
Toluwa timofe resources,SECONDARY,,,EMANL,Toluwa timofe,7064032559,+234,,6.5310795,3.3540353,5 Post office road,Olorunsogo Street,Lagos State,Mushin,102216,NG,NGR001,,,,
Mayowa store,SECONDARY,,,EMANL,Mayowa,8020535736,+234,,6.5285133,3.3578517,"No 1 Abolade treet, Mushin, Lagos State, 102216, Nigeria",Coker Street,Lagos State,Mushin,102216,NG,NGR001,,,,
Madam shine shine,SECONDARY,,,EMANL,Shine shine,8063356622,+234,,6.4587166,3.2521966,AE96R,,Lagos State,Aiyetoto-Asogun,102113,NG,NGR001,,,,
Mummy Daniel store,SECONDARY,,,EMANL,Mummy Daniel,8162935083,+234,,6.5295497,3.354442,"No 10, OlumorokunMushin",,Lagos State,Mushin,102215,NG,NGR001,,,,
Iya bode,SECONDARY,,,EMANL,Iya bode,8023899982,+234,,6.5288084,3.3548112,Ojuwoye,,Lagos State,Mushin,102215,NG,NGR001,,,,
Happiness store,SECONDARY,,,EMANL,Happiness,8032370512,+234,,6.4597487,3.2526969,Adamawa front view 09,,Lagos State,Aiyetoto-Asogun,102113,NG,NGR001,,,,
Barakiz global  venture,SECONDARY,,,EMANL,Barakiz,8029598634,+234,,6.5304283,3.3570467,37 mumuni street mushin market,,Lagos State,Mushin,102215,NG,NGR001,,,,
Iya sofia,SECONDARY,,,EMANL,Iya sofia,8086359391,+234,,6.5287947,3.3548024,Ojuwoye,,Lagos State,Mushin,102215,NG,NGR001,,,,
Olanrewaju store,SECONDARY,,,EMANL,Olanrewaju,8024494247,+234,,6.528854,3.3575631,"2 Abolade street Mushin, Lagos State, 102215, Nigeria",,Lagos State,Mushin,102215,NG,NGR001,,,,
Iyarita store,SECONDARY,,,EMANL,Iya rita,7064968275,+234,,6.5295485,3.3544528,No5 dada Iyalode Mushin,,Lagos State,Mushin,102215,NG,NGR001,,,,
Iya janet,SECONDARY,,,EMANL,iya Janet,8114429131,+234,,6.5288007,3.3548674,Ojuwoye,,Lagos State,Mushin,102215,NG,NGR001,,,,
Woman of faithVentura,SECONDARY,,,EMANL,Woman of faith,9144386656,+234,,6.4598784,3.2526264,KTP 24,,Lagos State,Aiyetoto-Asogun,102113,NG,NGR001,,,,
Blessed jufic,SECONDARY,,,EMANL,Chioma,8033823964,+234,,6.4598265,3.2526708,Att Kastina Plaza,,Lagos State,Aiyetoto-Asogun,102113,NG,NGR001,,,,
Iya ibeji shop,SECONDARY,,,EMANL,Iya ibeji,8038431548,+234,,6.5291953,3.3572709,"No 4 Abolade Mushin, Lagos State, 102215, Nigeria",,Lagos State,Mushin,102215,NG,NGR001,,,,
Tammy ventures,SECONDARY,,,EMANL,Tammy,7083418106,+234,,6.4595033,3.2526509,Adamawa plaza,,Lagos State,Aiyetoto-Asogun,102113,NG,NGR001,,,,
Nancy store,SECONDARY,,,EMANL,Nancy,7036482803,+234,,6.4598084,3.2526673,AB/AT,,Lagos State,Aiyetoto-Asogun,102113,NG,NGR001,,,,
Fine Chris and brothers global enterprise,SECONDARY,,,EMANL,Mike,8034301241,+234,,6.5302821,3.356826,35 abiodun street mumuni junction mushin,,Lagos State,Mushin,102215,NG,NGR001,,,,
Chizzy store,SECONDARY,,,EMANL,Chizzy,8145717001,+234,,6.4597807,3.2526866,AB/AT007,,Lagos State,Aiyetoto-Asogun,102113,NG,NGR001,,,,
Iya David,SECONDARY,,,EMANL,Iya David,7093247786,+234,,6.5286688,3.3547478,Ojuwoye,,Lagos State,Mushin,102215,NG,NGR001,,,,
Abdullah store,SECONDARY,,,EMANL,Halimat,8168232790,+234,,6.529289,3.3572305,"No 6 Abolade street Mushin, Lagos State, 102215, Nigeria",,Lagos State,Mushin,102215,NG,NGR001,,,,
God's Purpose Venture,SECONDARY,,,EMANL,God's purpose,8036870254,+234,,6.4598192,3.2526349,KTC 03 Kastina plaza,,Lagos State,Aiyetoto-Asogun,102113,NG,NGR001,,,,
Mummy Zayn,SECONDARY,,,EMANL,Suliat,9167367430,+234,,6.5299888,3.354873,"10, Dadaiyalode",,Lagos State,Mushin,102215,NG,NGR001,,,,
Omoakin store,SECONDARY,,,EMANL,Omoakin,8160012792,+234,,6.5292024,3.3570731,"No 8 Abolade street Mushin, Lagos State, 102215, Nigeria",,Lagos State,Mushin,102215,NG,NGR001,,,,
Tenten,SECONDARY,,,EMANL,Adedamola,8139729447,+234,,6.5297317,3.3566867,15 mumuni street mushin,,Lagos State,Mushin,102215,NG,NGR001,,,,
Aunty Ejima,SECONDARY,,,EMANL,Chinyere,9161708522,+234,,6.4597867,3.2526633,KTF 22,,Lagos State,Aiyetoto-Asogun,102113,NG,NGR001,,,,
Kiki oyin store,SECONDARY,,,EMANL,Mum jibade,8027977975,+234,,6.5299984,3.3549079,"10, Dadaiyalode street",,Lagos State,Mushin,102215,NG,NGR001,,,,
Chukwujekwu store,SECONDARY,,,EMANL,Chukwujekwu,9137898261,+234,,6.529955,3.3549503,"11, Dadaiyalode",,Lagos State,Mushin,102215,NG,NGR001,,,,
Muyas store,SECONDARY,,,EMANL,Muyas,7083638890,+234,,6.5299662,3.3548795,"11, Dadaiyalode street",,Lagos State,Mushin,102215,NG,NGR001,,,,
Ngo Best,SECONDARY,,,EMANL,Success,9042915047,+234,,6.4597486,3.2526973,KTC11,,Lagos State,Aiyetoto-Asogun,102113,NG,NGR001,,,,
Adegoke,SECONDARY,,,EMANL,Adegoke,9071414871,+234,,6.5301075,3.356509,9 mumuni street mushin market,,Lagos State,Mushin,102215,NG,NGR001,,,,
Iya adua,SECONDARY,,,EMANL,Iya adua,8029797039,+234,,6.5299875,3.3549201,"11, Dadaiyalode",,Lagos State,Mushin,102215,NG,NGR001,,,,
Risking Nig enterprises,SECONDARY,,,EMANL,Risakin,7062715861,+234,,6.5301793,3.3565658,9 mumuni street mushin market,,Lagos State,Mushin,102215,NG,NGR001,,,,
Emmagor store,SECONDARY,,,EMANL,Blessing Madueke,7044455507,+234,,6.5308725,3.354297,10/12 olumorokun street post office road Mushin,,Lagos State,Mushin,102215,NG,NGR001,,,,
Iya Abbey store,SECONDARY,,,EMANL,Iya Abbey,8162845649,+234,,6.5299714,3.3548117,"9, Dadaiyalode",,Lagos State,Mushin,102215,NG,NGR001,,,,
Goodness  Venture,SECONDARY,,,EMANL,Goodness,9162733079,+234,,6.4597453,3.2527007,KTC 23,,Lagos State,Aiyetoto-Asogun,102113,NG,NGR001,,,,
Ayomipo store,SECONDARY,,,EMANL,Ayomipo,7065259281,+234,,6.5299552,3.3547642,"9, Dadaiyalode street",,Lagos State,Mushin,102215,NG,NGR001,,,,
Onome store,SECONDARY,,,EMANL,Onome,9060850453,+234,,6.5299522,3.3547217,"9, Dadaiyalode street",,Lagos State,Mushin,102215,NG,NGR001,,,,
Al-mubarahk store,SECONDARY,,,EMANL,Al-mubarahk,8029052897,+234,,6.5299635,3.3546887,"9, Dadaiyalode street",,Lagos State,Mushin,102215,NG,NGR001,,,,
Mum ayoka,SECONDARY,,,EMANL,Mum ayoka,8035106109,+234,,6.5299594,3.3544538,"7, Dadaiyalode",,Lagos State,Mushin,102215,NG,NGR001,,,,
Mama junior,SECONDARY,,,EMANL,Mama junior,8025488757,+234,,6.5299674,3.3547102,"Ojuwoye Mushin, Lagos State, 102215, Nigeria",,Lagos State,Mushin,102215,NG,NGR001,,,,
D light ventures,SECONDARY,,,EMANL,D lght,8064952075,+234,,6.4590092,3.252866,Adamawa plaza 023,,Lagos State,Aiyetoto-Asogun,102113,NG,NGR001,,,,
TripleGem,SECONDARY,,,EMANL,Ifeoma,9160571089,+234,,6.4597867,3.252505,KTC 017,,Lagos State,Aiyetoto-Asogun,102113,NG,NGR001,,,,
Hand of God,SECONDARY,,,EMANL,Ifeanyi,7038018842,+234,,6.459612,3.2525829,A002 Kastina,,Lagos State,Aiyetoto-Asogun,102113,NG,NGR001,,,,
Ben stores,SECONDARY,,,EMANL,Maryan,7066558054,+234,,6.4595692,3.2526474,KTF 23,,Lagos State,Aiyetoto-Asogun,102113,NG,NGR001,,,,
2cmunet,SECONDARY,,,EMANL,Chinenye,7064764950,+234,,6.4596247,3.252627,KTC 14Kastina,,Lagos State,Aiyetoto-Asogun,102113,NG,NGR001,,,,
Mama emeka store,SECONDARY,,,EMANL,Amaka,7062606305,+234,,6.4596255,3.2525917,Ktc 018,,Lagos State,Aiyetoto-Asogun,102113,NG,NGR001,,,,
Sisterhope,SECONDARY,,,EMANL,Hope,8036485855,+234,,6.5300149,3.3532294,Dadaiyalode,Agege Motor Road,Lagos State,Mushin,100231,NG,NGR001,,,,
Elizabeth,SECONDARY,,,EMANL,Elizabeth,9035176171,+234,,6.5283748,3.3540137,"Ojuwoye Mushin, Lagos State, 102215, Nigeria",Primary,Lagos State,Mushin,102215,NG,NGR001,,,,
5c trading store,SECONDARY,,,EMANL,Mesooma,8167649437,+234,,6.5295621,3.3571944,25 abiodun mumuni street mushin market,,Lagos State,Mushin,102215,NG,NGR001,,,,
Flakky,SECONDARY,,,EMANL,Flakky,8124321635,+234,,6.5298599,3.3532834,"2, Dadaiyalode street",,Lagos State,Mushin,102215,NG,NGR001,,,,
Mama ada,SECONDARY,,,EMANL,Mama ada,8053047939,+234,,6.5284243,3.3544679,"Ojuwoye Mushin, Lagos State, 102215, Nigeria",,Lagos State,Mushin,102215,NG,NGR001,,,,
Mrs ashola store,SECONDARY,,,EMANL,Ashola,9023484681,+234,,6.5301133,3.3537883,"1, Dadaiyalode street",,Lagos State,Mushin,102215,NG,NGR001,,,,
Temi,SECONDARY,,,EMANL,Temi,8131209090,+234,,6.5301582,3.3537954,"1, Dadaiyalode",,Lagos State,Mushin,102215,NG,NGR001,,,,
Iya sodik,SECONDARY,,,EMANL,Iya sodik,9017430696,+234,,6.5285444,3.3545143,"Ojuwoye Mushin, Lagos State, 102215, Nigeria",,Lagos State,Mushin,102215,NG,NGR001,,,,
Hierochi Enterprises,SECONDARY,,,EMANL,Erochi,8099559465,+234,,6.5297291,3.3570938,25 abiodun street mushin,,Lagos State,Mushin,102215,NG,NGR001,,,,
Dalles store,SECONDARY,,,EMANL,Dalles,8064042202,+234,,6.5301358,3.3537898,"1, Dadaiyalode street",,Lagos State,Mushin,102215,NG,NGR001,,,,
Kiss kids company,SECONDARY,,,EMANL,Olu,8129654620,+234,,6.529913,3.3569946,33 Abiodun street mushin market,,Lagos State,Mushin,102215,NG,NGR001,,,,
Lanre,SECONDARY,,,EMANL,Lanre,8038299850,+234,,6.5301568,3.353809,"1, Dadaiyalode street",,Lagos State,Mushin,102215,NG,NGR001,,,,
Johnbet,SECONDARY,,,EMANL,Johnbet,8034969543,+234,,6.5290746,3.3551193,"Ojuwoye Mushin, Lagos State, 102215, Nigeria",,Lagos State,Mushin,102215,NG,NGR001,,,,
Alhaja AyinkeAde store,SECONDARY,,,EMANL,Olawunmi Aremu,8055440424,+234,,6.5300894,3.3538896,"1, Dadaiyalode street",,Lagos State,Mushin,102215,NG,NGR001,,,,
Ade store,SECONDARY,,,EMANL,Ayinke,8138133722,+234,,6.5301661,3.3538793,"1, Dadaiyalode street",,Lagos State,Mushin,102215,NG,NGR001,,,,
Adiem,SECONDARY,,,EMANL,Alhaja,8135249394,+234,,6.529025,3.3563675,Mumuni street mushin maket,,Lagos State,Mushin,102215,NG,NGR001,,,,
Uche uba,SECONDARY,,,EMANL,Uche uba venture,7047791189,+234,,6.5289671,3.3551486,"Ojuwoye Mushin, Lagos State, 102215, Nigeria",,Lagos State,Mushin,102215,NG,NGR001,,,,
Iya ikimo,SECONDARY,,,EMANL,Iya ikimo,8038428740,+234,,6.530107,3.3538181,Dadaiyalode,,Lagos State,Mushin,102215,NG,NGR001,,,,
Oluwasore,SECONDARY,,,EMANL,Oluwasore,8079919312,+234,,6.5300279,3.3557376,5 mumuni street mushin lagos,,Lagos State,Mushin,102215,NG,NGR001,,,,
Iya adura,SECONDARY,,,EMANL,Iya adura,8100371606,+234,,6.530157,3.3537919,Dadaiyalode,,Lagos State,Mushin,102215,NG,NGR001,,,,
Atinuke store,SECONDARY,,,EMANL,Atinuke,7062087645,+234,,6.5284178,3.3538329,"No 2 Agege Motor Road, Tinubu, Mushin, Lagos State, 100231, Nigeria",Agege Motor Road,Lagos State,Mushin,100231,NG,NGR001,,,,
Iyke line,SECONDARY,,,EMANL,Mummy Zina,8035602422,+234,,6.5299536,3.3557541,2 mumuni street mushin market,,Lagos State,Mushin,102215,NG,NGR001,,,,
God love store,SECONDARY,,,EMANL,God's Love,8032305728,+234,,6.5280057,3.3534989,"No 2 Isolo Road, Mushin, Lagos State, 102215, Nigeria",Isolo Road,Lagos State,Mushin,102215,NG,NGR001,,,,
Tkbs,SECONDARY,,,EMANL,Tkbs,7012439844,+234,,6.5301213,3.3541218,Dadaiyalode,,Lagos State,Mushin,102215,NG,NGR001,,,,
Oluwapamilerinayo store,SECONDARY,,,EMANL,Oluwapamilerinayo,9165738127,+234,,6.5290723,3.3581191,11 Coka road,Coker Street,Lagos State,Mushin,102216,NG,NGR001,,,,
Ade store,SECONDARY,,,EMANL,Ade,8033448004,+234,,6.5293454,3.3582571,9 Coka road,Coker Street,Lagos State,Mushin,102216,NG,NGR001,,,,
Mum tope,SECONDARY,,,EMANL,Yinka,8122885605,+234,,6.5301477,3.3541465,Dadaiyalode,,Lagos State,Mushin,102215,NG,NGR001,,,,
Mama Store,SECONDARY,,,EMANL,Mama,7065421263,+234,,6.530241,3.3566641,3 mumuni street mushin market,,Lagos State,Mushin,102215,NG,NGR001,,,,
Salami,SECONDARY,,,EMANL,Salami,8028382581,+234,,6.5301306,3.3540945,Dadaiyalode,,Lagos State,Mushin,102215,NG,NGR001,,,,
Amadu store,SECONDARY,,,EMANL,Amadu,7034332105,+234,,6.5300765,3.3585576,27 Coka road,Coker Street,Lagos State,Mushin,102216,NG,NGR001,,,,
Abiola store,SECONDARY,,,EMANL,Taiwo,9064321502,+234,,6.5301272,3.3542559,"5,Dadaiyalode",,Lagos State,Mushin,102215,NG,NGR001,,,,
Cozy sanitary and household ltd,SECONDARY,,,EMANL,Micheal,8139032802,+234,,6.5306098,3.356747,37 Abiodun street mushin market,,Lagos State,Mushin,102215,NG,NGR001,,,,
Opeyemi,SECONDARY,,,EMANL,Opeyemi,7010252869,+234,,6.5299825,3.3546779,Dadaiyalode,,Lagos State,Mushin,102215,NG,NGR001,,,,
Muhammad store,SECONDARY,,,EMANL,Muhammad,7038496366,+234,,6.531034,3.3594864,47 Coka,,Lagos State,Mushin,102216,NG,NGR001,,,,
Alhaja,SECONDARY,,,EMANL,Sales lady,8165452342,+234,,6.5302038,3.3548634,"Williams Ladega street Mushin, Lagos State, 102215, Nigeria",,Lagos State,Mushin,102215,NG,NGR001,,,,
Bukjaji store,SECONDARY,,,EMANL,Anota,8023109493,+234,,6.5279817,3.3514967,"No plaza Isolo Road, Mushin, Lagos State, 102215, Nigeria",Isolo Road,Lagos State,Mushin,102215,NG,NGR001,,,,
Olaoluwa store,SECONDARY,,,EMANL,Abdulsalam,8038208070,+234,,6.5283613,3.3560526,9 Mumuni street mushin market,,Lagos State,Mushin,102215,NG,NGR001,,,,
Opeyemi store,SECONDARY,,,EMANL,Moshood,8123566122,+234,,6.5305343,3.354407,"5, Dadaiyalode",,Lagos State,Mushin,102215,NG,NGR001,,,,
Ewaoluwa store,SECONDARY,,,EMANL,Olaleye,8037478210,+234,,6.529929,3.3543621,"7, Dadaiyalode street",,Lagos State,Mushin,102215,NG,NGR001,,,,
Benefit store,SECONDARY,,,EMANL,Paul,7033665442,+234,,6.5279749,3.3507856,"No 36/37 Plaza Isolo road Mushin Road, Mushin, Lagos State, 102215, Nigeria",Mushin Road,Lagos State,Mushin,102215,NG,NGR001,,,,
TripleA,SECONDARY,,,EMANL,Triple A,8052330443,+234,,6.529922,3.354366,"7, Dadaiyalode street",,Lagos State,Mushin,102215,NG,NGR001,,,,
Zie Harvest store,SECONDARY,,,EMANL,Chinaza,9137322523,+234,,6.5280263,3.3563675,"Shop 12 plaza Isolo road Mushin, Lagos State, 102215, Nigeria",,Lagos State,Mushin,102215,NG,NGR001,,,,
Mariam,SECONDARY,,,EMANL,Iya mariam,8032370679,+234,,6.5305523,3.3534304,"13, Dadaiyalode street",,Lagos State,Mushin,102215,NG,NGR001,,,,
Kenny store,SECONDARY,,,EMANL,Kenny,8023207291,+234,,6.5298503,3.3554167,Dadaiyalode,,Lagos State,Mushin,102215,NG,NGR001,,,,
Nisotade,SECONDARY,,,EMANL,Ademoye funke,8064633524,+234,,6.5295683,3.3569767,34 Abiodun street mushin market,,Lagos State,Mushin,102215,NG,NGR001,,,,
Kenny G store,SECONDARY,,,EMANL,Kenny,8035170260,+234,,6.5289235,3.3572684,12 Abolade street mushin,,Lagos State,Mushin,102215,NG,NGR001,,,,
Ab store,SECONDARY,,,EMANL,Ab,9128709172,+234,,6.5294995,3.3559368,"Ojuwoye Mushin, Lagos State, 102215, Nigeria",,Lagos State,Mushin,102215,NG,NGR001,,,,
Kusimu store,SECONDARY,,,EMANL,Kusimo,8077511532,+234,,6.5298482,3.3554102,"28, Dadaiyalode",,Lagos State,Mushin,102215,NG,NGR001,,,,
Sultan,SECONDARY,,,EMANL,Sultan,7038352116,+234,,6.5290312,3.3554227,36 abiodun street mushin market,,Lagos State,Mushin,102215,NG,NGR001,,,,
Iya islamia store,SECONDARY,,,EMANL,Iya islamia,8023938461,+234,,6.52802,3.3573123,3 coker,,Lagos State,Mushin,102215,NG,NGR001,,,,
Abake store,SECONDARY,,,EMANL,Abake,8028789876,+234,,6.5242207,3.3492311,"No 28 Plaza Isolo road Mushin Road, Mushin, Lagos State, 102215, Nigeria",Mushin Road,Lagos State,Mushin,102215,NG,NGR001,,,,
Iya seki store,SECONDARY,,,EMANL,Iya seki,8023998953,+234,,6.5293091,3.3559583,"Ojuwoye Mushin, Lagos State, 102215, Nigeria",,Lagos State,Mushin,102215,NG,NGR001,,,,
Lekan store,SECONDARY,,,EMANL,Olalekan abalola,8036048054,+234,,6.52802,3.3573123,3 coker,,Lagos State,Mushin,102215,NG,NGR001,,,,
Iya saka store,SECONDARY,,,EMANL,Iya saka,8086024720,+234,,6.5299044,3.3552705,Dadaiyalode,,Lagos State,Mushin,102215,NG,NGR001,,,,
Haroyinda Venture,SECONDARY,,,EMANL,Hassan,9036835913,+234,,6.5302593,3.3568132,Abiodun street mushin market,,Lagos State,Mushin,102215,NG,NGR001,,,,
PlosupStore,SECONDARY,,,EMANL,Sule,7067186750,+234,,6.5283256,3.3510892,"27 Isolo Road, Mushin, Lagos State, 102215, Nigeria",Isolo Road,Lagos State,Mushin,102215,NG,NGR001,,,,
Iya habeeb,SECONDARY,,,EMANL,Iya habeeb,7082317148,+234,,6.5290312,3.3554227,"18, Dadaiyalode",,Lagos State,Mushin,102215,NG,NGR001,,,,
Musa store,SECONDARY,,,EMANL,Musa,8125797820,+234,,6.5283872,3.3583039,1 coker road,,Lagos State,Mushin,102215,NG,NGR001,,,,
Azeezcomfat nig enterprise,SECONDARY,,,EMANL,Akanji,8039155854,+234,,6.5298573,3.3554422,"18a, Dadaiyalode",,Lagos State,Mushin,102215,NG,NGR001,,,,
Benchidy Enterprises,SECONDARY,,,EMANL,Benchidy,8023521265,+234,,6.529915,3.3561401,6 mumuni street mushin market,,Lagos State,Mushin,102215,NG,NGR001,,,,
Folashade,SECONDARY,,,EMANL,Folashade,8109033047,+234,,6.5292646,3.3558227,"Ojuwoye Mushin, Lagos State, 102215, Nigeria",,Lagos State,Mushin,102215,NG,NGR001,,,,
Habib store,SECONDARY,,,EMANL,Habib,7025446370,+234,,6.5283487,3.3579422,33 coker road,Ogunmokun Street,Lagos State,Mushin,102215,NG,NGR001,,,,
Akanji,SECONDARY,,,EMANL,Akanji,8031848480,+234,,6.5298509,3.3554123,Dadaiyalode,,Lagos State,Mushin,102215,NG,NGR001,,,,
Olafathia,SECONDARY,,,EMANL,Segun,8023879017,+234,,6.5298673,3.3551706,14 dadaiyalode mushin market,,Lagos State,Mushin,102215,NG,NGR001,,,,
Halima store,SECONDARY,,,EMANL,Halima,7088464103,+234,,6.5298463,3.355424,"18, Dadaiyalode",,Lagos State,Mushin,102215,NG,NGR001,,,,
Mama Dolakpu store,SECONDARY,,,EMANL,Dolakpu,9015727702,+234,,6.5277383,3.3511533,"No 25 Isolo road Mushin, Lagos State, 102215, Nigeria",,Lagos State,Mushin,102215,NG,NGR001,,,,
Empress store,SECONDARY,,,EMANL,Adebola,8089746780,+234,,6.5280803,3.35748,29 coker road,Coker Street,Lagos State,Mushin,102215,NG,NGR001,,,,
RajiTom enterprise,SECONDARY,,,EMANL,Raji Tom enterprise,8105972166,+234,,6.5293672,3.355832,"Mushin, Lagos State, 102215, Nigeria",,Lagos State,Mushin,102215,NG,NGR001,,,,
Simi store,SECONDARY,,,EMANL,Simi,9021077204,+234,,6.5277234,3.357591,29 coker road,Coker Street,Lagos State,Mushin,102215,NG,NGR001,,,,
Denko,SECONDARY,,,EMANL,Denko,8101616051,+234,,6.530001,3.3549063,9 dadaiyalode street mushin market,,Lagos State,Mushin,102215,NG,NGR001,,,,
Mummy Latifa store,SECONDARY,,,EMANL,Alimat,8135028065,+234,,6.5279302,3.3517231,"No 25 Isolo Road, Mushin, Lagos State, 102215, Nigeria",Isolo Road,Lagos State,Mushin,102215,NG,NGR001,,,,
Zeewas enterprise,SECONDARY,,,EMANL,Zeewas,8123153528,+234,,6.5298499,3.3554448,"18, Dadaiyalode",,Lagos State,Mushin,102215,NG,NGR001,,,,
Iya suraju,SECONDARY,,,EMANL,Iya suraju,9069011284,+234,,6.5293285,3.3553717,"Ojuwoye Mushin, Lagos State, 102215, Nigeria",,Lagos State,Mushin,102215,NG,NGR001,,,,
FC Glory Stores,SECONDARY,,,EMANL,F.c Glory,8035856537,+234,,6.5304154,3.354209,Dada iyalode street mushin market,,Lagos State,Mushin,102215,NG,NGR001,,,,
AB Slam global,SECONDARY,,,EMANL,Aisha,9117497072,+234,,6.5278549,3.3521066,"No 17 Isolo Road, Mushin, Lagos State, 102215, Nigeria",Isolo Road,Lagos State,Mushin,102215,NG,NGR001,,,,
Funmi store,SECONDARY,,,EMANL,Funmi,8121161427,+234,,6.529486,3.356455,"2, olapade",,Lagos State,Mushin,102215,NG,NGR001,,,,
Mamatee store,SECONDARY,,,EMANL,Tawakalitu,8059162035,+234,,6.5301493,3.3542158,Dadaiyalode,,Lagos State,Mushin,102215,NG,NGR001,,,,
IfnotGod,SECONDARY,,,EMANL,IfnotGod,8071294993,+234,,6.5297349,3.3544054,6 Olumorokun street mushin market,,Lagos State,Mushin,102215,NG,NGR001,,,,
Iya Kemi store,SECONDARY,,,EMANL,Ibitoye,8082192943,+234,,6.5277086,3.3524085,"3 Isolo Road, Mushin, Lagos State, 102215, Nigeria",Isolo Road,Lagos State,Mushin,102215,NG,NGR001,,,,
Zinny Spece of diapers,SECONDARY,,,EMANL,Zinny,8037481037,+234,,6.5306061,3.3541009,8 olumuroko,,Lagos State,Mushin,102215,NG,NGR001,,,,
Yaya Masua store,SECONDARY,,,EMANL,Yaya Masua,9070348154,+234,,6.5277668,3.3532366,"No 7 Isolo Road, Mushin, Lagos State, 102215, Nigeria",Isolo Road,Lagos State,Mushin,102215,NG,NGR001,,,,
Madam Tinastore,SECONDARY,,,EMANL,Tina,8060271018,+234,,6.5307066,3.3541506,10 olumoruko,,Lagos State,Mushin,102215,NG,NGR001,,,,
Iya busayo store,SECONDARY,,,EMANL,Iya busayo,8154562501,+234,,6.5293739,3.3556063,"Ojuwoye Mushin, Lagos State, 102215, Nigeria",,Lagos State,Mushin,102215,NG,NGR001,,,,
Rukayat store,SECONDARY,,,EMANL,Rukayat,9027458793,+234,,6.5280183,3.3539533,"No 1 Agege Motor Road, Tinubu, Mushin, Lagos State, 100231, Nigeria",Agege Motor Road,Lagos State,Mushin,100231,NG,NGR001,,,,
Mummy senator,SECONDARY,,,EMANL,Mummy senator,9086277350,+234,,6.5292162,3.3553903,"Mushin, Lagos State, 102215, Nigeria",,Lagos State,Mushin,102215,NG,NGR001,,,,
Xtobake,SECONDARY,,,EMANL,Xtobake store,8062079469,+234,,6.5292715,3.3553361,"Ojuwoye Mushin, Lagos State, 102215, Nigeria",,Lagos State,Mushin,102215,NG,NGR001,,,,
Ken Store,SECONDARY,,,EMANL,Ken,9065724262,+234,,6.5290833,3.3553204,"Ojuwoye Mushin, Lagos State, 102215, Nigeria",,Lagos State,Mushin,102215,NG,NGR001,,,,
Paper Enterprises,SECONDARY,,,EMANL,Vivian,9069997288,+234,,6.4601553,3.2528625,MG/ATT 020,,Lagos State,Aiyetoto-Asogun,102113,NG,NGR001,,,,
Udenson,SECONDARY,,,EMANL,Udenson,8037127538,+234,,6.4591596,3.2525482,A4 taraba plaza,,Lagos State,Aiyetoto-Asogun,102113,NG,NGR001,,,,
Omemgboji,SECONDARY,,,EMANL,Chinyere,8132585877,+234,,6.4601553,3.2528625,AC007A ATC,,Lagos State,Aiyetoto-Asogun,102113,NG,NGR001,,,,
Angel of God store,SECONDARY,,,EMANL,Chioma,8032476078,+234,,6.459365065291133,3.2524752799143584,KTF 28,,Lagos State,Aiyetoto-Asogun,102113,NG,NGR001,,,,
C.Govig Nig Lmtd,SECONDARY,,,EMANL,C. Govic,8033484489,+234,,6.4589452,3.2523298,A001 taraba plaza,,Lagos State,Aiyetoto-Asogun,102113,NG,NGR001,,,,
Faith store,SECONDARY,,,EMANL,Faith,8143580198,+234,,6.45988752904636,3.2527192918008248,KTF 29,,Lagos State,Aiyetoto-Asogun,102113,NG,NGR001,,,,
Kosec Stores,SECONDARY,,,EMANL,Kosec Stores,8034247192,+234,,6.4589617,3.2523773,Taraba plaza,,Lagos State,Aiyetoto-Asogun,102113,NG,NGR001,,,,
God's Time Stores,SECONDARY,,,EMANL,God's Tme,8062399963,+234,,6.529542,3.3539915,2 Ajibore street mushin market,Agege Motor Road,Lagos State,Ikeja,100271,NG,NGR001,,,,
Able God store,SECONDARY,,,EMANL,Nneka Judith,9050296438,+234,,6.4593925,3.2530177,BD/AT006,,Lagos State,Aiyetoto-Asogun,102113,NG,NGR001,,,,
Abiodun store,SECONDARY,,,EMANL,Mum dara,8028969539,+234,,6.5301508,3.3537845,2 Dadaiyalode,,Lagos State,Mushin,102215,NG,NGR001,,,,
Mummy meso store,SECONDARY,,,EMANL,Augustina,8133292975,+234,,6.459393,3.2530183,BDAT 007,,Lagos State,Aiyetoto-Asogun,102113,NG,NGR001,,,,
Glorious store,SECONDARY,,,EMANL,Odri evesi,8069531151,+234,,6.4592115,3.2524342,33bb taraba plaza,,Lagos State,Aiyetoto-Asogun,102113,NG,NGR001,,,,
Madam  Ng,SECONDARY,,,EMANL,Ngozi,8029216395,+234,,6.4594883,3.25249,KTG 01,,Lagos State,Aiyetoto-Asogun,102113,NG,NGR001,,,,
Anty Taiye,SECONDARY,,,EMANL,Taiye,8107271466,+234,,6.5302782,3.3532116,"2, Dadaiyalode",Agege Motor Road,Lagos State,Mushin,100231,NG,NGR001,,,,
Madam Amaka,SECONDARY,,,EMANL,Amaka,7035358747,+234,,6.4594894,3.2525479,KTR 01,,Lagos State,Aiyetoto-Asogun,102113,NG,NGR001,,,,
Mummy Chi Store,SECONDARY,,,EMANL,Mummy Chi,8060155849,+234,,6.4592547,3.2526546,KTF 31 KASTINA PLAZA,,Lagos State,Aiyetoto-Asogun,102113,NG,NGR001,,,,
Angelic,SECONDARY,,,EMANL,Angelic,8034669220,+234,,6.458412,3.2518889,Shop 11 Yobe plaza,,Lagos State,Aiyetoto-Asogun,102113,NG,NGR001,,,,
Mama chima,SECONDARY,,,EMANL,Martins,7062725434,+234,,6.5300497,3.3535598,"2, Dadaiyalode",,Lagos State,Mushin,102215,NG,NGR001,,,,
Blessed amaka store,SECONDARY,,,EMANL,Blessed,8130010071,+234,,6.5289172,3.3549888,34 ojuwoye,,Lagos State,Mushin,102215,NG,NGR001,,,,
Chinonbest,SECONDARY,,,EMANL,Mba,7030390009,+234,,6.459135204943234,3.252438390212776,KTF 36,,Lagos State,Aiyetoto-Asogun,102113,NG,NGR001,,,,
Honey pat,SECONDARY,,,EMANL,Mummy vera,8108977212,+234,,6.4593928,3.2530188,E015 Adamawa plaza,,Lagos State,Aiyetoto-Asogun,102113,NG,NGR001,,,,
Mercy of God store,SECONDARY,,,EMANL,Marcy,8066723981,+234,,6.459149,3.2523987,Attachment  0040  Unity plaza,,Lagos State,Aiyetoto-Asogun,102113,NG,NGR001,,,,
The power of 3,SECONDARY,,,EMANL,Ogochi,8060304221,+234,,6.5301383,3.353802,"2, Dadaiyalode",,Lagos State,Mushin,102215,NG,NGR001,,,,
Vivian Store,SECONDARY,,,EMANL,Vivian,7076549790,+234,,6.5307104,3.3532182,4 Ajibore street  mushin market,Agege Motor Road,Lagos State,Ikeja,100271,NG,NGR001,,,,
Omokanyisola Venture,SECONDARY,,,EMANL,Omokanyisola,9041447716,+234,,6.5303733,3.3538481,Ajibore street mushin market,,Lagos State,Mushin,102215,NG,NGR001,,,,
Divine Grace,SECONDARY,,,EMANL,Chidinma,8032211691,+234,,6.5283759,3.3538481,2 Ajibore street mushin,Agege Motor Road,Lagos State,Mushin,100231,NG,NGR001,,,,
Madam Serah,SECONDARY,,,EMANL,Madam Serah,7089496727,+234,,6.459314,3.2525272,A009 KASTINA PLAZA,,Lagos State,Aiyetoto-Asogun,102113,NG,NGR001,,,,
Iya ayomide store,SECONDARY,,,EMANL,Iya ayomide,8102679531,+234,,6.5288934,3.3549493,"Mushin, Lagos State, 102215, Nigeria",,Lagos State,Mushin,102215,NG,NGR001,,,,
Primelink venture,SECONDARY,,,EMANL,Emmanuel,8167651198,+234,,6.5299024,3.3547444,No6 dada Iyalode street,,Lagos State,Mushin,102215,NG,NGR001,,,,
Chizzy store,SECONDARY,,,EMANL,Chizzy,8037216222,+234,,6.5302416,3.3542814,"11, Dadaiyalode",,Lagos State,Mushin,102215,NG,NGR001,,,,
Adebayo store,SECONDARY,,,EMANL,Adebayo,8028556286,+234,,6.5288949,3.3549457,24 ojuwoye,,Lagos State,Mushin,102215,NG,NGR001,,,,
Percullar,SECONDARY,,,EMANL,Percullar,8033729997,+234,,6.458829,3.2522339,B032,,Lagos State,Aiyetoto-Asogun,102113,NG,NGR001,,,,
Alhaja,SECONDARY,,,EMANL,Madam Alhaja,8184604800,+234,,6.4596355,3.251958,KTG 02,,Lagos State,Aiyetoto-Asogun,102113,NG,NGR001,,,,
CZOK Global concept,SECONDARY,,,EMANL,Udo,8063010183,+234,,6.459117512388097,3.2524259543663345,AAT008,,Lagos State,Aiyetoto-Asogun,102113,NG,NGR001,,,,
Mummy munachi,SECONDARY,,,EMANL,Mummy munachi,7068960720,+234,,6.4584534,3.2518193,BBA 31 ondo plaza,,Lagos State,Aiyetoto-Asogun,102113,NG,NGR001,,,,
God time store,SECONDARY,,,EMANL,Ogochi okiki,7033710320,+234,,6.4591286,3.2523812,A009 taraba plaza,,Lagos State,Aiyetoto-Asogun,102113,NG,NGR001,,,,
City star,SECONDARY,,,EMANL,City star,7061006044,+234,,6.5301457,3.3542739,"11, Dadaiyalode",,Lagos State,Mushin,102215,NG,NGR001,,,,
Iya is mummy store,SECONDARY,,,EMANL,Bella,8135135859,+234,,6.5288531,3.3549054,5 ojuwoye,,Lagos State,Mushin,102215,NG,NGR001,,,,
IyaMubarak,SECONDARY,,,EMANL,Iya Mubarak,8063410861,+234,,6.5301577,3.3542491,"11, Dadaiyalode",,Lagos State,Mushin,102215,NG,NGR001,,,,
Mrs bello store,SECONDARY,,,EMANL,Mrs bello,8030568807,+234,,6.5289271,3.354871,"Ojuwoye Mushin, Lagos State, 102215, Nigeria",,Lagos State,Mushin,102215,NG,NGR001,,,,
Iya awa,SECONDARY,,,EMANL,Iya awa,8092537641,+234,,6.530158,3.3542604,"11, Dadaiyalode",,Lagos State,Mushin,102215,NG,NGR001,,,,
Hantimmad Global Ventures,SECONDARY,,,EMANL,Mummy Timi,8136618184,+234,,6.4587603,3.2517176,BBA/TA 074,,Lagos State,Aiyetoto-Asogun,102113,NG,NGR001,,,,
Iya amira,SECONDARY,,,EMANL,Iya amira,8023295144,+234,,6.5287904,3.3547518,"Ojuwoye Mushin, Lagos State, 102215, Nigeria",,Lagos State,Mushin,102215,NG,NGR001,,,,
Deejah Store,SECONDARY,,,EMANL,Deejah,7033898627,+234,,6.5283759,3.3538481,Olumorokun street mushin market,Agege Motor Road,Lagos State,Mushin,100231,NG,NGR001,,,,
Zahafal ventures,SECONDARY,,,EMANL,Iya aliya,8063480878,+234,,6.5299781,3.3546471,"6, Dadaiyalode",,Lagos State,Mushin,102215,NG,NGR001,,,,
Favour excellent,SECONDARY,,,EMANL,Favour excellent,8037940474,+234,,6.4596159,3.2550781,Shop 28 Ondo,,Lagos State,Aiyetoto-Asogun,102113,NG,NGR001,,,,
BukolaStore,SECONDARY,,,EMANL,Bukola,7086257170,+234,,6.5273983,3.354553,"No 209 Agege Motor Road, Tinubu, Ikeja, Mushin, Lagos State, 100271, Nigeria",Agege Motor Road,Lagos State,Ikeja,100271,NG,NGR001,,,,
Iya peiumi,SECONDARY,,,EMANL,Peilumi,8085996745,+234,,6.5286579,3.3548062,5 /7 ojuwoye,,Lagos State,Mushin,102215,NG,NGR001,,,,
Ugo best,SECONDARY,,,EMANL,Ugochukwu,8036088186,+234,,6.4592136,3.2523969,Wave Plaza,,Lagos State,Aiyetoto-Asogun,102113,NG,NGR001,,,,
Soyinmep venture's,SECONDARY,,,EMANL,Olu,8023073877,+234,,6.5299946,3.3549055,No9 dada Iyalode street,,Lagos State,Mushin,102215,NG,NGR001,,,,
Iya lolade,SECONDARY,,,EMANL,Iya lolade,8029103423,+234,,6.5299683,3.3546684,"8, Dadaiyalode",,Lagos State,Mushin,102215,NG,NGR001,,,,
Atimeco store,SECONDARY,,,EMANL,Ogadi,8034104063,+234,,6.4584627,3.2523026,04 wave plaza between Taraba and katsine,,Lagos State,Aiyetoto-Asogun,102113,NG,NGR001,,,,
Trust in god store,SECONDARY,,,EMANL,Kabirat,8028176257,+234,,6.5299621,3.354698,"8, Dadaiyalode",,Lagos State,Mushin,102215,NG,NGR001,,,,
Iya kabira store,SECONDARY,,,EMANL,Iya kabira,7059525622,+234,,6.5287025,3.3547928,7 ojuwoye,,Lagos State,Mushin,102215,NG,NGR001,,,,
Ammy store,SECONDARY,,,EMANL,Ammy store,8035737119,+234,,6.4581427,3.251597,Aj73 Jigsawa plaza,,Lagos State,Aiyetoto-Asogun,102113,NG,NGR001,,,,
Iya Emmanuel,SECONDARY,,,EMANL,Iya Emmanuel,7069700764,+234,,6.5299591,3.355007,"No12, dada Iyalode street",,Lagos State,Mushin,102215,NG,NGR001,,,,
rihannat oseni,SECONDARY,,,EMANL,Rihannat oseni,8128697472,+234,,6.5289669,3.3545834,"Mushin, Lagos State, 102215, Nigeria",,Lagos State,Mushin,102215,NG,NGR001,,,,
God's gifts store,SECONDARY,,,EMANL,Mariam,8147812226,+234,,6.5274179,3.3544175,"No 207 Agege Motor Road, Tinubu, Ikeja, Mushin, Lagos State, 100271, Nigeria",Agege Motor Road,Lagos State,Ikeja,100271,NG,NGR001,,,,
Abolore store,SECONDARY,,,EMANL,Abolore,9063245694,+234,,6.5299575,3.354748,"8, Dadaiyalode",,Lagos State,Mushin,102215,NG,NGR001,,,,
Chimzy ventures,SECONDARY,,,EMANL,Chioma,7034221672,+234,,6.4591912,3.2524583,Ad 01 Adamawa plaza,,Lagos State,Aiyetoto-Asogun,102113,NG,NGR001,,,,
Iya ramotu,SECONDARY,,,EMANL,Iya ramotu,8108369922,+234,,6.528581,3.3543964,"Ojuwoye Mushin, Lagos State, 102215, Nigeria",,Lagos State,Mushin,102215,NG,NGR001,,,,
De chi ventures,SECONDARY,,,EMANL,De chi,8060068390,+234,,6.4580955,3.2515768,Shop Aj75 Jigawa,,Lagos State,Aiyetoto-Asogun,102113,NG,NGR001,,,,
Alhaja usman,SECONDARY,,,EMANL,Iya usman,8123872055,+234,,6.5299892,3.3549229,"12, Dadaiyalode",,Lagos State,Mushin,102215,NG,NGR001,,,,
Mrs Funmilayo store,SECONDARY,,,EMANL,Funmilayo Elizabeth,8035260735,+234,,6.5273717,3.3543767,"Agege Motor Road, Tinubu, Mushin, Lagos State, 100231, Nigeria",Agege Motor Road,Lagos State,Mushin,100231,NG,NGR001,,,,
Adaeze provision store,SECONDARY,,,EMANL,Chinedu,8067988899,+234,,6.5299037,3.3551083,No 12 dada Iyalode street Mushin.,,Lagos State,Mushin,102215,NG,NGR001,,,,
Stephen store,SECONDARY,,,EMANL,Stephen store,8169275938,+234,,6.4580658,3.2515213,JA 78 jigawa,,Lagos State,Aiyetoto-Asogun,102113,NG,NGR001,,,,
G.O,SECONDARY,,,EMANL,Mr Felix,8034862045,+234,,6.459216,3.2524275,A 014,,Lagos State,Aiyetoto-Asogun,102113,NG,NGR001,,,,
Izuchy ventures,SECONDARY,,,EMANL,Okeke Charity,8037335384,+234,,6.4590972,3.2524432,Adamawa plaza Ad 02,,Lagos State,Aiyetoto-Asogun,102113,NG,NGR001,,,,
Iya Asisa store,SECONDARY,,,EMANL,Asisa,8023983470,+234,,6.5284529,3.3543498,1 ojuwoye,,Lagos State,Mushin,102215,NG,NGR001,,,,
Stockrite,SECONDARY,,,EMANL,Stockrite,7061584142,+234,,6.5310349,3.3544779,6 postoffice street mushin market,,Lagos State,Mushin,102215,NG,NGR001,,,,
Mummy Dorcas Store,SECONDARY,,,EMANL,Mummy Dorcas,8062714892,+234,,6.5303733,3.3538481,5 Olumorokun Street mushin market,,Lagos State,Mushin,102215,NG,NGR001,,,,
Marvelous Store,SECONDARY,,,EMANL,Marvelous,8051248482,+234,,6.5298926,3.3544358,Olumorokun street mushin market,,Lagos State,Mushin,102215,NG,NGR001,,,,
Medi store,SECONDARY,,,EMANL,Medi,9020670007,+234,,6.5265333,3.3558717,"No 185 Agege Motor Road, Tinubu, Mushin, Lagos State, 100231, Nigeria",Agege Motor Road,Lagos State,Mushin,100231,NG,NGR001,,,,
Iya sobur store,SECONDARY,,,EMANL,Fatima,8035630176,+234,,6.529984,3.354872,"12, Dadaiyalode",,Lagos State,Mushin,102215,NG,NGR001,,,,
Unity store,SECONDARY,,,EMANL,Unity,8096516454,+234,,6.5283759,3.3538481,2 ojuwoye,Agege Motor Road,Lagos State,Mushin,100231,NG,NGR001,,,,
Mum blessing,SECONDARY,,,EMANL,Mum blessing,9131329994,+234,,6.5280662,3.354091,"Ojuwoye ushin, Lagos State, 100271, Nigeria",Agege Motor Road,Lagos State,Ikeja,100271,NG,NGR001,,,,
Iya ganiyat store,SECONDARY,,,EMANL,Iya ganiyat,8080807229,+234,,6.5299788,3.3549281,"12, Dadaiyalode",,Lagos State,Mushin,102215,NG,NGR001,,,,
Solution and answers,SECONDARY,,,EMANL,Madam Uche,8036662115,+234,,6.4590096,3.2528312,F 009,,Lagos State,Aiyetoto-Asogun,102113,NG,NGR001,,,,
Jenny Bright store,SECONDARY,,,EMANL,Chibuike,7049317386,+234,,6.4590238,3.2529,F12 adamawa plaza,,Lagos State,Aiyetoto-Asogun,102113,NG,NGR001,,,,
Mama G,SECONDARY,,,EMANL,Mama G,8023707739,+234,,6.4581392,3.2515189,ATT07 08 ondo plaza,,Lagos State,Aiyetoto-Asogun,102113,NG,NGR001,,,,
Adunni store,SECONDARY,,,EMANL,Adunni,8179388726,+234,,6.5265173,3.3586658,"No 136, Agege Motor Road, Tinubu, Mushin, Lagos State, 100231, Nigeria",Market,Lagos State,Mushin,100231,NG,NGR001,,,,
Junmy store,SECONDARY,,,EMANL,Emeka,8103048507,+234,,6.530032,3.3551078,No 16 dada Iyalode street Mushin.,,Lagos State,Mushin,102215,NG,NGR001,,,,
Modinat store,SECONDARY,,,EMANL,Modinat store,9050448291,+234,,6.528198,3.3538126,"Ojuwoye, Mushin, Lagos State, 102215, Nigeria",Isolo Road,Lagos State,Mushin,102215,NG,NGR001,,,,
Olaoluwa Temidayo,SECONDARY,,,EMANL,Olaolu,8123425367,+234,,6.5302903,3.3543078,"Mushin, Lagos State, 102215, Nigeria",,Lagos State,Mushin,102215,NG,NGR001,,,,
Iyalomowun,SECONDARY,,,EMANL,Iyalomowun,7010339395,+234,,6.5290375,3.3544779,4 Olumorokun street mushin market,,Lagos State,Mushin,102215,NG,NGR001,,,,
Madam ife store,SECONDARY,,,EMANL,Ife,9163851012,+234,,6.4590175,3.2528979,Ef/AT 20 adamawa plaza,,Lagos State,Aiyetoto-Asogun,102113,NG,NGR001,,,,
Asan store,SECONDARY,,,EMANL,Asan,8037330413,+234,,6.5261338,3.358858,"Agege Motor Road, Tinubu, Mushin, Lagos State, 100231, Nigeria",Agege Motor Road,Lagos State,Mushin,100231,NG,NGR001,,,,
Iya fathia,SECONDARY,,,EMANL,Fathia,8035208654,+234,,6.5288621,3.3554327,"Ojuwoye Mushin, Lagos State, 102215, Nigeria",,Lagos State,Mushin,102215,NG,NGR001,,,,
Lady P,SECONDARY,,,EMANL,Amara,7032522596,+234,,6.4590257,3.2529068,F 014,,Lagos State,Aiyetoto-Asogun,102113,NG,NGR001,,,,
Chelaz store,SECONDARY,,,EMANL,Chlaz,8066005016,+234,,6.529362,3.3557376,Ojuwoye,,Lagos State,Mushin,102215,NG,NGR001,,,,
Iya hameed trading store,SECONDARY,,,EMANL,Iya hameed,8133252186,+234,,6.5292575,3.3556256,"Ojuwoye Mushin, Lagos State, 102215, Nigeria",,Lagos State,Mushin,102215,NG,NGR001,,,,
Uju store,SECONDARY,,,EMANL,Uju store,7036878394,+234,,6.4581267,3.2516047,Ondo plaza,,Lagos State,Aiyetoto-Asogun,102113,NG,NGR001,,,,
Mama uchi store,SECONDARY,,,EMANL,Uchi,7066121602,+234,,6.4591596,3.2525482,Ef/at 008 adamawa plaza,,Lagos State,Aiyetoto-Asogun,102113,NG,NGR001,,,,
Dolakpo store,SECONDARY,,,EMANL,Dolakpo,9168725265,+234,,6.5270383,3.35576,"No 160 Agege Motor Road, Tinubu, Ikeja, Mushin, Lagos State, 100271, Nigeria",Agege Motor Road,Lagos State,Ikeja,100271,NG,NGR001,,,,
Ariyo store,SECONDARY,,,EMANL,Ariyo,9167798857,+234,,6.5286942,3.3560526,Ojuwoye,,Lagos State,Mushin,102215,NG,NGR001,,,,
Donal Best,SECONDARY,,,EMANL,Donal,8033970140,+234,,6.4589883,3.2524533,AE089 Edo plaza,,Lagos State,Aiyetoto-Asogun,102113,NG,NGR001,,,,
Iya Abiodun Store,SECONDARY,,,EMANL,Iya Abiodun,8100012793,+234,,6.5296133,3.35449,Ajibore street mushin market,,Lagos State,Mushin,102215,NG,NGR001,,,,
Madam Gift,SECONDARY,,,EMANL,Madam Gift,8033628677,+234,,6.4591897,3.2532046,EF/AT 005 Adamawa,,Lagos State,Aiyetoto-Asogun,102113,NG,NGR001,,,,
Cynth Chris ventures,SECONDARY,,,EMANL,Cynthia chris,8134980951,+234,,6.4589448,3.2530961,E005 adamawa plaza,,Lagos State,Aiyetoto-Asogun,102113,NG,NGR001,,,,
Chuks Remi store,SECONDARY,,,EMANL,Chukwuka,8032959694,+234,,6.5271642,3.3546604,"No 170 Agege Motor Road, Tinubu, Ikeja, Mushin, Lagos State, 100271, Nigeria",Agege Motor Road,Lagos State,Ikeja,100271,NG,NGR001,,,,
Mum mmsoma store,SECONDARY,,,EMANL,Mum mmsoma,8062338941,+234,,6.529359,3.3558083,"Ojuwoye Mushin, Lagos State, 102215, Nigeria",,Lagos State,Mushin,102215,NG,NGR001,,,,
Olaitan baby Store,SECONDARY,,,EMANL,Olaitan,8172958495,+234,,6.527359,3.3598908,Ojuwoye,,Lagos State,Mushin,102215,NG,NGR001,,,,
Glorious store,SECONDARY,,,EMANL,Tochukwu,8180064046,+234,,6.4591596,3.2525482,E11 Adamawa plaza,,Lagos State,Aiyetoto-Asogun,102113,NG,NGR001,,,,
Mark B store,SECONDARY,,,EMANL,Mark B,7036242880,+234,,6.5256353,3.3544234,"No 172 Agege motor road Mushin, Lagos State, 102215, Nigeria",,Lagos State,Mushin,102215,NG,NGR001,,,,
Oluwaseun ventures,SECONDARY,,,EMANL,Oluwaseun,8029553110,+234,,6.5299991,3.3548983,"10, Dadaiyalode",,Lagos State,Mushin,102215,NG,NGR001,,,,
Denny's store,SECONDARY,,,EMANL,Joy,8023351430,+234,,6.5299675,3.35462,Ojuwoye,,Lagos State,Mushin,102215,NG,NGR001,,,,
Warehouse Direct limited,SECONDARY,,,EMANL,Madam,9034519984,+234,,6.5307647,3.3541509,3 postoffice road mushin market,,Lagos State,Mushin,102215,NG,NGR001,,,,
Choicy Store,SECONDARY,,,EMANL,Sales person,8153426441,+234,,6.5308262,3.3542024,Postoffice street mushin market,,Lagos State,Mushin,102215,NG,NGR001,,,,
Kenny,SECONDARY,,,EMANL,Iya ibeji,9071801803,+234,,6.530004,3.3549144,"10, Dadaiyalode",,Lagos State,Mushin,102215,NG,NGR001,,,,
Salam Ventures,SECONDARY,,,EMANL,Iya Salam,8024043056,+234,,6.5277431,3.3541691,"No 172 Agege Motor Road, Tinubu, Ikeja, Mushin, Lagos State, 100271, Nigeria",Agege Motor Road,Lagos State,Ikeja,100271,NG,NGR001,,,,
Iya pelumi store,SECONDARY,,,EMANL,Iya pelumi,8121826103,+234,,6.5299962,3.3548917,"10, Dadaiyalode",,Lagos State,Mushin,102215,NG,NGR001,,,,
Fortunate,SECONDARY,,,EMANL,Fortunate,8035335909,+234,,6.458829,3.2522339,A25,,Lagos State,Aiyetoto-Asogun,102113,NG,NGR001,,,,
Sarafic store,SECONDARY,,,EMANL,Sarafic store,7069188564,+234,,6.45798,3.251436,Shop 5 nansarawa plaza,,Lagos State,Aiyetoto-Asogun,102113,NG,NGR001,,,,
God time store,SECONDARY,,,EMANL,Ogichuku,8062947050,+234,,6.4592237,3.2525786,At/atc 015 adamawa plaza,,Lagos State,Aiyetoto-Asogun,102113,NG,NGR001,,,,
OSI Venture,SECONDARY,,,EMANL,Stanley Husband,8033223164,+234,,6.459392,3.2530147,E008 Adamawa Plaza,,Lagos State,Aiyetoto-Asogun,102113,NG,NGR001,,,,
Madam Nkiru store,SECONDARY,,,EMANL,Nkiru,8067328375,+234,,6.4592457,3.2532164,EO10 Adamawa,,Lagos State,Aiyetoto-Asogun,102113,NG,NGR001,,,,
Zito store,SECONDARY,,,EMANL,Zito,8131190164,+234,,6.5299324,3.3549239,"12, Dadaiyalode",,Lagos State,Mushin,102215,NG,NGR001,,,,
Cynthia,SECONDARY,,,EMANL,Cynthia,7078066867,+234,,6.4593966,3.2530158,B 027,,Lagos State,Aiyetoto-Asogun,102113,NG,NGR001,,,,
Ezeke store,SECONDARY,,,EMANL,Ezeke,8024242009,+234,,6.4590075,3.2524236,B001,,Lagos State,Aiyetoto-Asogun,102113,NG,NGR001,,,,
Amidi store,SECONDARY,,,EMANL,Amidi,8062972930,+234,,6.4578971,3.2512695,A003 nansarawa plaza,,Lagos State,Aiyetoto-Asogun,102113,NG,NGR001,,,,
Adeeze ventures,SECONDARY,,,EMANL,Adeeze,9060846929,+234,,6.5299367,3.3551109,"12, Dadaiyalode",,Lagos State,Mushin,102215,NG,NGR001,,,,
F.M Adebayo,SECONDARY,,,EMANL,F.M,8023442705,+234,,6.5301696,3.3565518,Mumuni street mushin market,,Lagos State,Mushin,102215,NG,NGR001,,,,
Iya Ada,SECONDARY,,,EMANL,Iya Ada,7065422783,+234,,6.5299905,3.3544749,"6 Dada iyalode street Mushin, Lagos State, 102215, Nigeria",,Lagos State,Mushin,102215,NG,NGR001,,,,
Oge store,SECONDARY,,,EMANL,Oge,8062457367,+234,,6.4577704,3.2509058,US 001 Nansarawa plaza,,Lagos State,Aiyetoto-Asogun,102113,NG,NGR001,,,,
Madam chosen,SECONDARY,,,EMANL,Madam chosen,8083956034,+234,,6.5298554,3.3551813,"14, Dadaiyalode",,Lagos State,Mushin,102215,NG,NGR001,,,,
Atoyebi store,SECONDARY,,,EMANL,Atoyebi,8155895816,+234,,6.5277471,3.3525046,"No 11 Isolo Road, Mushin, Lagos State, 102215, Nigeria",Isolo Road,Lagos State,Mushin,102215,NG,NGR001,,,,
A.o store,SECONDARY,,,EMANL,A.O,7036702119,+234,,6.5298552,3.3551823,"12, Dadaiyalode",,Lagos State,Mushin,102215,NG,NGR001,,,,
Ogechukwu j.b global ventures,SECONDARY,,,EMANL,Ogechukwu,7030880421,+234,,6.531015,3.3568801,27 Williams ladega mushin market,,Lagos State,Mushin,102215,NG,NGR001,,,,
Feytops farm allied,SECONDARY,,,EMANL,Ayomide,9162628634,+234,,6.5310862,3.3569075,Abiodun street mushin market,,Lagos State,Mushin,102215,NG,NGR001,,,,
Awesome God,SECONDARY,,,EMANL,Awesome,8034478839,+234,,6.4601553,3.2528625,GBM05,,Lagos State,Aiyetoto-Asogun,102113,NG,NGR001,,,,
Abaranje Store,SECONDARY,,,EMANL,Abiodun,7081543260,+234,,6.5293568,3.3569793,Abiodun street mushin market,,Lagos State,Mushin,102215,NG,NGR001,,,,
Ceebliss accessories,SECONDARY,,,EMANL,Fransica,8060807656,+234,,6.457842539641777,3.2492077312175587,A032 Ebonyi plaza,,Lagos State,Aiyetoto-Asogun,102113,NG,NGR001,,,,
Victory Store,SECONDARY,,,EMANL,Victory,9168283114,+234,,6.5268775,3.3549395,"178 Agege Motor Road, Tinubu, Mushin, Lagos State, 100231, Nigeria",Agege Motor Road,Lagos State,Mushin,100231,NG,NGR001,,,,
Abu 121 store,SECONDARY,,,EMANL,Madam Nneka,8148070944,+234,,6.4594695,3.2530156,B 030,,Lagos State,Aiyetoto-Asogun,102113,NG,NGR001,,,,
Igwe wife,SECONDARY,,,EMANL,Gladis Ezenyi,8167661442,+234,,6.457865227443311,3.2491558255548973,A032 Ebonyi plaza,,Lagos State,Aiyetoto-Asogun,102113,NG,NGR001,,,,
Oly 4 God,SECONDARY,,,EMANL,OLY,8165600883,+234,,6.4592999,3.2528014,B 31 Adamawa,,Lagos State,Aiyetoto-Asogun,102113,NG,NGR001,,,,
Toks ventures,SECONDARY,,,EMANL,Toks,8020838223,+234,,6.4601553,3.2528625,A001 Adamawa plaza,,Lagos State,Aiyetoto-Asogun,102113,NG,NGR001,,,,
Mama seki,SECONDARY,,,EMANL,Mama seki,8032067220,+234,,6.5299586,3.3547198,"Mushin, Lagos State, 102215, Nigeria",,Lagos State,Mushin,102215,NG,NGR001,,,,
Chibuike Ventures,SECONDARY,,,EMANL,Mama ajima,8065016853,+234,,6.4592917,3.2527878,E 013 Adamawa Plaza,,Lagos State,Aiyetoto-Asogun,102113,NG,NGR001,,,,
Oyiko Store,SECONDARY,,,EMANL,Oyiko,7082564689,+234,,6.527825,3.3541967,"176 Agege Motor Road, Tinubu, Ikeja, Mushin, Lagos State, 100271, Nigeria",Agege Motor Road,Lagos State,Ikeja,100271,NG,NGR001,,,,
NkiruStore,SECONDARY,,,EMANL,Nkiru,8033761954,+234,,6.4576779,3.2507364,G45 Ekiti plaza,,Lagos State,Aiyetoto-Asogun,102113,NG,NGR001,,,,
Johen ventures,SECONDARY,,,EMANL,Johen,8033533656,+234,,6.4590128,3.2528722,F020,,Lagos State,Aiyetoto-Asogun,102113,NG,NGR001,,,,
Angel store,SECONDARY,,,EMANL,Angel,7044224485,+234,,6.4589306,3.2523285,F029 Adamawa plaza,,Lagos State,Aiyetoto-Asogun,102113,NG,NGR001,,,,
Chi store,SECONDARY,,,EMANL,Vivian,8065090103,+234,,6.4591449,3.252958,Aud 06 adamawa plaza,,Lagos State,Aiyetoto-Asogun,102113,NG,NGR001,,,,
Nekky store,SECONDARY,,,EMANL,Nneka,7067646582,+234,,6.4593398,3.2530079,E20 Adamawa plaza,,Lagos State,Aiyetoto-Asogun,102113,NG,NGR001,,,,
Ndidi Amaka,SECONDARY,,,EMANL,Ndidi,8037192859,+234,,6.459947,3.2529898,AC005 ATC,,Lagos State,Aiyetoto-Asogun,102113,NG,NGR001,,,,
Alhaja moshood,SECONDARY,,,EMANL,Moshood,8023569506,+234,,6.5297053,3.3545021,"9, Dadaiyalode",,Lagos State,Mushin,102215,NG,NGR001,,,,
Johen,SECONDARY,,,EMANL,Madam Ebere,8080175302,+234,,6.4593906,3.2530166,B 028 Adamawa,,Lagos State,Aiyetoto-Asogun,102113,NG,NGR001,,,,
Quale premium,SECONDARY,,,EMANL,Salam,7030200664,+234,,6.530035,3.3544331,"No,7 dada Iyalodestreet",,Lagos State,Mushin,102215,NG,NGR001,,,,
Iya bo store,SECONDARY,,,EMANL,Mrs Iyabo,9046554154,+234,,6.5278131,3.3540742,"184 Agege Motor Road, Tinubu, Mushin, Lagos State, 100231, Nigeria",Agege Motor Road,Lagos State,Mushin,100231,NG,NGR001,,,,
ChiEmeka Enterprise,SECONDARY,,,EMANL,Chi Emeka,7041290999,+234,,6.4599526,3.2529938,GBM012,,Lagos State,Aiyetoto-Asogun,102113,NG,NGR001,,,,
Aby Cynthia,SECONDARY,,,EMANL,Aby Cynthia,7032023833,+234,,6.4576783,3.2506669,A06 benue plaza,,Lagos State,Aiyetoto-Asogun,102113,NG,NGR001,,,,
Iya Ada,SECONDARY,,,EMANL,Ada,7035869853,+234,,6.5299579,3.3547203,Ojuwoye,,Lagos State,Mushin,102215,NG,NGR001,,,,
Iya oyin,SECONDARY,,,EMANL,Iya oyin,7039971158,+234,,6.5299964,3.3549131,"12b, Dadaiyalode",,Lagos State,Mushin,102215,NG,NGR001,,,,
Kehim store,SECONDARY,,,EMANL,Kehim,8053877477,+234,,6.5278133,3.3540764,"184 Agege Motor Road, Tinubu, Mushin, Lagos State, 100231, Nigeria",Agege Motor Road,Lagos State,Mushin,100231,NG,NGR001,,,,
Habeeb,SECONDARY,,,EMANL,Habeeb,9017073686,+234,,6.5299705,3.3549407,"18, Dadaiyalode",,Lagos State,Mushin,102215,NG,NGR001,,,,
Sister,SECONDARY,,,EMANL,Sister,8060460559,+234,,6.4576736,3.2505042,A009 kebbi 1,,Lagos State,Aiyetoto-Asogun,102113,NG,NGR001,,,,
Iya Usman store,SECONDARY,,,EMANL,Iya Usman,8023695213,+234,,6.5298544,3.3549863,"Dadaiyalode Mushin, Lagos State, 102215, Nigeria",,Lagos State,Mushin,102215,NG,NGR001,,,,
Iya ouinda,SECONDARY,,,EMANL,Mariam,8023284658,+234,,6.5299955,3.354928,Dadaiyalode,,Lagos State,Mushin,102215,NG,NGR001,,,,
Chiomzy venture,SECONDARY,,,EMANL,Chiomzy,8139526730,+234,,6.457652,3.2501823,Vision plaza,,Lagos State,Aiyetoto-Asogun,102113,NG,NGR001,,,,
Anty seun,SECONDARY,,,EMANL,Anty seun,8024554598,+234,,6.5298856,3.355272,"12, Dadaiyalode",,Lagos State,Mushin,102215,NG,NGR001,,,,
Angel santus,SECONDARY,,,EMANL,Angel santus,8035037145,+234,,6.4573091,3.250188,D003 kebbi 1,,Lagos State,Aiyetoto-Asogun,102113,NG,NGR001,,,,
Iya Abor store,SECONDARY,,,EMANL,Abor,9032995711,+234,,6.5307103,3.3536138,"Agege road Mushin, Lagos State, 102215, Nigeria",,Lagos State,Mushin,102215,NG,NGR001,,,,
Ojuoluwa store,SECONDARY,,,EMANL,Ojuoluwa,8053675336,+234,,6.5303628,3.3554227,18 ojuwoye,,Lagos State,Mushin,102215,NG,NGR001,,,,
Famous store,SECONDARY,,,EMANL,Priscilla,8069051228,+234,,6.5303733,3.3538481,"No 2, dada Iyalode Street Mushin",,Lagos State,Mushin,102215,NG,NGR001,,,,
Emabol venture's,SECONDARY,,,EMANL,Emabo,8165321897,+234,,6.5298603,3.355664,"18, dadaiyalode",,Lagos State,Mushin,102215,NG,NGR001,,,,
Ola fathia store,SECONDARY,,,EMANL,Ola fathia,8039851290,+234,,6.5299416,3.3553577,"Dadaiyalode Mushin, Lagos State, 102215, Nigeria",,Lagos State,Mushin,102215,NG,NGR001,,,,
Funmi store,SECONDARY,,,EMANL,Funmi,8028734491,+234,,6.5299539,3.3557608,Mumuni,,Lagos State,Mushin,102215,NG,NGR001,,,,
Doris gold store,SECONDARY,,,EMANL,Doris,8107808565,+234,,6.4590309,3.2524275,Baba ta 30 Taraba plaza,,Lagos State,Aiyetoto-Asogun,102113,NG,NGR001,,,,
Chibike store,SECONDARY,,,EMANL,Chibike,8159599133,+234,,6.5295695,3.3562334,"Mushin, Lagos State, 102215, Nigeria",,Lagos State,Mushin,102215,NG,NGR001,,,,
Favor global,SECONDARY,,,EMANL,Favor,8038335243,+234,,6.4577628,3.2508292,NA 51 attachment nansarawa,,Lagos State,Aiyetoto-Asogun,102113,NG,NGR001,,,,
Silver store's,SECONDARY,,,EMANL,Eunice,8025292940,+234,,6.5299277,3.3557062,Ojuwoye,,Lagos State,Mushin,102215,NG,NGR001,,,,
Junior tore,SECONDARY,,,EMANL,Junior,8053038182,+234,,6.5296593,3.3558147,"Dadaiyalode Mushin, Lagos State, 102215, Nigeria",,Lagos State,Mushin,102215,NG,NGR001,,,,
Emma store,SECONDARY,,,EMANL,Emma,8141343857,+234,,6.529906,3.3556597,Ojuwoye,,Lagos State,Mushin,102215,NG,NGR001,,,,
Kids store,SECONDARY,,,EMANL,Sonia,9032602548,+234,,6.5296949,3.3557376,Ojuwoye,,Lagos State,Mushin,102215,NG,NGR001,,,,
Blessing store,SECONDARY,,,EMANL,Blessing,8024153334,+234,,6.5296119,3.3558868,"Ojuwoye Mushin, Lagos State, 102215, Nigeria",,Lagos State,Mushin,102215,NG,NGR001,,,,
Iya store,SECONDARY,,,EMANL,Yekinat,7180348375,+234,,6.5298726,3.3553462,Ojuwoye,,Lagos State,Mushin,102215,NG,NGR001,,,,
Favour Store,SECONDARY,,,EMANL,Favour,9013355414,+234,,6.530529,3.3542401,Ojuwoye,,Lagos State,Mushin,102215,NG,NGR001,,,,
Iya bayo store,SECONDARY,,,EMANL,Iya bayo,8068497721,+234,,6.5297038,3.3558035,"Ojuwoye Mushin, Lagos State, 102215, Nigeria",,Lagos State,Mushin,102215,NG,NGR001,,,,
Iya bayo,SECONDARY,,,EMANL,Bayo,9105617652,+234,,6.5304301,3.3541826,Ojuwoye,,Lagos State,Mushin,102215,NG,NGR001,,,,
Iya David store,SECONDARY,,,EMANL,Iya David,8123133752,+234,,6.5304781,3.3541827,"Ojuwoye Mushin, Lagos State, 102215, Nigeria",,Lagos State,Mushin,102215,NG,NGR001,,,,
Okolo,SECONDARY,,,EMANL,Alia,9024518104,+234,,6.5303559,3.3542696,Ojuwoye,,Lagos State,Mushin,102215,NG,NGR001,,,,
Olayemicisse store,SECONDARY,,,EMANL,Olayemicisse,8086186701,+234,,6.5302749,3.3542779,Olumoruko,,Lagos State,Mushin,102215,NG,NGR001,,,,
Iyawo Igbo store,SECONDARY,,,EMANL,Iyawo Igbo,8082737070,+234,,6.5304938,3.3541547,"Olumorokun Mushin, Lagos State, 102215, Nigeria",,Lagos State,Mushin,102215,NG,NGR001,,,,
Fatima store,SECONDARY,,,EMANL,Fatima,8023198621,+234,,6.5303339,3.3542317,Olumoruko,,Lagos State,Mushin,102215,NG,NGR001,,,,
Tayo store,SECONDARY,,,EMANL,Tay,8024333193,+234,,6.5303412,3.3540612,"Olumorokun Mushin, Lagos State, 102215, Nigeria",,Lagos State,Mushin,102215,NG,NGR001,,,,
Rawpheeyheart store,SECONDARY,,,EMANL,Rawpheeyheart,7077534200,+234,,6.5303732,3.3541942,Ojuwoye,,Lagos State,Mushin,102215,NG,NGR001,,,,
Iya ibo store,SECONDARY,,,EMANL,Okolo,8085944966,+234,,6.5300099,3.3543188,No 9 olumorokun street Mushin,,Lagos State,Mushin,102215,NG,NGR001,,,,
Omoniyi store,SECONDARY,,,EMANL,Omoniyi,9076783356,+234,,6.5303713,3.3542083,Ojuwoye,,Lagos State,Mushin,102215,NG,NGR001,,,,
Funmistore,SECONDARY,,,EMANL,Alima,8150485582,+234,,6.5308306,3.3542518,Olumorokun Mushin,,Lagos State,Mushin,102215,NG,NGR001,,,,
Kafayat store,SECONDARY,,,EMANL,Kafayat,8165450210,+234,,6.5307509,3.3541534,"Olumorokun Mushin, Lagos State, 102215, Nigeria",,Lagos State,Mushin,102215,NG,NGR001,,,,
Bisola  store,SECONDARY,,,EMANL,Bisola,7033918579,+234,,6.530774,3.3540703,Olumoruko,,Lagos State,Mushin,102215,NG,NGR001,,,,
Iya ibeji store,SECONDARY,,,EMANL,Iya ibeji,9019408122,+234,,6.5304474,3.3544293,Olumorokun street Mushin,,Lagos State,Mushin,102215,NG,NGR001,,,,
Tawa store,SECONDARY,,,EMANL,Tawa,8029063057,+234,,6.5307336,3.3540734,"Olumorokun Mushin, Lagos State, 102215, Nigeria",,Lagos State,Mushin,102215,NG,NGR001,,,,
Mummy Daniels stores,SECONDARY,,,EMANL,Natasha,8137618800,+234,,6.457833499439051,3.249207063635996,A32 Ebonyi plaza,,Lagos State,Aiyetoto-Asogun,102113,NG,NGR001,,,,
Chiamaka store,SECONDARY,,,EMANL,Chiamaka,7038850699,+234,,6.4585682,3.2503117,E80 Ekiti plaza,,Lagos State,Aiyetoto-Asogun,102113,NG,NGR001,,,,
Sopulu store,SECONDARY,,,EMANL,Sopulu,8061292385,+234,,6.4590382,3.2524214,A008 block ATaraba plaza,,Lagos State,Aiyetoto-Asogun,102113,NG,NGR001,,,,
Okwievergreenventures,SECONDARY,,,EMANL,Okwi,8065043618,+234,,6.4578788,3.249073,Ebonyi plaza,,Lagos State,Aiyetoto-Asogun,102113,NG,NGR001,,,,
LILLY KING VENTURE,SECONDARY,,,EMANL,Lilly King,8033179470,+234,,6.4577834,3.2491762,AKAN 11 KANO PLAZA,,Lagos State,Aiyetoto-Asogun,102113,NG,NGR001,,,,
Madam Evidence,SECONDARY,,,EMANL,Evidence,8035394251,+234,,6.4614344,3.2512772,AKN009,,Lagos State,Aiyetoto-Asogun,102113,NG,NGR001,,,,
Jenny store,SECONDARY,,,EMANL,Jenny store,9028694781,+234,,6.4578778,3.2491422,Eboyi plaza,,Lagos State,Aiyetoto-Asogun,102113,NG,NGR001,,,,
God favour ventures,SECONDARY,,,EMANL,Favour,9069060443,+234,,6.4581659,3.2519197,D001 Nasarawa plaza,,Lagos State,Aiyetoto-Asogun,102113,NG,NGR001,,,,
Stephanie enterprises,SECONDARY,,,EMANL,Stephanie enterprises,8029089388,+234,,6.4578851,3.2490645,Edo plaza,,Lagos State,Aiyetoto-Asogun,102113,NG,NGR001,,,,
My baby shop,SECONDARY,,,EMANL,Ifeoma,8035819171,+234,,6.4578708,3.2502881,A 111Venue plaza,,Lagos State,Aiyetoto-Asogun,102113,NG,NGR001,,,,
Mummy Michael,SECONDARY,,,EMANL,Susan Oligbo,7030092863,+234,,6.4578754120129345,3.2502344878958924,A17Benue plaza,,Lagos State,Aiyetoto-Asogun,102113,NG,NGR001,,,,
Morning star,SECONDARY,,,EMANL,Esther,7041519179,+234,,6.457773481307245,3.24939783638382,007 Kano plaza,,Lagos State,Aiyetoto-Asogun,102113,NG,NGR001,,,,
God's is my strength,SECONDARY,,,EMANL,Chioma,8069638222,+234,,6.4584836,3.2503211,F17 Benue plaze,,Lagos State,Aiyetoto-Asogun,102113,NG,NGR001,,,,
Dozie beverages,SECONDARY,,,EMANL,Dozie beverages,8030772579,+234,,6.4578851,3.2490645,Sokoto,,Lagos State,Aiyetoto-Asogun,102113,NG,NGR001,,,,
Mama Ejima Venture,SECONDARY,,,EMANL,Mama Ejima,8168036353,+234,,6.4580028,3.2502957,A120,,Lagos State,Aiyetoto-Asogun,102113,NG,NGR001,,,,
Divine store,SECONDARY,,,EMANL,Elizabeth,9066490400,+234,,6.4584123,3.2507803,CR 075 ATT,,Lagos State,Aiyetoto-Asogun,102113,NG,NGR001,,,,
Eunice Divine Ventures,SECONDARY,,,EMANL,Divine,8138842672,+234,,6.458334872860078,3.2503583712761257,ATT E05 Benue plaza,,Lagos State,Aiyetoto-Asogun,102113,NG,NGR001,,,,
Nnena stores,SECONDARY,,,EMANL,Joy Eze,8055660125,+234,,6.457907251904104,3.250223604755483,A118 Benue plaza,,Lagos State,Aiyetoto-Asogun,102113,NG,NGR001,,,,
Gracious store,SECONDARY,,,EMANL,Gracious,7086771436,+234,,6.4580397,3.2502347,A 121Venue Plaza,,Lagos State,Aiyetoto-Asogun,102113,NG,NGR001,,,,
JP Mama Tripplet Benue Plaza,SECONDARY,,,EMANL,Mama Tripplet,8036518638,+234,,6.4586368,3.2503359,BA BO7,,Lagos State,Aiyetoto-Asogun,102113,NG,NGR001,,,,
Ifesinachi stores,SECONDARY,,,EMANL,Ifeyinwa,9159930481,+234,,6.458575526390683,3.2499453825124065,ATT 054 crossriver plaza,,Lagos State,Aiyetoto-Asogun,102113,NG,NGR001,,,,
Patience stores,SECONDARY,,,EMANL,Patience,7088944864,+234,,6.458594842109186,3.2495981723129614,ATT 052,,Lagos State,Aiyetoto-Asogun,102113,NG,NGR001,,,,
Haireach,SECONDARY,,,EMANL,Amaka c,8062501725,+234,,6.458555,3.2504483,A011 Delta plaza,,Lagos State,Aiyetoto-Asogun,102113,NG,NGR001,,,,
Stella Bright,SECONDARY,,,EMANL,Stella,8037804074,+234,,6.459454,3.2518015,AA/09 Delta,,Lagos State,Aiyetoto-Asogun,102113,NG,NGR001,,,,
Redail global ent,SECONDARY,,,EMANL,Redail,7038173098,+234,,6.4578766,3.2502813,D 05 Kastina plaza,,Lagos State,Aiyetoto-Asogun,102113,NG,NGR001,,,,
Madam Julet,SECONDARY,,,EMANL,Julet,8164500146,+234,,6.4593712,3.2517966,AA/10 Delta Plaza,,Lagos State,Aiyetoto-Asogun,102113,NG,NGR001,,,,
Goodii stores,SECONDARY,,,EMANL,Chiamaka Goodness,8083687479,+234,,6.45853271432684,3.2500394251456255,C 032 cross river plaza,,Lagos State,Aiyetoto-Asogun,102113,NG,NGR001,,,,
Cindy cosmetics,SECONDARY,,,EMANL,Cindy,9135237269,+234,,6.4589076,3.250861,Nansarawa plaza,,Lagos State,Aiyetoto-Asogun,102113,NG,NGR001,,,,
Mama Ejima,SECONDARY,,,EMANL,Calista,8062793382,+234,,6.4590636,3.2524529,C01,,Lagos State,Aiyetoto-Asogun,102113,NG,NGR001,,,,
Madam Comfort Store,SECONDARY,,,EMANL,Comfort,8038283448,+234,,6.45979,3.2517209,ATT A04 DELTA PLAZA,,Lagos State,Aiyetoto-Asogun,102113,NG,NGR001,,,,
Iya shola,SECONDARY,,,EMANL,Shola,8025371152,+234,,6.5299137,3.3543714,Ojuwoye,,Lagos State,Mushin,102215,NG,NGR001,,,,
Iya olose,SECONDARY,,,EMANL,Iya olose,7041452536,+234,,6.5294723,3.3544729,"Olumorokun Mushin, Lagos State, 102215, Nigeria",,Lagos State,Mushin,102215,NG,NGR001,,,,
Iya Adua store,SECONDARY,,,EMANL,Iya Adua,8029797035,+234,,6.5301664,3.3555797,"11 Dadayalode street Mushin, Lagos State, 102215, Nigeria",,Lagos State,Mushin,102215,NG,NGR001,,,,
Eyoungs Cosmetics,SECONDARY,,,EMANL,Alex,9072212082,+234,,6.458848924233226,3.2509440432186736,27 Ondo plaza,,Lagos State,Aiyetoto-Asogun,102113,NG,NGR001,,,,
Ginikachi store,SECONDARY,,,EMANL,Ginika,8162390972,+234,,6.4601746,3.2517028,D11 Kastina Plaza,,Lagos State,Aiyetoto-Asogun,102113,NG,NGR001,,,,
Emy mega company,SECONDARY,,,EMANL,Emy mega,9116171816,+234,,6.459102,3.2511214,Attachment 9 Ondo plaza,,Lagos State,Aiyetoto-Asogun,102113,NG,NGR001,,,,
Alaja store,SECONDARY,,,EMANL,Alaja,9135363529,+234,,6.5290103,3.3549217,Ojuwoye,,Lagos State,Mushin,102215,NG,NGR001,,,,
Gods time store,SECONDARY,,,EMANL,God’stime,8034694501,+234,,6.458973575977609,3.2511502217006227,300 ondo plaza,,Lagos State,Aiyetoto-Asogun,102113,NG,NGR001,,,,
DeGreat store,SECONDARY,,,EMANL,De great,7053916208,+234,,6.5295585,3.3561783,"2 Olabade street Mushin, Lagos State, 102215, Nigeria",,Lagos State,Mushin,102215,NG,NGR001,,,,
Anuoluwapo stores,SECONDARY,,,EMANL,Olatunji,8028474413,+234,,6.5295864,3.3561287,"No 2, olapade street",,Lagos State,Mushin,102215,NG,NGR001,,,,
Mr Kingsley Store,SECONDARY,,,EMANL,Kingsley,8140136371,+234,,6.4601361,3.2524882,1 infinity Plaza,,Lagos State,Aiyetoto-Asogun,102113,NG,NGR001,,,,
Iya dera Store,SECONDARY,,,EMANL,Dera,8147595343,+234,,6.5290836,3.3548382,Ojuwoye,,Lagos State,Mushin,102215,NG,NGR001,,,,
Divine Glory,SECONDARY,,,EMANL,Divine,8139713229,+234,,6.4607538,3.2522197,F066,,Lagos State,Aiyetoto-Asogun,102113,NG,NGR001,,,,
May you reign stores,SECONDARY,,,EMANL,Ndukwe,8039376326,+234,,6.459298371286177,3.2512587721643755,Ok 10 okosisi plaza,,Lagos State,Aiyetoto-Asogun,102113,NG,NGR001,,,,
Triple N,SECONDARY,,,EMANL,Triple N,7062485866,+234,,6.4591358,3.251089,A0108 kaduna plaza,,Lagos State,Aiyetoto-Asogun,102113,NG,NGR001,,,,
Chitex cosmetics,SECONDARY,,,EMANL,Chitex cosmetics,8033326411,+234,,6.4591685,3.2509687,Ondo plaza,,Lagos State,Aiyetoto-Asogun,102113,NG,NGR001,,,,
Chidi store,SECONDARY,,,EMANL,Chidi,9060270721,+234,,6.4608493,3.252,C002 lagos plaza,,Lagos State,Aiyetoto-Asogun,102113,NG,NGR001,,,,
Alhaja store,SECONDARY,,,EMANL,Alhaja,9017499253,+234,,6.5291866,3.355075,"Ojuwoye Mushin, Lagos State, 102215, Nigeria",,Lagos State,Mushin,102215,NG,NGR001,,,,
De Lord's portion,SECONDARY,,,EMANL,Chinyere,8034465977,+234,,6.4601573,3.2525482,E010,,Lagos State,Aiyetoto-Asogun,102113,NG,NGR001,,,,
Blessed Chris ventures,SECONDARY,,,EMANL,Blessed Chris,8033301949,+234,,6.4607701,3.2518028,C010 lagos plaza,,Lagos State,Aiyetoto-Asogun,102113,NG,NGR001,,,,
Mafaso store,SECONDARY,,,EMANL,Mafaso,8065055562,+234,,6.5295603,3.3561807,"10 Dada Iyalode street Mushin, Lagos State, 102215, Nigeria",,Lagos State,Mushin,102215,NG,NGR001,,,,
Princy,SECONDARY,,,EMANL,Princy,7026039895,+234,,6.4601687,3.2525455,Lagos Plaza,,Lagos State,Aiyetoto-Asogun,102113,NG,NGR001,,,,
Iya Ajoke store,SECONDARY,,,EMANL,Ajoke,9021756550,+234,,6.5300258,3.3560526,"Shop 42, abolade street",,Lagos State,Mushin,102215,NG,NGR001,,,,
Ogo kings,SECONDARY,,,EMANL,Ogo kings,8060413624,+234,,6.4590839,3.2510703,Kaduna 1 plaza,,Lagos State,Aiyetoto-Asogun,102113,NG,NGR001,,,,
IyaYusuf store,SECONDARY,,,EMANL,Iya Yusuf,9028911932,+234,,6.5290358,3.3548976,"Ojuwoye Mushin, Lagos State, 102215, Nigeria",,Lagos State,Mushin,102215,NG,NGR001,,,,
Amaka store,SECONDARY,,,EMANL,Amaka,8104884394,+234,,6.4601553,3.2528625,B007,,Lagos State,Aiyetoto-Asogun,102113,NG,NGR001,,,,
Emmanuel store,SECONDARY,,,EMANL,Emmanuel,8122629791,+234,,6.5295836,3.3561363,No 42 aboladeStreetMushin,,Lagos State,Mushin,102215,NG,NGR001,,,,
Oduola store,SECONDARY,,,EMANL,Oduola,7013914235,+234,,6.5295419,3.3562637,"2 Olabade street Mushin market ushin, Lagos State, 102215, Nigeria",,Lagos State,Mushin,102215,NG,NGR001,,,,
ND Store,SECONDARY,,,EMANL,Ndubuisi,7030946526,+234,,6.4603326,3.2519516,A 004 Lagos Plaza,,Lagos State,Aiyetoto-Asogun,102113,NG,NGR001,,,,
Azeezs store,SECONDARY,,,EMANL,Azeezs,7076481996,+234,,6.5289301,3.3550646,Ojuwoye,,Lagos State,Mushin,102215,NG,NGR001,,,,
Iya balogun store,SECONDARY,,,EMANL,Balogun,8106089973,+234,,6.5295756,3.356155,"No 13, olapade abolade Streets",,Lagos State,Mushin,102215,NG,NGR001,,,,
Iya Azeez Store,SECONDARY,,,EMANL,Yemisi,8028416478,+234,,6.5295729,3.3561584,"2 Olapade street Mushin, Lagos State, 102215, Nigeria",,Lagos State,Mushin,102215,NG,NGR001,,,,
Samaclanus,SECONDARY,,,EMANL,Samilcamax,7064960390,+234,,6.4608057,3.2519579,B002,,Lagos State,Aiyetoto-Asogun,102113,NG,NGR001,,,,
Iya Aisha and son,SECONDARY,,,EMANL,Aisha,8056000511,+234,,6.5295608,3.3561835,No 2 olapade Street Mushin,,Lagos State,Mushin,102215,NG,NGR001,,,,
Iya joy store,SECONDARY,,,EMANL,Iya joy,8118780741,+234,,6.5288456,3.3546715,"Ojuwoye Mushin, Lagos State, 102215, Nigeria",,Lagos State,Mushin,102215,NG,NGR001,,,,
Titi Store,SECONDARY,,,EMANL,Titi,9071850302,+234,,6.5283759,3.3538481,"Agege Motor Road, Tinubu, Mushin, Lagos State, 100231, Nigeria",Agege Motor Road,Lagos State,Mushin,100231,NG,NGR001,,,,
Mrs Eze,SECONDARY,,,EMANL,Eze,9131443951,+234,,6.4604875,3.252135,A031 lagos plaza,,Lagos State,Aiyetoto-Asogun,102113,NG,NGR001,,,,
Blessed assurance store,SECONDARY,,,EMANL,Ezegwu,7065924136,+234,,6.4607508,3.2520082,A030 lagos plaza,,Lagos State,Aiyetoto-Asogun,102113,NG,NGR001,,,,
Iya kafayat store,SECONDARY,,,EMANL,Kafayat,8097418173,+234,,6.5295337,3.356291,19 abolade Street Mushin,,Lagos State,Mushin,102215,NG,NGR001,,,,
Iya ayo,SECONDARY,,,EMANL,Ayo,9060205066,+234,,6.528369,3.3540563,Ojuwoye,,Lagos State,Mushin,102215,NG,NGR001,,,,
Alihastore,SECONDARY,,,EMANL,Mum aliha,8158932522,+234,,6.5297334,3.3555977,"2, mumuni street",,Lagos State,Mushin,102215,NG,NGR001,,,,
Risikat store,SECONDARY,,,EMANL,Risikat,9090439055,+234,,6.5283135,3.3540998,"Ojuwoye Mushin, Lagos State, 102215, Nigeria",,Lagos State,Mushin,102215,NG,NGR001,,,,
Iya begi store,SECONDARY,,,EMANL,Iya begi,8021302624,+234,,6.5282909,3.3537797,Ojuwoye,Isolo Road,Lagos State,Mushin,102215,NG,NGR001,,,,
Fortune store,SECONDARY,,,EMANL,Mummy Chekube,8033775272,+234,,6.4605116,3.2515115,Finders  Plaza D02,,Lagos State,Aiyetoto-Asogun,102113,NG,NGR001,,,,
Iya mamoo store,SECONDARY,,,EMANL,Giwa,8029540349,+234,,6.5295098,3.3564098,12b dada Iyalode Giwa,,Lagos State,Mushin,102215,NG,NGR001,,,,
Egbejo enterprise,SECONDARY,,,EMANL,Isibor,8023071557,+234,,6.5293009,3.3566266,"4 Olakpade Ojuwoye Street Mushin, Lagos State, 102215, Nigeria",,Lagos State,Mushin,102215,NG,NGR001,,,,
Alimat store,SECONDARY,,,EMANL,Alimat,7037176306,+234,,6.5280471,3.3532182,Ojuwoye street,Isolo Road,Lagos State,Mushin,102215,NG,NGR001,,,,
Ogenetega store,SECONDARY,,,EMANL,Ogenetega,8035121216,+234,,6.5282853,3.3536789,Ojuwoye,Isolo Road,Lagos State,Mushin,102215,NG,NGR001,,,,
Iya Samuel store,SECONDARY,,,EMANL,Iya Samuel,8023831525,+234,,6.5295791,3.3561416,"2, Dadaiyalode",,Lagos State,Mushin,102215,NG,NGR001,,,,
Twins store,SECONDARY,,,EMANL,Twins,8087648887,+234,,6.5282958,3.3540793,"Ojuwoye Mushin, Lagos State, 102215, Nigeria",,Lagos State,Mushin,102215,NG,NGR001,,,,
Brownies blies,SECONDARY,,,EMANL,Yetunde,9060409395,+234,,6.5294861,3.3564631,18 abolade Street Mushin,,Lagos State,Mushin,102215,NG,NGR001,,,,
Felicia Stores,SECONDARY,,,EMANL,Felicia,8152749083,+234,,6.528045,3.3535331,Agege motor road mushin market,Isolo Road,Lagos State,Mushin,102215,NG,NGR001,,,,
Iya ibeji,SECONDARY,,,EMANL,Iya ibeji,8183447611,+234,,6.528045,3.3535331,184 ojuwoye street mushin market,Isolo Road,Lagos State,Mushin,102215,NG,NGR001,,,,
I glory,SECONDARY,,,EMANL,i Glory,8033687849,+234,,6.4597882,3.2517186,Ktb13 kastina plaza,,Lagos State,Aiyetoto-Asogun,102113,NG,NGR001,,,,
Husband and wife,SECONDARY,,,EMANL,Enidaola,8030530206,+234,,6.5295819,3.3561348,Dadaiyalode,,Lagos State,Mushin,102215,NG,NGR001,,,,
Amino store,SECONDARY,,,EMANL,Amino,7071509934,+234,,6.5282867,3.3540171,"Ojuwoye Mushin, Lagos State, 102215, Nigeria",Primary,Lagos State,Mushin,102215,NG,NGR001,,,,
Ife store,SECONDARY,,,EMANL,Ife,8086310236,+234,,6.5295678,3.3562151,"Shop 42, Dadaiyalode",,Lagos State,Mushin,102215,NG,NGR001,,,,
Mario stores,SECONDARY,,,EMANL,Mario,8038451751,+234,,6.5280409,3.354163,Agege motor road mushin market,Agege Motor Road,Lagos State,Ikeja,100271,NG,NGR001,,,,
Fonstor Store,SECONDARY,,,EMANL,Fonstor,8035623638,+234,,6.5294859,3.3564626,"17 Abolade street Mushin, Lagos State, 102215, Nigeria",,Lagos State,Mushin,102215,NG,NGR001,,,,
Olaoluwa store,SECONDARY,,,EMANL,Olaoluwa,8024427205,+234,,6.5297273,3.3559419,Dadaiyalode,,Lagos State,Mushin,102215,NG,NGR001,,,,
Ngozi store,SECONDARY,,,EMANL,Ngozi,9068546106,+234,,6.4607732,3.2527271,OppLagos plaza,,Lagos State,Aiyetoto-Asogun,102113,NG,NGR001,,,,
Pantanla,SECONDARY,,,EMANL,Alhaja pantanla,7050871571,+234,,6.5299541,3.3551016,"16, Dadaiyalode",,Lagos State,Mushin,102215,NG,NGR001,,,,
Latino store,SECONDARY,,,EMANL,Latino,8062133372,+234,,6.5283759,3.3538481,Ojuwoye,Agege Motor Road,Lagos State,Mushin,100231,NG,NGR001,,,,
Uju store,SECONDARY,,,EMANL,Uju,8147270051,+234,,6.4578128,3.2520452,Bayesal plaza,,Lagos State,Aiyetoto-Asogun,102113,NG,NGR001,,,,
Kafilat store,SECONDARY,,,EMANL,Kafilat,7072216457,+234,,6.5285663,3.354167,"Ojuwoye Mushin, Lagos State, 102215, Nigeria",,Lagos State,Mushin,102215,NG,NGR001,,,,
Ejere store,SECONDARY,,,EMANL,Desmond,9053352334,+234,,6.5294387,3.3566076,"No 18, abolade Street Mushin",,Lagos State,Mushin,102215,NG,NGR001,,,,
Korede stores,SECONDARY,,,EMANL,Korede,8135426351,+234,,6.5282487,3.3541007,"Ojuwoye Mushin, Lagos State, 102215, Nigeria",,Lagos State,Mushin,102215,NG,NGR001,,,,
Seun,SECONDARY,,,EMANL,Deun,7088723678,+234,,6.4607182,3.2526447,OppLagos plaza,,Lagos State,Aiyetoto-Asogun,102113,NG,NGR001,,,,
Blessing store,SECONDARY,,,EMANL,Blessing,8056221976,+234,,6.528394,3.3542596,Ojuwoye street Mushin market,,Lagos State,Mushin,102215,NG,NGR001,,,,
IyaSofia,SECONDARY,,,EMANL,Iya sofia,8143938915,+234,,6.5306202,3.3541132,Dadaiyalode,,Lagos State,Mushin,102215,NG,NGR001,,,,
Mummy Ify,SECONDARY,,,EMANL,Ify,8039396565,+234,,6.4580997,3.2515299,ON/ AA A12 Ondo Plaza,,Lagos State,Aiyetoto-Asogun,102113,NG,NGR001,,,,
Iya damilola,SECONDARY,,,EMANL,Iya damilola,8023834517,+234,,6.5283759,3.3538481,"Ojuwoye ushin, Lagos State, 100231, Nigeria",Agege Motor Road,Lagos State,Mushin,100231,NG,NGR001,,,,
Chioma stores,SECONDARY,,,EMANL,Chioma,7082426532,+234,,6.5284522,3.3543632,Ojuwoye steeet mushin market,,Lagos State,Mushin,102215,NG,NGR001,,,,
Blessed E.b store,SECONDARY,,,EMANL,Chinyere,8062881897,+234,,6.4580672,3.2514698,AA004,,Lagos State,Aiyetoto-Asogun,102113,NG,NGR001,,,,
Okki best store,SECONDARY,,,EMANL,Ogi,8131182048,+234,,6.4584366,3.252968,046b Edo plaza,,Lagos State,Aiyetoto-Asogun,102113,NG,NGR001,,,,
Musilat store,SECONDARY,,,EMANL,Musilat folske,8028424366,+234,,6.5289957,3.3551373,Ojuwoye,,Lagos State,Mushin,102215,NG,NGR001,,,,
Okey store,SECONDARY,,,EMANL,Okey,7032800865,+234,,6.5296367,3.3544012,Olumorokun,,Lagos State,Mushin,102215,NG,NGR001,,,,
Nennycess store,SECONDARY,,,EMANL,Nennycess,7034532819,+234,,6.4581292,3.2515172,Nennycess store,,Lagos State,Aiyetoto-Asogun,102113,NG,NGR001,,,,
Joy store,SECONDARY,,,EMANL,Joy,8138006778,+234,,6.460083,3.2527694,Adamawa front view,,Lagos State,Aiyetoto-Asogun,102113,NG,NGR001,,,,
Oluebube,SECONDARY,,,EMANL,Oluebube,9026003893,+234,,6.5294325,3.3544963,"7, olumorokun",,Lagos State,Mushin,102215,NG,NGR001,,,,
Iya tawa,SECONDARY,,,EMANL,Iya tawa,7016583449,+234,,6.5285911,3.3546819,"Ojuwoye Mushin, Lagos State, 102215, Nigeria",,Lagos State,Mushin,102215,NG,NGR001,,,,
Chukwu store,SECONDARY,,,EMANL,Ogechi,7035393355,+234,,6.4580091,3.2514372,Nazarawa plaza 0080,,Lagos State,Aiyetoto-Asogun,102113,NG,NGR001,,,,
Mrs Adetutu,SECONDARY,,,EMANL,Mrs Adetutu,8165422324,+234,,6.5286774,3.3547503,Ojuwoye street mushin market,,Lagos State,Mushin,102215,NG,NGR001,,,,
Joke stores,SECONDARY,,,EMANL,Joke,8161481952,+234,,6.5284407,3.3543077,Ojuwoye street mushin market,,Lagos State,Mushin,102215,NG,NGR001,,,,
Mama Emma,SECONDARY,,,EMANL,Ebere,8033523180,+234,,6.4579478,3.2513109,001 Nazarawa plaza,,Lagos State,Aiyetoto-Asogun,102113,NG,NGR001,,,,
Baba Abeji store,SECONDARY,,,EMANL,Baba Abeji,8132068947,+234,,6.528842,3.3571792,"25 Abiodun Street Mushin, Lagos State, 102215, Nigeria",,Lagos State,Mushin,102215,NG,NGR001,,,,
Alhaja akanke,SECONDARY,,,EMANL,Akanke,7078398059,+234,,6.5290786,3.3548287,Idi aba,,Lagos State,Mushin,102215,NG,NGR001,,,,
Iya gani,SECONDARY,,,EMANL,Iya gani,8160134865,+234,,6.5291185,3.3547766,Ojuwoye,,Lagos State,Mushin,102215,NG,NGR001,,,,
Mum Amira store,SECONDARY,,,EMANL,Mum Amira,9061841102,+234,,6.5286674,3.35449,"Ojuwoye Mushin, Lagos State, 102215, Nigeria",,Lagos State,Mushin,102215,NG,NGR001,,,,
Taiye store,SECONDARY,,,EMANL,Taiye,8089598972,+234,,6.5290435,3.3549339,Ojuwoye,,Lagos State,Mushin,102215,NG,NGR001,,,,
Iya salamo,SECONDARY,,,EMANL,Iya salamo,8084100309,+234,,6.5290025,3.3548679,Ojuwoye,,Lagos State,Mushin,102215,NG,NGR001,,,,
Aminat store,SECONDARY,,,EMANL,Aminat ashabi,8023909995,+234,,6.5289355,3.3550397,Ojuwoye,,Lagos State,Mushin,102215,NG,NGR001,,,,
Victory. stores,SECONDARY,,,EMANL,Oluwagbenga,7069563380,+234,,6.5286091,3.3568125,32 abiodun street Mushi,,Lagos State,Mushin,102215,NG,NGR001,,,,
Ryan venture,SECONDARY,,,EMANL,Ryan,9066449682,+234,,6.5289628,3.3550907,"Ojuwoye Mushin, Lagos State, 102215, Nigeria",,Lagos State,Mushin,102215,NG,NGR001,,,,
Aje  store,SECONDARY,,,EMANL,Aje,9034600584,+234,,6.5290108,3.3551684,Ojuwoye,,Lagos State,Mushin,102215,NG,NGR001,,,,
Femi store,SECONDARY,,,EMANL,Femi,9026892025,+234,,6.5290164,3.3548452,"15, ojuwoye",,Lagos State,Mushin,102215,NG,NGR001,,,,
Drose item,SECONDARY,,,EMANL,Rosemary,8059362337,+234,,6.5290821,3.3548097,"1,onanuga",,Lagos State,Mushin,102215,NG,NGR001,,,,
Chi luv store,SECONDARY,,,EMANL,Chi luv,8033843404,+234,,6.4598441,3.2526745,Adamawa plaza,,Lagos State,Aiyetoto-Asogun,102113,NG,NGR001,,,,
Delight Classy cosmetics,SECONDARY,,,EMANL,Delight classy cosmetics,8123552320,+234,,6.5290033,3.3551599,Ojuwoye street mushin market,,Lagos State,Mushin,102215,NG,NGR001,,,,
Ayinke Store,SECONDARY,,,EMANL,Ayinke,7068946220,+234,,6.5290312,3.3554227,Ojuwoye street mushin market,,Lagos State,Mushin,102215,NG,NGR001,,,,
Busola,SECONDARY,,,EMANL,Busola,7087821736,+234,,6.5293662,3.3551078,Ojuwoye street mushin market,,Lagos State,Mushin,102215,NG,NGR001,,,,
Iya shino store,SECONDARY,,,EMANL,Shino,7059841761,+234,,6.5290108,3.3551684,Ojuwoye,,Lagos State,Mushin,102215,NG,NGR001,,,,
Temiloluwa store,SECONDARY,,,EMANL,Temiloluwa,8055367183,+234,,6.5293537,3.3569974,"32 Abiodun Street Mushin, Lagos State, 102215, Nigeria",,Lagos State,Mushin,102215,NG,NGR001,,,,
Families perial store,SECONDARY,,,EMANL,Families perial,8083675410,+234,,6.5291451,3.3550881,"Ojuwoye Mushin, Lagos State, 102215, Nigeria",,Lagos State,Mushin,102215,NG,NGR001,,,,
Ajayi ojo,SECONDARY,,,EMANL,Ajayi,8056763718,+234,,6.5290692,3.3548386,"15, ojuwoye",,Lagos State,Mushin,102215,NG,NGR001,,,,
Kehinde store,SECONDARY,,,EMANL,Kahinde aduke,8179312104,+234,,6.528985,3.3551228,Ojuwoye,,Lagos State,Mushin,102215,NG,NGR001,,,,
Nike store,SECONDARY,,,EMANL,Nike,7067553943,+234,,6.5290487,3.3548317,Idi aba,,Lagos State,Mushin,102215,NG,NGR001,,,,
Amy best,SECONDARY,,,EMANL,Amy best,8062799797,+234,,6.459976,3.2526391,Adamawa plaza,,Lagos State,Aiyetoto-Asogun,102113,NG,NGR001,,,,
Seun store,SECONDARY,,,EMANL,Seun,8064577795,+234,,6.5290894,3.3548033,Idi aba,,Lagos State,Mushin,102215,NG,NGR001,,,,
Glory store,SECONDARY,,,EMANL,Madam Glory,8165696503,+234,,6.45808,3.251574,A 003 Ondo Plaza,,Lagos State,Aiyetoto-Asogun,102113,NG,NGR001,,,,
Sterling store,SECONDARY,,,EMANL,Rasidat,7066247755,+234,,6.5285618,3.3567597,"No 18,abiodun street Mushi n",,Lagos State,Mushin,102215,NG,NGR001,,,,
Ikeoluwa store,SECONDARY,,,EMANL,Iya idera,9020294680,+234,,6.5291067,3.3547962,Ojuwoye,,Lagos State,Mushin,102215,NG,NGR001,,,,
Funmi store,SECONDARY,,,EMANL,Oluwafunmilola,7084259554,+234,,6.5290648,3.3548387,Idi aba,,Lagos State,Mushin,102215,NG,NGR001,,,,
KC London stores,SECONDARY,,,EMANL,KC,8149842499,+234,,6.4585124,3.2517429,A10 Ondo Plaza,,Lagos State,Aiyetoto-Asogun,102113,NG,NGR001,,,,
Munachiso store,SECONDARY,,,EMANL,Munachi,8035690894,+234,,6.4585525,3.2520369,A026,,Lagos State,Aiyetoto-Asogun,102113,NG,NGR001,,,,
Able God,SECONDARY,,,EMANL,Tina fresh,7034926507,+234,,6.4581333,3.2518083,B059,,Lagos State,Aiyetoto-Asogun,102113,NG,NGR001,,,,
Mum Zion store,SECONDARY,,,EMANL,Mum Zion,8036828596,+234,,6.458331,3.2524609,A013 jigawa plaza,,Lagos State,Aiyetoto-Asogun,102113,NG,NGR001,,,,
MJ & G store,SECONDARY,,,EMANL,Mary j,7031849006,+234,,6.4583031,3.2525282,C013 Edo plaza,,Lagos State,Aiyetoto-Asogun,102113,NG,NGR001,,,,
De best venture,SECONDARY,,,EMANL,De best,8174453275,+234,,6.5290086,3.35536,"Ojuwoye Mushin, Lagos State, 102215, Nigeria",,Lagos State,Mushin,102215,NG,NGR001,,,,
Flourish venture's,SECONDARY,,,EMANL,Opara,8023889538,+234,,6.4599664,3.2530442,G010A,,Lagos State,Aiyetoto-Asogun,102113,NG,NGR001,,,,
Nimotalahi store,SECONDARY,,,EMANL,Nimotalahi,9063487345,+234,,6.5291207,3.3547946,Ojuwoye,,Lagos State,Mushin,102215,NG,NGR001,,,,
Busayo store,SECONDARY,,,EMANL,Busayo,8060132271,+234,,6.5290173,3.3551913,Ojuwoye,,Lagos State,Mushin,102215,NG,NGR001,,,,
Madam grace,SECONDARY,,,EMANL,Grace,8060795095,+234,,6.4577831,3.2508924,Ek- AT 006 ekiti plaza,,Lagos State,Aiyetoto-Asogun,102113,NG,NGR001,,,,
Feyin,SECONDARY,,,EMANL,Aisha,7089187959,+234,,6.5294659,3.3544476,Olateju,,Lagos State,Mushin,102215,NG,NGR001,,,,
Anuoluwapo store,SECONDARY,,,EMANL,Anuoluwapo,8181092464,+234,,6.529035,3.3553547,"Ojuwoye Mushin, Lagos State, 102215, Nigeria",,Lagos State,Mushin,102215,NG,NGR001,,,,
Mum Gideon,SECONDARY,,,EMANL,Gloria,7030728992,+234,,6.4597907,3.2530389,G03,,Lagos State,Aiyetoto-Asogun,102113,NG,NGR001,,,,
Iya era store,SECONDARY,,,EMANL,Iya era,8073624134,+234,,6.5280305,3.3557376,Ojuwoye,,Lagos State,Mushin,102215,NG,NGR001,,,,
Moyinoluwa ventures,SECONDARY,,,EMANL,Moyin,9018348214,+234,,6.530727,3.35415,Olorunsogo,,Lagos State,Mushin,102215,NG,NGR001,,,,
The Joy Venture,SECONDARY,,,EMANL,JOY,8064363824,+234,,6.4585491,3.2517019,1213 Lobay plaza,,Lagos State,Aiyetoto-Asogun,102113,NG,NGR001,,,,
Ekiti plaza 007,SECONDARY,,,EMANL,Ubianoju,8033281823,+234,,6.4577816,3.2508795,Ekiti plaza 007,,Lagos State,Aiyetoto-Asogun,102113,NG,NGR001,,,,
Steven ventures,SECONDARY,,,EMANL,Chidinma,8060395489,+234,,6.4599378,3.2529799,G01,,Lagos State,Aiyetoto-Asogun,102113,NG,NGR001,,,,
Iya Hussein store,SECONDARY,,,EMANL,Iya Hussein,9065888460,+234,,6.5292177,3.3558959,"Ojuwoye Mushin, Lagos State, 102215, Nigeria",,Lagos State,Mushin,102215,NG,NGR001,,,,
Adesola store,SECONDARY,,,EMANL,Adesola,8169034766,+234,,6.5292495,3.3555291,48 Ojuwoye,,Lagos State,Mushin,102215,NG,NGR001,,,,
Adeleke Store,SECONDARY,,,EMANL,Adeleke,9019637283,+234,,6.5292499,3.3555267,Ojuwoye,,Lagos State,Mushin,102215,NG,NGR001,,,,
Mummy Osinachi,SECONDARY,,,EMANL,Mummy Osinachi,8039103149,+234,,6.4584326,3.2518962,Y0/07 Yobe Plaza,,Lagos State,Aiyetoto-Asogun,102113,NG,NGR001,,,,
Adenike store,SECONDARY,,,EMANL,Adenike,8090919079,+234,,6.5303335,3.3543768,Asofiyan23,,Lagos State,Mushin,102215,NG,NGR001,,,,
Arinola centre,SECONDARY,,,EMANL,Bola,9021798611,+234,,6.5290337,3.3548929,Alaba street mushin,,Lagos State,Mushin,102215,NG,NGR001,,,,
Veronica,SECONDARY,,,EMANL,Veronica,9124676845,+234,,6.4586051,3.252033,You plaza,,Lagos State,Aiyetoto-Asogun,102113,NG,NGR001,,,,
Iya Farquhar store,SECONDARY,,,EMANL,Iya Farquhar,7089191447,+234,,6.5293384,3.3557516,"Ojuwoye Mushin, Lagos State, 102215, Nigeria",,Lagos State,Mushin,102215,NG,NGR001,,,,
Ruchic global ventures,SECONDARY,,,EMANL,Madam Chinyere,8035306531,+234,,6.4585824,3.2519708,C 14/15 Yobe plaza,,Lagos State,Aiyetoto-Asogun,102113,NG,NGR001,,,,
Ola store,SECONDARY,,,EMANL,Ola,9139284501,+234,,6.5290686,3.3548462,"8,olateju",,Lagos State,Mushin,102215,NG,NGR001,,,,
Nnachereugoventures,SECONDARY,,,EMANL,Nnanyereugo,9077404811,+234,,6.4598909,3.2529746,A23 Adamawa,,Lagos State,Aiyetoto-Asogun,102113,NG,NGR001,,,,
IyaKudi store,SECONDARY,,,EMANL,Iya kudi,9112112514,+234,,6.5284314,3.3542722,"2 Ojuwoye Street Mushin, Lagos State, 102215, Nigeria",,Lagos State,Mushin,102215,NG,NGR001,,,,
God's blessing,SECONDARY,,,EMANL,Chijioke,8062413119,+234,,6.4579488,3.2490608,44/45 Nasarawa Plaza,,Lagos State,Aiyetoto-Asogun,102113,NG,NGR001,,,,
Aduke store,SECONDARY,,,EMANL,Aduke,8109616825,+234,,6.5297617,3.3544264,"4, olateju",,Lagos State,Mushin,102215,NG,NGR001,,,,
Ire store,SECONDARY,,,EMANL,Ire,9112391537,+234,,6.5294625,3.3544742,Ojuwoye,,Lagos State,Mushin,102215,NG,NGR001,,,,
KC store,SECONDARY,,,EMANL,KC,7038599430,+234,,6.4576791,3.2506126,KEBE 1 AT Kebe 1,,Lagos State,Aiyetoto-Asogun,102113,NG,NGR001,,,,
Agbeke,SECONDARY,,,EMANL,Agbeke,9134802070,+234,,6.5299285,3.3543624,Ojuwoye,,Lagos State,Mushin,102215,NG,NGR001,,,,
B lawan store,SECONDARY,,,EMANL,B Lawan,8028584437,+234,,6.5284348,3.3542785,"2B Ojuwoye Street Mushin, Lagos State, 102215, Nigeria",,Lagos State,Mushin,102215,NG,NGR001,,,,
Esther store,SECONDARY,,,EMANL,Taiwo,8072711994,+234,,6.5299048,3.3543808,Olumorokun,,Lagos State,Mushin,102215,NG,NGR001,,,,
Rawhimmalt store,SECONDARY,,,EMANL,Rawhimmalt,8071767000,+234,,6.5304677,3.3541944,Ojuwoye,,Lagos State,Mushin,102215,NG,NGR001,,,,
Opeyemi,SECONDARY,,,EMANL,Opeyemi,9049047974,+234,,6.5302749,3.3542618,Olumorokun street mushin market,,Lagos State,Mushin,102215,NG,NGR001,,,,
Bukkystore,SECONDARY,,,EMANL,Bukky,8064006087,+234,,6.5299254,3.3543833,Olumorokun,,Lagos State,Mushin,102215,NG,NGR001,,,,
Eky sam,SECONDARY,,,EMANL,Ekaette,7035146336,+234,,6.4605252,3.2521593,G3032,,Lagos State,Aiyetoto-Asogun,102113,NG,NGR001,,,,
Harzeezat store,SECONDARY,,,EMANL,Harzeezat,8025108456,+234,,6.5303747,3.3542026,Dada iyalode,,Lagos State,Mushin,102215,NG,NGR001,,,,
Ifeoluwa store,SECONDARY,,,EMANL,Ifeoluwa,9161607350,+234,,6.5304196,3.3540051,"Ojuwoye Mushin, Lagos State, 102215, Nigeria",,Lagos State,Mushin,102215,NG,NGR001,,,,
Lord global store,SECONDARY,,,EMANL,Lor,7063407030,+234,,6.4578088,3.2505545,B/Af 018 benue plaza,,Lagos State,Aiyetoto-Asogun,102113,NG,NGR001,,,,
Ndukaku cosmetics,SECONDARY,,,EMANL,Blessing,8146188281,+234,,6.4574867,3.2493234,D20 sokoto plaza,,Lagos State,Aiyetoto-Asogun,102113,NG,NGR001,,,,
Madam blessing store,SECONDARY,,,EMANL,Blessing,8063461106,+234,,6.4576561,3.2502735,Kb1/AT 05 kebbi plaza,,Lagos State,Aiyetoto-Asogun,102113,NG,NGR001,,,,
Josbet enterprise,SECONDARY,,,EMANL,Josbet enterprise,8141320721,+234,,6.4574904,3.2493264,D20 Sokoto plaza,,Lagos State,Aiyetoto-Asogun,102113,NG,NGR001,,,,
Esther store,SECONDARY,,,EMANL,Esther,9067837349,+234,,6.5302547,3.3542521,Ojuwoye,,Lagos State,Mushin,102215,NG,NGR001,,,,
Iya haliya,SECONDARY,,,EMANL,Haliya,9017165459,+234,,6.5304264,3.3542347,"Olumorokun Mushin, Lagos State, 102215, Nigeria",,Lagos State,Mushin,102215,NG,NGR001,,,,
Oyetunje store,SECONDARY,,,EMANL,Oyetunje,8139683674,+234,,6.528663,3.3547312,"5/7 Ojuwoye Street Mushin, Lagos State, 102215, Nigeria",,Lagos State,Mushin,102215,NG,NGR001,,,,
Gold brooks,SECONDARY,,,EMANL,Gold Brooks,8066223285,+234,,6.4577424,3.24939,Ebony plaza EB12,,Lagos State,Aiyetoto-Asogun,102113,NG,NGR001,,,,
Rasheedat store,SECONDARY,,,EMANL,Rasheedat,8090644760,+234,,6.530448,3.3542077,"Olumorokun Mushin, Lagos State, 102215, Nigeria",,Lagos State,Mushin,102215,NG,NGR001,,,,
Mama D,SECONDARY,,,EMANL,Mama D,9016056946,+234,,6.4577187,3.2493923,Ebony plaza,,Lagos State,Aiyetoto-Asogun,102113,NG,NGR001,,,,
Delicious delight,SECONDARY,,,EMANL,Uk,8039137306,+234,,6.4598472,3.2526582,Ab/at 018 adamawa plaza,,Lagos State,Aiyetoto-Asogun,102113,NG,NGR001,,,,
Uche store,SECONDARY,,,EMANL,Uchechi,7063313380,+234,,6.458062754245369,3.251418892723341,78 Bayelsa store,,Lagos State,Aiyetoto-Asogun,102113,NG,NGR001,,,,
Gods will,SECONDARY,,,EMANL,Nwakego,7068198949,+234,,6.4612289080506295,3.251459409579447,F 066 Anambra plaza,,Lagos State,Aiyetoto-Asogun,102113,NG,NGR001,,,,
Bethany store,SECONDARY,,,EMANL,Gloria,8100833389,+234,,6.461314509907291,3.2515505155043503,D 015 Anambra plaza,,Lagos State,Aiyetoto-Asogun,102113,NG,NGR001,,,,
Gods own business,SECONDARY,,,EMANL,Cynthia,8039225888,+234,,6.46121924257916,3.251326908295034,F 058 Anambra plaza,,Lagos State,Aiyetoto-Asogun,102113,NG,NGR001,,,,
Mummy Mesoma stores,SECONDARY,,,EMANL,Ebere,8035957007,+234,,6.461377612773085,3.2516280084999467,ATT FO 70,,Lagos State,Aiyetoto-Asogun,102113,NG,NGR001,,,,
Joywikko stores,SECONDARY,,,EMANL,Ebuka,8038863518,+234,,6.461146188003642,3.251659141785619,F 056 Anambara plaza,,Lagos State,Aiyetoto-Asogun,102113,NG,NGR001,,,,
Ike God,SECONDARY,,,EMANL,Martins,8135875007,+234,,6.460917021674905,3.2517124050888593,F 013,,Lagos State,Aiyetoto-Asogun,102113,NG,NGR001,,,,
Chi good Enterprise,SECONDARY,,,EMANL,Chinedu,8030564041,+234,,6.461213039513204,3.2515801001746016,F 008 Lagos plaza,,Lagos State,Aiyetoto-Asogun,102113,NG,NGR001,,,,
Mummy Princess store,SECONDARY,,,EMANL,Chinyere,8068214514,+234,,6.4609451129330395,3.2517080881301927,F 011 Lagos plaza,,Lagos State,Aiyetoto-Asogun,102113,NG,NGR001,,,,
Precious Enterprise,SECONDARY,,,EMANL,Precious,8027162584,+234,,6.45992230794784,3.251766437651654,TA 015 Taraba plaza,,Lagos State,Aiyetoto-Asogun,102113,NG,NGR001,,,,
Eflavour Enterprises,SECONDARY,,,EMANL,Favour,8089953130,+234,,6.45930751962361,3.2514835071277806,17/18 Taraba plaza,,Lagos State,Aiyetoto-Asogun,102113,NG,NGR001,,,,
Trinity store,SECONDARY,,,EMANL,Emeka,7065262143,+234,,6.4590474,3.2523474,AkN010,,Lagos State,Aiyetoto-Asogun,102113,NG,NGR001,,,,
Madam favor,SECONDARY,,,EMANL,Madam favor,7070837053,+234,,6.4578279,3.2508618,Nansarawa plaza,,Lagos State,Aiyetoto-Asogun,102113,NG,NGR001,,,,
Chizzy chizzy store,SECONDARY,,,EMANL,Chizzy chizzy,9043996763,+234,,6.459129,3.2536269,0298 sunny plaza,,Lagos State,Aiyetoto-Asogun,102113,NG,NGR001,,,,
Divide mercy,SECONDARY,,,EMANL,Mercy,8030720476,+234,,6.4591596,3.2525482,D008 adamawa plaza,,Lagos State,Aiyetoto-Asogun,102113,NG,NGR001,,,,
Mummy boys,SECONDARY,,,EMANL,Amaka,9161502504,+234,,6.4595607,3.2527302,C 021,,Lagos State,Aiyetoto-Asogun,102113,NG,NGR001,,,,
Madam testimony,SECONDARY,,,EMANL,Madam testimony,8038146444,+234,,6.4601553,3.2528625,A11 adamawa plaza,,Lagos State,Aiyetoto-Asogun,102113,NG,NGR001,,,,
Chris mark global ventures,SECONDARY,,,EMANL,UzoAmaka,8035306296,+234,,6.4591596,3.2525482,BD/AT 001,,Lagos State,Aiyetoto-Asogun,102113,NG,NGR001,,,,
Kasara God Global,SECONDARY,,,EMANL,Kasara,8062743532,+234,,6.4601553,3.2528625,A007,,Lagos State,Aiyetoto-Asogun,102113,NG,NGR001,,,,
Mummy Israel,SECONDARY,,,EMANL,Rosemary,7032276949,+234,,6.4595431,3.2527109,C 02 Adamawa,,Lagos State,Aiyetoto-Asogun,102113,NG,NGR001,,,,
Ogidi store,SECONDARY,,,EMANL,Ogidi,7036067087,+234,,6.4601553,3.2528625,A013 Adamawa plaza,,Lagos State,Aiyetoto-Asogun,102113,NG,NGR001,,,,
Ijeoma store,SECONDARY,,,EMANL,Ijeoma,7032115355,+234,,6.4601553,3.2528625,D011,,Lagos State,Aiyetoto-Asogun,102113,NG,NGR001,,,,
Ifeoma store,SECONDARY,,,EMANL,Ifeoma,8063273307,+234,,6.4601533,3.2531767,A002 Adamawa plaza,,Lagos State,Aiyetoto-Asogun,102113,NG,NGR001,,,,
Adanna store,SECONDARY,,,EMANL,Adanne,7081193357,+234,,6.459946,3.2532548,G010 Adamawa plaza,,Lagos State,Aiyetoto-Asogun,102113,NG,NGR001,,,,
Divine favour,SECONDARY,,,EMANL,Divine favour,8039544644,+234,,6.4595467,3.2527171,AUDS 00 Adamawa,,Lagos State,Aiyetoto-Asogun,102113,NG,NGR001,,,,
Blessed monachi,SECONDARY,,,EMANL,Monachi,9165637200,+234,,6.4596131,3.2527055,B20 Adamawa plaza,,Lagos State,Aiyetoto-Asogun,102113,NG,NGR001,,,,
Maris spices,SECONDARY,,,EMANL,Maris,8060354843,+234,,6.4599666,3.2531189,GBM10,,Lagos State,Aiyetoto-Asogun,102113,NG,NGR001,,,,
Praise God store,SECONDARY,,,EMANL,Chioma Stella,9066841793,+234,,6.4595534,3.2527191,B22 Adamawa plaza,,Lagos State,Aiyetoto-Asogun,102113,NG,NGR001,,,,
Oshe wife,SECONDARY,,,EMANL,Madam Chidera,8034276596,+234,,6.4595603,3.2527166,Shop B 20 Adamawa Plaza,,Lagos State,Aiyetoto-Asogun,102113,NG,NGR001,,,,
Maxkon store,SECONDARY,,,EMANL,Maxkon,7032365012,+234,,6.4599814,3.2530505,Adamawa plaza,,Lagos State,Aiyetoto-Asogun,102113,NG,NGR001,,,,
Jocas investment,SECONDARY,,,EMANL,Joseph,8138235409,+234,,6.460163531789699,3.2534023869127675,A10 Adamawa plaza,,Lagos State,Aiyetoto-Asogun,102113,NG,NGR001,,,,
Just favour store,SECONDARY,,,EMANL,Favor,8063887322,+234,,6.4599728,3.2530613,G05 Adamawa,,Lagos State,Aiyetoto-Asogun,102113,NG,NGR001,,,,
Madam Stainless,SECONDARY,,,EMANL,Stainless,8033602201,+234,,6.4594961,3.2519197,C 001 Adamawa Plaza,,Lagos State,Aiyetoto-Asogun,102113,NG,NGR001,,,,
Chinyere store,SECONDARY,,,EMANL,Maxkon,7077946277,+234,,6.4599802,3.2530687,MGT 022 adamawa plaza,,Lagos State,Aiyetoto-Asogun,102113,NG,NGR001,,,,
Trehapvick,SECONDARY,,,EMANL,Kekechi,8164612689,+234,,6.4601553,3.2528625,A006,,Lagos State,Aiyetoto-Asogun,102113,NG,NGR001,,,,
Oga Dan,SECONDARY,,,EMANL,Dan,7086884005,+234,,6.4594961,3.2519197,C 002,,Lagos State,Aiyetoto-Asogun,102113,NG,NGR001,,,,
Okonye store,SECONDARY,,,EMANL,Okonye,8035758392,+234,,6.4599685,3.2530884,GBM 05 adamawa store,,Lagos State,Aiyetoto-Asogun,102113,NG,NGR001,,,,
Amaka provision stores,SECONDARY,,,EMANL,Amaka,8066885731,+234,,6.4598972,3.2526834,Ac010ATC,,Lagos State,Aiyetoto-Asogun,102113,NG,NGR001,,,,
Niic store,SECONDARY,,,EMANL,Darlington,8158748225,+234,,6.4594908,3.2526342,C003 adamawa plaza,,Lagos State,Aiyetoto-Asogun,102113,NG,NGR001,,,,
David mall Enterprise,SECONDARY,,,EMANL,David,8034434964,+234,,6.459812561447266,3.2529371892572865,GBM 08 Adamawa plaza,,Lagos State,Aiyetoto-Asogun,102113,NG,NGR001,,,,
Bryan ENT,SECONDARY,,,EMANL,Bryan,9133578869,+234,,6.4594947,3.2526455,No 2 Unity plaza,,Lagos State,Aiyetoto-Asogun,102113,NG,NGR001,,,,
Blessed C And C,SECONDARY,,,EMANL,Madam Chinaenye,7038986079,+234,,6.4595089,3.2526319,AB/AT 022,,Lagos State,Aiyetoto-Asogun,102113,NG,NGR001,,,,
Onyems  store,SECONDARY,,,EMANL,Onyems  Global,7038811184,+234,,6.4601553,3.2528625,39,,Lagos State,Aiyetoto-Asogun,102113,NG,NGR001,,,,
UJu Penjeke,SECONDARY,,,EMANL,Obianju,8037049991,+234,,6.4600990315164095,3.2528442756060643,GBM/ATT 06,,Lagos State,Aiyetoto-Asogun,102113,NG,NGR001,,,,
Emmy best,SECONDARY,,,EMANL,Madam Joy,8100048125,+234,,6.45955,3.2527267,Adamawa B 16,,Lagos State,Aiyetoto-Asogun,102113,NG,NGR001,,,,
C.Nsofor Associates,SECONDARY,,,EMANL,Nsofor,8023365803,+234,,6.4600084,3.2526645,AB/AT 001 Adamawa plaza,,Lagos State,Aiyetoto-Asogun,102113,NG,NGR001,,,,
Zinne store,SECONDARY,,,EMANL,Zinne,8167060968,+234,,6.4599731,3.253059,G06 adamawa plaza,,Lagos State,Aiyetoto-Asogun,102113,NG,NGR001,,,,
Mama Ejima,SECONDARY,,,EMANL,Ebere,8066303392,+234,,6.45978147343416,3.253023344887948,BD/AT 013,,Lagos State,Aiyetoto-Asogun,102113,NG,NGR001,,,,
Obiayoro store,SECONDARY,,,EMANL,Obiayoro,8033794258,+234,,6.4598004,3.2517675,AC 016 at c adamawa plaza,,Lagos State,Aiyetoto-Asogun,102113,NG,NGR001,,,,
Ik Divine,SECONDARY,,,EMANL,Ik Divine,8037930909,+234,,6.4595564,3.2527352,B 011 Adamawa,,Lagos State,Aiyetoto-Asogun,102113,NG,NGR001,,,,
Esy kiddies store,SECONDARY,,,EMANL,Ogechi,9188876208,+234,,6.4588561,3.2521783,A028b,,Lagos State,Aiyetoto-Asogun,102113,NG,NGR001,,,,
Best Gold,SECONDARY,,,EMANL,Ngozi,7082387707,+234,,6.4588421,3.2522628,TA08,,Lagos State,Aiyetoto-Asogun,102113,NG,NGR001,,,,
UC divine store,SECONDARY,,,EMANL,UC divine store,7033994758,+234,,6.4599742,3.2530526,016 Adamawa plaza,,Lagos State,Aiyetoto-Asogun,102113,NG,NGR001,,,,
Nike Gold,SECONDARY,,,EMANL,Blessing,8063578670,+234,,6.4585498,3.2516768,A011,,Lagos State,Aiyetoto-Asogun,102113,NG,NGR001,,,,
Rishsoma foods,SECONDARY,,,EMANL,Kingsley,8033246981,+234,,6.4597765,3.252843,"Shop 13,GBN plaza by adamawa plaza",,Lagos State,Aiyetoto-Asogun,102113,NG,NGR001,,,,
Ada Nnewi stores,SECONDARY,,,EMANL,Ada,8109254791,+234,,6.46020283261309,3.252730710212948,AATT 01,,Lagos State,Aiyetoto-Asogun,102113,NG,NGR001,,,,
Lucky Chidies,SECONDARY,,,EMANL,Lucky,8036822501,+234,,6.4595532,3.252723,B 012 Adamawa,,Lagos State,Aiyetoto-Asogun,102113,NG,NGR001,,,,
Unique Store,SECONDARY,,,EMANL,Nmesoma,9033561069,+234,,6.4595468,3.252989,B008 Adamawa,,Lagos State,Aiyetoto-Asogun,102113,NG,NGR001,,,,
Nancy store,SECONDARY,,,EMANL,Nancy,8100084812,+234,,6.4598354,3.2526419,AB/AT 005,,Lagos State,Aiyetoto-Asogun,102113,NG,NGR001,,,,
Chineye store,SECONDARY,,,EMANL,Chineye,8063928986,+234,,6.529987,3.3546823,"10, Dadaiyalode",,Lagos State,Mushin,102215,NG,NGR001,,,,
Chi kings Baby world,SECONDARY,,,EMANL,Osape,8060438181,+234,,6.460017314268568,3.2518193743989148,D 08 Kastina plaza,,Lagos State,Aiyetoto-Asogun,102113,NG,NGR001,,,,
Iya Miriam store,SECONDARY,,,EMANL,Iya Miriam,7031992415,+234,,6.5299664,3.3544092,"Olumoroko street Mushin, Lagos State, 102215, Nigeria",,Lagos State,Mushin,102215,NG,NGR001,,,,
Iyaniwura store,SECONDARY,,,EMANL,Iyaniwura,8184141456,+234,,6.5298415,3.3554301,"14, ojuwoye",,Lagos State,Mushin,102215,NG,NGR001,,,,
Madam Franca,SECONDARY,,,EMANL,Franca,8039793085,+234,,6.4599834462777785,3.2517986075408634,D 08 Kastina plaza,,Lagos State,Aiyetoto-Asogun,102113,NG,NGR001,,,,
Taiwo Store,SECONDARY,,,EMANL,Taiwo,8036953274,+234,,6.5299152,3.3543535,Olumorokun street mushin market,,Lagos State,Mushin,102215,NG,NGR001,,,,
Mama Ifeanyi store,SECONDARY,,,EMANL,Mama Ifeanyi,8066991692,+234,,6.5298778,3.3543898,"5/6 Olumoroko street Mushin, Lagos State, 102215, Nigeria",,Lagos State,Mushin,102215,NG,NGR001,,,,
D.Astore,SECONDARY,,,EMANL,D.a,9023072537,+234,,6.5299375,3.355728,"5, ojuwoye",,Lagos State,Mushin,102215,NG,NGR001,,,,
T.J store,SECONDARY,,,EMANL,Tj,8038531583,+234,,6.5297851,3.3555649,"4, olateju",,Lagos State,Mushin,102215,NG,NGR001,,,,
PC Delic food,SECONDARY,,,EMANL,Peaca Okoro,9024278593,+234,,6.459222,3.2524708,AAT005/005 Adamawa Plaza,,Lagos State,Aiyetoto-Asogun,102113,NG,NGR001,,,,
Amarachi,SECONDARY,,,EMANL,Amarachi Nduka,8032744909,+234,,6.5294569,3.3544767,"Olumorokun Mushin, Lagos State, 102215, Nigeria",,Lagos State,Mushin,102215,NG,NGR001,,,,
Simco associates and co,SECONDARY,,,EMANL,Chinedu,8102236745,+234,,6.5300298,3.3544144,"Mushin, Lagos State, 102215, Nigeria",,Lagos State,Mushin,102215,NG,NGR001,,,,
Mojisola store,SECONDARY,,,EMANL,Moji,8105832274,+234,,6.5300425,3.3535331,Ojuwoye,,Lagos State,Mushin,102215,NG,NGR001,,,,
EbyTex venture,SECONDARY,,,EMANL,Ebere,7062748953,+234,,6.458129932890291,3.2515133661605846,BAT 012 Bayelsa plaza,,Lagos State,Aiyetoto-Asogun,102113,NG,NGR001,,,,
Zainab store,SECONDARY,,,EMANL,Zainab,9026728168,+234,,6.5297627,3.3544111,"Olumoroko street Mushin, Lagos State, 102215, Nigeria",,Lagos State,Mushin,102215,NG,NGR001,,,,
Yetunde,SECONDARY,,,EMANL,Akinfenwa yetunde,8085959904,+234,,6.5294283,3.3545077,4 olumorokun street mushin market,,Lagos State,Mushin,102215,NG,NGR001,,,,
Yetunde store,SECONDARY,,,EMANL,Yetunde,8101610640,+234,,6.530509,3.3540992,Ojuwoye,,Lagos State,Mushin,102215,NG,NGR001,,,,
Mum Emeka,SECONDARY,,,EMANL,Iya emeka,8063277336,+234,,6.5301243,3.3540851,Ojuwoye,,Lagos State,Mushin,102215,NG,NGR001,,,,
Biskad,SECONDARY,,,EMANL,Module,8089646542,+234,,6.530032,3.3551078,No8 dada Iyalode,,Lagos State,Mushin,102215,NG,NGR001,,,,
Agbeke,SECONDARY,,,EMANL,Agbeke,8156791395,+234,,6.5299688,3.3545031,Ojuwoye,,Lagos State,Mushin,102215,NG,NGR001,,,,
FFF store,SECONDARY,,,EMANL,FFF,8063569827,+234,,6.5300011,3.3544511,"Post office Mushin, Lagos State, 102215, Nigeria",,Lagos State,Mushin,102215,NG,NGR001,,,,
Basic link,SECONDARY,,,EMANL,Happiness,7034950748,+234,,6.459726472486658,3.25268285056189,AB/AT 014,,Lagos State,Aiyetoto-Asogun,102113,NG,NGR001,,,,
Iyalomohun stores,SECONDARY,,,EMANL,Bidemi,9096968826,+234,,6.5295498,3.354439,"No 4, olumorokun street",,Lagos State,Mushin,102215,NG,NGR001,,,,
Mummy Anjola Store,SECONDARY,,,EMANL,Mummy Anjola,8181929265,+234,,6.5300388,3.3544689,12 Postoffice mushin market,,Lagos State,Mushin,102215,NG,NGR001,,,,
God's own,SECONDARY,,,EMANL,God's own,7018159608,+234,,6.5297012,3.3547928,"5 olumorokun Mushin, Lagos State, 102215, Nigeria",,Lagos State,Mushin,102215,NG,NGR001,,,,
Joseph Essien Store,SECONDARY,,,EMANL,Joseph,8066229967,+234,,6.5301207,3.3544605,"Mushin, Lagos State, 102215, Nigeria",,Lagos State,Mushin,102215,NG,NGR001,,,,
God's favors,SECONDARY,,,EMANL,Blessing,8089195268,+234,,6.5313729,3.3569333,"23, Asofiyan",,Lagos State,Mushin,102216,NG,NGR001,,,,
Yinkfab store,SECONDARY,,,EMANL,Yinkfab,8038199341,+234,,6.5301477,3.3555603,"Dada iyalode Mushin, Lagos State, 102215, Nigeria",,Lagos State,Mushin,102215,NG,NGR001,,,,
Latifat store,SECONDARY,,,EMANL,Latifat,8080444472,+234,,6.5289666,3.3550839,"No 26, idiaba ojuwoye street",,Lagos State,Mushin,102215,NG,NGR001,,,,
Iya Mubarak store,SECONDARY,,,EMANL,Iya Mubarak,8037376419,+234,,6.5297012,3.3547928,"Ojuwoye Mushin, Lagos State, 102215, Nigeria",,Lagos State,Mushin,102215,NG,NGR001,,,,
Chidebere store,SECONDARY,,,EMANL,Chidebere,7032237286,+234,,6.5301158,3.3555391,"Dada Iyalode street Mushin, Lagos State, 102215, Nigeria",,Lagos State,Mushin,102215,NG,NGR001,,,,
MMA store,SECONDARY,,,EMANL,Mmesoma,8055266601,+234,,6.458978158353384,3.2541731046312927,AB/AT 023,,Lagos State,Aiyetoto-Asogun,102113,NG,NGR001,,,,
Fathia store,SECONDARY,,,EMANL,Fathia,9132428749,+234,,6.5297012,3.3547928,"Ojuwoye Mushin, Lagos State, 102215, Nigeria",,Lagos State,Mushin,102215,NG,NGR001,,,,
Faith Store,SECONDARY,,,EMANL,Faith,8148849553,+234,,6.5298759,3.3552195,"Dada Iyalode street Mushin, Lagos State, 102215, Nigeria",,Lagos State,Mushin,102215,NG,NGR001,,,,
Ebuka store,SECONDARY,,,EMANL,Chukwuebuka,9028217119,+234,,6.5290229,3.3566824,"Ojuwoye mushin, Lagos State, 102216, Nigeria",Tolajide Health Centre,Lagos State,Mushin,102216,NG,NGR001,,,,
Mummy oreoluwa,SECONDARY,,,EMANL,Mummy oreoluwa,8020993388,+234,,6.5297792,3.3551078,"Mushin, Lagos State, 102215, Nigeria",,Lagos State,Mushin,102215,NG,NGR001,,,,
Stanley Store,SECONDARY,,,EMANL,Stanley,9165738541,+234,,6.5296898,3.3555396,"Dada Iyalode street Mushin, Lagos State, 102215, Nigeria",,Lagos State,Mushin,102215,NG,NGR001,,,,
Twins Store enterprises,SECONDARY,,,EMANL,Arayo,8033222145,+234,,6.529583,3.3561363,"Mushin, Lagos State, 102215, Nigeria",,Lagos State,Mushin,102215,NG,NGR001,,,,
Mrs toyin store,SECONDARY,,,EMANL,Toyin,8034956426,+234,,6.5303649,3.3551078,"Dadaiyalode Mushin, Lagos State, 102215, Nigeria",,Lagos State,Mushin,102215,NG,NGR001,,,,
Mummy melody stores,SECONDARY,,,EMANL,Melody,8033788010,+234,,6.5295824,3.356134,"Mushin, Lagos State, 102215, Nigeria",,Lagos State,Mushin,102215,NG,NGR001,,,,
MrHenry store,SECONDARY,,,EMANL,Henry,8031889779,+234,,6.5295661,3.3551078,"Dadaiyalode Mushin, Lagos State, 102215, Nigeria",,Lagos State,Mushin,102215,NG,NGR001,,,,
JohnsonBayo store,SECONDARY,,,EMANL,Johnson,9162810981,+234,,6.5298667,3.3543217,"Mushin, Lagos State, 102215, Nigeria",,Lagos State,Mushin,102215,NG,NGR001,,,,
Sam Donald Stores,SECONDARY,,,EMANL,Aremu,7080242221,+234,,6.5320232,3.3560526,35 Post Office mushin market,Palm Avenue,Lagos State,Mushin,102216,NG,NGR001,,,,
Iya Rofiatstore,SECONDARY,,,EMANL,Rofiat,8130961030,+234,,6.530642,3.3542054,"Dada Iyalode Mushin, Lagos State, 102215, Nigeria",,Lagos State,Mushin,102215,NG,NGR001,,,,
Destiny store,SECONDARY,,,EMANL,Destiny,8051187690,+234,,6.5299608,3.3546313,"Dadaiyalode market Mushin, Lagos State, 102215, Nigeria",,Lagos State,Mushin,102215,NG,NGR001,,,,
Koyinsola Store,SECONDARY,,,EMANL,Koyinsola,9138774142,+234,,6.5298908,3.3533461,"174 Agege Motor Road, Tinubu, Mushin, Lagos State, 100231, Nigeria",Agege Motor Road,Lagos State,Mushin,100231,NG,NGR001,,,,
Mary Venture,SECONDARY,,,EMANL,Olayemi,9055652924,+234,,6.5289332,3.3550521,"Mushin, Lagos State, 102215, Nigeria",,Lagos State,Mushin,102215,NG,NGR001,,,,
Abike store,SECONDARY,,,EMANL,Abike,7042218565,+234,,6.529325,3.3538517,"Agege Motor Road, Tinubu, Ikeja, Mushin, Lagos State, 100271, Nigeria",Agege Motor Road,Lagos State,Ikeja,100271,NG,NGR001,,,,
Aisha Store,SECONDARY,,,EMANL,Aishat,7076641366,+234,,6.52897,3.3550718,26 idi abamushin market,,Lagos State,Mushin,102215,NG,NGR001,,,,
Iya Iyabo store,SECONDARY,,,EMANL,Iya iyabo,8024799886,+234,,6.5289109,3.3549879,28 idi aba ojuwoye street mushin market,,Lagos State,Mushin,102215,NG,NGR001,,,,
Lady B store,SECONDARY,,,EMANL,Blessing,7066264382,+234,,6.5306582,3.3610918,Olateju,Olateju Street,Lagos State,Mushin,102216,NG,NGR001,,,,
Hamza,SECONDARY,,,EMANL,Hamza,8051737045,+234,,6.5306582,3.3610918,Olateju,Olateju Street,Lagos State,Mushin,102216,NG,NGR001,,,,
Yemi store,SECONDARY,,,EMANL,Yemi,9058971575,+234,,6.5305026,3.3542308,"OlumorokunMushin, Lagos State, 102215, Nigeria",,Lagos State,Mushin,102215,NG,NGR001,,,,
Temitope,SECONDARY,,,EMANL,Tope,7014697017,+234,,6.5306582,3.3610918,Ogunmokun,Olateju Street,Lagos State,Mushin,102216,NG,NGR001,,,,
Mummy twins,SECONDARY,,,EMANL,Mummy twins,8123511520,+234,,6.5297794,3.3535262,"Agege Motor Road, Tinubu, Ikeja, Mushin, Lagos State, 100271, Nigeria",Agege Motor Road,Lagos State,Ikeja,100271,NG,NGR001,,,,
Iya eniola store,SECONDARY,,,EMANL,Eniola,8066856026,+234,,6.5305138,3.3542971,"Ojuwoye Mushin, Lagos State, 102215, Nigeria",,Lagos State,Mushin,102215,NG,NGR001,,,,
Iya Bida store,SECONDARY,,,EMANL,Bida,8027108547,+234,,6.5304167,3.3544233,"Mushin, Lagos State, 102215, Nigeria",,Lagos State,Mushin,102215,NG,NGR001,,,,
Mutimat store,SECONDARY,,,EMANL,Mutimat,9091816526,+234,,6.5307283,3.3537411,"Mushin, Lagos State, 102215, Nigeria",,Lagos State,Mushin,102215,NG,NGR001,,,,
Mum David store,SECONDARY,,,EMANL,Mum David,8124362799,+234,,6.529223,3.3535262,"Dadaiyalode Mushin, Lagos State, 100231, Nigeria",Agege Motor Road,Lagos State,Mushin,100231,NG,NGR001,,,,
Iya hope store,SECONDARY,,,EMANL,Iya hope,9037326239,+234,,6.5299926,3.3533551,"Dadaiyalode Mushin, Lagos State, 100231, Nigeria",Agege Motor Road,Lagos State,Mushin,100231,NG,NGR001,,,,
Mama D,SECONDARY,,,EMANL,Mama D,8081780741,+234,,6.5308499,3.3612581,"23, asofiyan",,Lagos State,Mushin,102216,NG,NGR001,,,,
Iya aliha,SECONDARY,,,EMANL,Iya aliha,9066720076,+234,,6.5301619,3.3586658,"34,coker",Coker Street,Lagos State,Mushin,102216,NG,NGR001,,,,
Mum dara,SECONDARY,,,EMANL,Mum dara,8123207291,+234,,6.5303969,3.3575531,Coker,,Lagos State,Mushin,102216,NG,NGR001,,,,
Adunni store,SECONDARY,,,EMANL,Adunni,9130263168,+234,,6.5293662,3.3551078,"23,Asofiyan",,Lagos State,Mushin,102215,NG,NGR001,,,,
Sure boss cosmetics,SECONDARY,,,EMANL,Sure boss,8034292281,+234,,6.4604898,3.2525482,009Lagosplaza,,Lagos State,Aiyetoto-Asogun,102113,NG,NGR001,,,,
Queensley stores,SECONDARY,,,EMANL,Queen,8034905630,+234,,6.460215259511196,3.252975328099796,F 121 Lagos plaza,,Lagos State,Aiyetoto-Asogun,102113,NG,NGR001,,,,
Mama princess store,SECONDARY,,,EMANL,Mama princess,8033371568,+234,,6.4601553,3.2528625,F040 lagos plaza,,Lagos State,Aiyetoto-Asogun,102113,NG,NGR001,,,,
Mummy ejima store,SECONDARY,,,EMANL,Mummy ejima store,8137990677,+234,,6.4604898,3.2525482,B13 Lagos plaza,,Lagos State,Aiyetoto-Asogun,102113,NG,NGR001,,,,
Madam favor ofGod,SECONDARY,,,EMANL,Madam favour,8063499917,+234,,6.4607031,3.252645,B025,,Lagos State,Aiyetoto-Asogun,102113,NG,NGR001,,,,
IzuChukwukariri global,SECONDARY,,,EMANL,Izuchukwu,8109401654,+234,,6.4604898,3.2525482,B024Lagosplaza,,Lagos State,Aiyetoto-Asogun,102113,NG,NGR001,,,,
Blessed Tomex,SECONDARY,,,EMANL,Tochukwu,7033488083,+234,,6.4604695,3.2521479,F54 Lagosplaza,,Lagos State,Aiyetoto-Asogun,102113,NG,NGR001,,,,
Amaka Meze,SECONDARY,,,EMANL,Amaka Meze,7033397943,+234,,6.4606832,3.2527174,B021Lagosplaza,,Lagos State,Aiyetoto-Asogun,102113,NG,NGR001,,,,
E makar store,SECONDARY,,,EMANL,Timothy,7032213420,+234,,6.4607442,3.2517642,12 portion B,,Lagos State,Aiyetoto-Asogun,102113,NG,NGR001,,,,
Mum chimera store,SECONDARY,,,EMANL,Mum Chimera,8063900156,+234,,6.4608939,3.2520742,F109 Lagos plaza,,Lagos State,Aiyetoto-Asogun,102113,NG,NGR001,,,,
OBJ store,SECONDARY,,,EMANL,Obj,8023404146,+234,,6.4609196,3.2520717,D036 lagos plaza,,Lagos State,Aiyetoto-Asogun,102113,NG,NGR001,,,,
Estivia international,SECONDARY,,,EMANL,Estivia,8110361570,+234,,6.4609194,3.2520816,D0370 Lagos plaza,,Lagos State,Aiyetoto-Asogun,102113,NG,NGR001,,,,
Rehoboth store,SECONDARY,,,EMANL,Rehoboth,8034922302,+234,,6.460685,3.2527225,D048,,Lagos State,Aiyetoto-Asogun,102113,NG,NGR001,,,,
Christy store,SECONDARY,,,EMANL,Ijeoma,8069684185,+234,,6.460894,3.2520656,Shop 5 Nnaji plaza opposite Lagos plaza,,Lagos State,Aiyetoto-Asogun,102113,NG,NGR001,,,,
Lilian ifeoma store,SECONDARY,,,EMANL,Lilian ifeoma,8037117053,+234,,6.4604938,3.2519197,B019,,Lagos State,Aiyetoto-Asogun,102113,NG,NGR001,,,,
Mrs God's power,SECONDARY,,,EMANL,God's power store,7066684176,+234,,6.4607891,3.2526976,D047Lagosplaza,,Lagos State,Aiyetoto-Asogun,102113,NG,NGR001,,,,
Able God,SECONDARY,,,EMANL,Able God,8035361502,+234,,6.4608244,3.2522339,D41 Lagos plaza,,Lagos State,Aiyetoto-Asogun,102113,NG,NGR001,,,,
Nekvine investment,SECONDARY,,,EMANL,Nekvine,8033286621,+234,,6.4607677,3.2526808,D008 Lagos plaza,,Lagos State,Aiyetoto-Asogun,102113,NG,NGR001,,,,
Oma's store,SECONDARY,,,EMANL,Oma,7032053314,+234,,6.4609196,3.2520738,Shop p09 Lagos plaza,,Lagos State,Aiyetoto-Asogun,102113,NG,NGR001,,,,
Great ifeany,SECONDARY,,,EMANL,Ifeany,8035427523,+234,,6.4609013,3.2520919,Shop c 28/c 590 lagos plaza,,Lagos State,Aiyetoto-Asogun,102113,NG,NGR001,,,,
Divine sucess,SECONDARY,,,EMANL,Divine sucess,7064214878,+234,,6.4608177,3.2506959,G21 Lagos plaza,,Lagos State,Aiyetoto-Asogun,102113,NG,NGR001,,,,
Adetella Store,SECONDARY,,,EMANL,Ade,8037779108,+234,,6.5310203,3.3566824,"Mushin, Lagos State, 102215, Nigeria",,Lagos State,Mushin,102215,NG,NGR001,,,,
Ugobest investment,SECONDARY,,,EMANL,U go best,8063101608,+234,,6.4610003,3.2521942,D24Lagosplaza,,Lagos State,Aiyetoto-Asogun,102113,NG,NGR001,,,,
Chinny stores,SECONDARY,,,EMANL,Adaeze,7038271296,+234,,6.460340664404547,3.252608485211308,Cant 4 Lagos plaza,,Lagos State,Aiyetoto-Asogun,102113,NG,NGR001,,,,
Eddchrisity Megachain,SECONDARY,,,EMANL,Christiana,8149115404,+234,,6.460340664404547,3.252608485211308,D044 Lagos plaza,,Lagos State,Aiyetoto-Asogun,102113,NG,NGR001,,,,
Tonkchuh investment,SECONDARY,,,EMANL,Tonkchuh,9065598163,+234,,6.461068,3.2523087,D019 Niger 1,,Lagos State,Aiyetoto-Asogun,102113,NG,NGR001,,,,
Divine gift,SECONDARY,,,EMANL,Divine gift,8134595891,+234,,6.4610073,3.2522491,C08 kwara plaza,,Lagos State,Aiyetoto-Asogun,102113,NG,NGR001,,,,
Anyison partners,SECONDARY,,,EMANL,Madam Onyinye,8034273329,+234,,6.4594961,3.2519197,Shop 4call park,,Lagos State,Aiyetoto-Asogun,102113,NG,NGR001,,,,
Ego investment,SECONDARY,,,EMANL,Ego,7039724018,+234,,6.4594961,3.2519197,Finders plaza C 04,,Lagos State,Aiyetoto-Asogun,102113,NG,NGR001,,,,
Mama Ada store,SECONDARY,,,EMANL,Mama Ada,8022748896,+234,,6.4610985,3.2522832,Kwara plaza p010/11,,Lagos State,Aiyetoto-Asogun,102113,NG,NGR001,,,,
Chidima store,SECONDARY,,,EMANL,Chidima,8030459560,+234,,6.4588489,3.2490913,F048 Lago plaza,,Lagos State,Aiyetoto-Asogun,102113,NG,NGR001,,,,
Bllessol Concept limited,SECONDARY,,,EMANL,Blessed,7068935581,+234,,6.4618281,3.2512911,A 025 Anambra plaza,,Lagos State,Aiyetoto-Asogun,102113,NG,NGR001,,,,
ID white,SECONDARY,,,EMANL,ID white,8034393039,+234,,6.4610095,3.2522359,007 kwara plaza,,Lagos State,Aiyetoto-Asogun,102113,NG,NGR001,,,,
Godcare investment,SECONDARY,,,EMANL,God care,8034634668,+234,,6.4610528,3.252244,Att b01 kwara plaza,,Lagos State,Aiyetoto-Asogun,102113,NG,NGR001,,,,
Precious store,SECONDARY,,,EMANL,Precious shop,8162134554,+234,,6.461008,3.2522573,Kwara plaza,,Lagos State,Aiyetoto-Asogun,102113,NG,NGR001,,,,
Amara store,SECONDARY,,,EMANL,Amara,8038672560,+234,,6.4610058,3.2522389,Kwara plaza,,Lagos State,Aiyetoto-Asogun,102113,NG,NGR001,,,,
Ada Zion store,SECONDARY,,,EMANL,Ada Zion,7065725902,+234,,6.4605568,3.2520488,A036,,Lagos State,Aiyetoto-Asogun,102113,NG,NGR001,,,,
Chris Bonn invest,SECONDARY,,,EMANL,Chris bobn,7039147281,+234,,6.4609969,3.2522714,C001 kwara plaza,,Lagos State,Aiyetoto-Asogun,102113,NG,NGR001,,,,
Blessed nelly venture,SECONDARY,,,EMANL,Blessed nelly venture,8034748994,+234,,6.4610074,3.2522394,Kwara plaza,,Lagos State,Aiyetoto-Asogun,102113,NG,NGR001,,,,
Akanwachikwu store,SECONDARY,,,EMANL,Okeafo,7078974252,+234,,6.4605394,3.2520713,A037 LagosPlaza,,Lagos State,Aiyetoto-Asogun,102113,NG,NGR001,,,,
Olu Stores,SECONDARY,,,EMANL,Olu,8109486155,+234,,6.5299998,3.3549029,Dadaiyalode street mushin market,,Lagos State,Mushin,102215,NG,NGR001,,,,
Emperor,SECONDARY,,,EMANL,Emperior,8161126771,+234,,6.4611747,3.2522223,016 kwara plaza,,Lagos State,Aiyetoto-Asogun,102113,NG,NGR001,,,,
Divine Grace,SECONDARY,,,EMANL,Divine Grace,8136405533,+234,,6.4594961,3.2519197,BB L Lagos Plaza F0.2,,Lagos State,Aiyetoto-Asogun,102113,NG,NGR001,,,,
Mama ebuka store,SECONDARY,,,EMANL,Mama ebuka,8034708817,+234,,6.4609947,3.2520036,016Lagos plaza,,Lagos State,Aiyetoto-Asogun,102113,NG,NGR001,,,,
De-ferdinard investment,SECONDARY,,,EMANL,De Ferdinard,8065252462,+234,,6.460899,3.2521104,F015  lagos plaza,,Lagos State,Aiyetoto-Asogun,102113,NG,NGR001,,,,
Olu king,SECONDARY,,,EMANL,Olu king,9091371325,+234,,6.4611735,3.2516529,D005 Nuger 1,,Lagos State,Aiyetoto-Asogun,102113,NG,NGR001,,,,
Loretta store,SECONDARY,,,EMANL,Loretta,9065869614,+234,,6.460904,3.2520433,Wazinga plaza,,Lagos State,Aiyetoto-Asogun,102113,NG,NGR001,,,,
Tochukwu store,SECONDARY,,,EMANL,Tochukwu,9039001492,+234,,6.4608558,3.2519616,F18 Lagos plaza,,Lagos State,Aiyetoto-Asogun,102113,NG,NGR001,,,,
May Store,SECONDARY,,,EMANL,Mjay,8136899819,+234,,6.530761,3.3541601,Postoffice mushin market,,Lagos State,Mushin,102215,NG,NGR001,,,,
Aunty titi,SECONDARY,,,EMANL,Titi,8038398689,+234,,6.5306432,3.3541141,Abolade,,Lagos State,Mushin,102215,NG,NGR001,,,,
Iya seun,SECONDARY,,,EMANL,Iya seun,8080421634,+234,,6.5306889,3.3540962,Abolade,,Lagos State,Mushin,102215,NG,NGR001,,,,
Hadija store,SECONDARY,,,EMANL,Hadija,9017606426,+234,,6.5305439,3.3541835,Abolade,,Lagos State,Mushin,102215,NG,NGR001,,,,
Estivin  store,SECONDARY,,,EMANL,Olivia,8033727254,+234,,6.4607592,3.251374,B012,,Lagos State,Aiyetoto-Asogun,102113,NG,NGR001,,,,
God's Blessings,SECONDARY,,,EMANL,Blessing,7068066103,+234,,6.4610379,3.2513379,G031,,Lagos State,Aiyetoto-Asogun,102113,NG,NGR001,,,,
Iya kadija store,SECONDARY,,,EMANL,Iya kadija,7080549264,+234,,6.5307062,3.3538481,Abolade,,Lagos State,Mushin,102215,NG,NGR001,,,,
Sanni store,SECONDARY,,,EMANL,Sanni,8086580423,+234,,6.5327593,3.3541114,Shop35 powa shop ayatunga,,Lagos State,Mushin,102216,NG,NGR001,,,,
Loveth store,SECONDARY,,,EMANL,Loveth,8034967204,+234,,6.4601206,3.2511063,Anambra plaza F22,,Lagos State,Aiyetoto-Asogun,102113,NG,NGR001,,,,
Charity store,SECONDARY,,,EMANL,Charity,8033774312,+234,,6.460421,3.2513781,H001 Anambra plaza,,Lagos State,Aiyetoto-Asogun,102113,NG,NGR001,,,,
Madam Onyia store,SECONDARY,,,EMANL,Obiageli,8033519533,+234,,6.460340664404547,3.252608485211308,C 013 Lagos plaza,,Lagos State,Aiyetoto-Asogun,102113,NG,NGR001,,,,
Obomate store,SECONDARY,,,EMANL,Obamate,8030971857,+234,,6.460340664404547,3.252608485211308,F 047 Lagos plaza,,Lagos State,Aiyetoto-Asogun,102113,NG,NGR001,,,,
Mama Nnena store,SECONDARY,,,EMANL,Chiamaka,8183204785,+234,,6.460340664404547,3.252608485211308,D 025,,Lagos State,Aiyetoto-Asogun,102113,NG,NGR001,,,,
Uzoiyke Investment,SECONDARY,,,EMANL,Patience,8038111450,+234,,6.460340664404547,3.252608485211308,Shop F 059 Lagos plaza,,Lagos State,Aiyetoto-Asogun,102113,NG,NGR001,,,,
Praise Dee,SECONDARY,,,EMANL,Nnanna Ngozi,8033571153,+234,,6.460340664404547,3.252608485211308,C 031 Lagos plaza,,Lagos State,Aiyetoto-Asogun,102113,NG,NGR001,,,,
Gods will stores,SECONDARY,,,EMANL,Madam,8033293419,+234,,6.460954891775591,3.252266382160074,C 029 Lagos plaza,,Lagos State,Aiyetoto-Asogun,102113,NG,NGR001,,,,
Sam Obi Investment,SECONDARY,,,EMANL,Obi Ifeanyi,8033005971,+234,,6.460340664404547,3.252608485211308,A 038 Lagos plaza,,Lagos State,Aiyetoto-Asogun,102113,NG,NGR001,,,,
Ada store,SECONDARY,,,EMANL,Ada,8038216102,+234,,6.460340664404547,3.252608485211308,A 0036 Lagos Plaza,,Lagos State,Aiyetoto-Asogun,102113,NG,NGR001,,,,
Taiwo store,SECONDARY,,,EMANL,Taiwo,8022660339,+234,,6.5342135,3.3559845,"32, Asofiyan",,Lagos State,Mushin,102216,NG,NGR001,,,,
MumMelody,SECONDARY,,,EMANL,Mum Melody,7053916280,+234,,6.534213,3.3559806,Ojuwoye,,Lagos State,Mushin,102216,NG,NGR001,,,,
Adam store,SECONDARY,,,EMANL,Adam,9137317247,+234,,6.5300563,3.3532136,"Agege Motor Road, Tinubu, Mushin, Lagos State, 100231, Nigeria",Agege Motor Road,Lagos State,Mushin,100231,NG,NGR001,,,,
Naira investment,SECONDARY,,,EMANL,Naira investment,7041056340,+234,,6.4603039,3.2514158,IOB shop 2,,Lagos State,Aiyetoto-Asogun,102113,NG,NGR001,,,,
Annybest,SECONDARY,,,EMANL,Annybest,8065932960,+234,,6.5305523,3.3534304,202 Agege motor road mushin market,,Lagos State,Mushin,102215,NG,NGR001,,,,
Nichgatha int'l,SECONDARY,,,EMANL,Nich,8031875335,+234,,6.4594961,3.2519197,B 013 Anambra,,Lagos State,Aiyetoto-Asogun,102113,NG,NGR001,,,,
Bosa store,SECONDARY,,,EMANL,Bosa,9058844971,+234,,6.5284667,3.3539467,"Agege Motor Road, Tinubu, Ikeja, Mushin, Lagos State, 100271, Nigeria",Agege Motor Road,Lagos State,Ikeja,100271,NG,NGR001,,,,
Dave peace store,SECONDARY,,,EMANL,Iya David,8050771714,+234,,6.5342132,3.3559796,36Asofiyan,,Lagos State,Mushin,102216,NG,NGR001,,,,
E.C Mekannas enterprises,SECONDARY,,,EMANL,Mekannas,9097398509,+234,,6.458656,3.252037,A10 yobe plaza,,Lagos State,Aiyetoto-Asogun,102113,NG,NGR001,,,,
Iya lekan,SECONDARY,,,EMANL,Iya lekan,8091923291,+234,,6.5342424,3.3564005,Ojuwoye,,Lagos State,Mushin,102216,NG,NGR001,,,,
Abosede store,SECONDARY,,,EMANL,Abosede,8129020753,+234,,6.5278145,3.3540763,"Agege Motor Road, Tinubu, Mushin, Lagos State, 100231, Nigeria",Agege Motor Road,Lagos State,Mushin,100231,NG,NGR001,,,,
L.D Nwaolisa,SECONDARY,,,EMANL,Nwaolisa,7061068345,+234,,6.4606556,3.2521929,C011 Lagos plaza,,Lagos State,Aiyetoto-Asogun,102113,NG,NGR001,,,,
Jonnelson globally resource,SECONDARY,,,EMANL,Jonnelson,8030502204,+234,,6.5278121,3.3540616,"Agege Motor Road, Tinubu, Mushin, Lagos State, 100231, Nigeria",Agege Motor Road,Lagos State,Mushin,100231,NG,NGR001,,,,
Iya Adura,SECONDARY,,,EMANL,Adura,9115889118,+234,,6.528865,3.3536767,"Agege Motor Road, Tinubu, Mushin, Lagos State, 100231, Nigeria",Agege Motor Road,Lagos State,Mushin,100231,NG,NGR001,,,,
Iya Amoria store,SECONDARY,,,EMANL,Amoria,8053777834,+234,,6.528885,3.3529367,"Market Street Mushin, Lagos State, 102215, Nigeria",,Lagos State,Mushin,102215,NG,NGR001,,,,
Iya Ganiya store,SECONDARY,,,EMANL,Iya Ganiya,8038426779,+234,,6.5289262,3.3524281,Market street mushin market,,Lagos State,Mushin,102215,NG,NGR001,,,,
Iya Biliki store,SECONDARY,,,EMANL,Biliki,9077737976,+234,,6.5288517,3.35256,"Market Street Mushin, Lagos State, 102215, Nigeria",,Lagos State,Mushin,102215,NG,NGR001,,,,
Wealth resources,SECONDARY,,,EMANL,Wealth,8101054636,+234,,6.4594961,3.2519197,F 096 Lagos Plaza,,Lagos State,Aiyetoto-Asogun,102113,NG,NGR001,,,,
Alex Shola Enterprise,SECONDARY,,,EMANL,Alex,7080459611,+234,,6.460340664404547,3.252608485211308,F 105 Lagos plaza,,Lagos State,Aiyetoto-Asogun,102113,NG,NGR001,,,,
Iya Lol adegoke Shop,SECONDARY,,,EMANL,Iya Lolade,8023825545,+234,,6.5289241,3.352438,Market street mushin market,,Lagos State,Mushin,102215,NG,NGR001,,,,
Chydan,SECONDARY,,,EMANL,Madam Chinyere,8061677088,+234,,6.4618281,3.2512911,F 16 Lagos Plaza,,Lagos State,Aiyetoto-Asogun,102113,NG,NGR001,,,,
Bola b,SECONDARY,,,EMANL,Bola,8100026198,+234,,6.4608082,3.2523527,D035 lagos plaza,,Lagos State,Aiyetoto-Asogun,102113,NG,NGR001,,,,
Larry trading store,SECONDARY,,,EMANL,Larry,8055439372,+234,,6.4610397,3.2522194,Kwara plaza,,Lagos State,Aiyetoto-Asogun,102113,NG,NGR001,,,,
Fransisco Ventures,SECONDARY,,,EMANL,Fransisco,9034159955,+234,,6.4594961,3.2519197,F01 Lagos Plaza,,Lagos State,Aiyetoto-Asogun,102113,NG,NGR001,,,,
Jisty ventures,SECONDARY,,,EMANL,Emeka,7035744013,+234,,6.4607611,3.2513819,E010 Anambra plaza,,Lagos State,Aiyetoto-Asogun,102113,NG,NGR001,,,,
Mary o store,SECONDARY,,,EMANL,Mary,8034427493,+234,,6.4610374,3.2521964,F24 Lagos plaza,,Lagos State,Aiyetoto-Asogun,102113,NG,NGR001,,,,
Ebutex store,SECONDARY,,,EMANL,Ebuka,8030438777,+234,,6.460537,3.2520335,F061,,Lagos State,Aiyetoto-Asogun,102113,NG,NGR001,,,,
Pirex store,SECONDARY,,,EMANL,Ngozi,7034643998,+234,,6.4607331,3.252177,F060,,Lagos State,Aiyetoto-Asogun,102113,NG,NGR001,,,,
Brightest stores,SECONDARY,,,EMANL,Bright,8065688338,+234,,6.460340664404547,3.252608485211308,F 074 Lagos plaza,,Lagos State,Aiyetoto-Asogun,102113,NG,NGR001,,,,
Zara babies worlds,SECONDARY,,,EMANL,Francica,7037946970,+234,,6.4604194,3.2513685,F041Anambra plaza,,Lagos State,Aiyetoto-Asogun,102113,NG,NGR001,,,,
Blessing store,SECONDARY,,,EMANL,Blessing,9127083181,+234,,6.5302246,3.3531926,"Agege Motor Road, Tinubu, Mushin, Lagos State, 100231, Nigeria",Agege Motor Road,Lagos State,Mushin,100231,NG,NGR001,,,,
Divine Tonia,SECONDARY,,,EMANL,Mrs Azuka Tonia,8035139119,+234,,6.460340664404547,3.252608485211308,A 039 Lagos plaza,,Lagos State,Aiyetoto-Asogun,102113,NG,NGR001,,,,
Fefebaby,SECONDARY,,,EMANL,Ifeanyi,8069118021,+234,,6.460383249875754,3.251585668422013,F 20 Lagos plaza,,Lagos State,Aiyetoto-Asogun,102113,NG,NGR001,,,,
AuntyBose,SECONDARY,,,EMANL,Bose,8027921601,+234,,6.5323177,3.3530291,Ojuwoye,,Lagos State,Mushin,102216,NG,NGR001,,,,
Deborah store,SECONDARY,,,EMANL,Deborah,9134294739,+234,,6.5303944,3.3542115,Ojuwoye,,Lagos State,Mushin,102215,NG,NGR001,,,,
Fausa store,SECONDARY,,,EMANL,Fausa,8125595669,+234,,6.5301196,3.3540978,Awolowo market,,Lagos State,Mushin,102215,NG,NGR001,,,,
Iya Azeema,SECONDARY,,,EMANL,Iya Azeema,8104484085,+234,,6.5301326,3.3540867,Ojuwoye,,Lagos State,Mushin,102215,NG,NGR001,,,,
Iya ire,SECONDARY,,,EMANL,Iya ire,9042887405,+234,,6.5294659,3.3544574,Ojuwoye,,Lagos State,Mushin,102215,NG,NGR001,,,,
Funmi store,SECONDARY,,,EMANL,Funmi,7069288070,+234,,6.5299453,3.3557446,Abolade,,Lagos State,Mushin,102215,NG,NGR001,,,,
Lateefat Stores,SECONDARY,,,EMANL,Lateefat stores,8055174199,+234,,6.5307041,3.3534959,Post Office mushin market,,Lagos State,Mushin,102215,NG,NGR001,,,,
Shakena,SECONDARY,,,EMANL,Shekina,7039734884,+234,,6.4609911,3.2521149,B02,,Lagos State,Aiyetoto-Asogun,102113,NG,NGR001,,,,
Iya Bukky store,SECONDARY,,,EMANL,Bukky,8023198821,+234,,6.5298926,3.3552576,"No10, Ojuwoye marketMushin",,Lagos State,Mushin,102215,NG,NGR001,,,,
Ever innocent,SECONDARY,,,EMANL,Innocent,8030968006,+234,,6.460362146174869,3.251442239243471,A 021 Anambra plaza,,Lagos State,Aiyetoto-Asogun,102113,NG,NGR001,,,,
Fortune store,SECONDARY,,,EMANL,Fortune,8033775242,+234,,6.460369706474216,3.251574265305702,D 02 Founders plaza,,Lagos State,Aiyetoto-Asogun,102113,NG,NGR001,,,,
Vasoria,SECONDARY,,,EMANL,Victoria,8150665439,+234,,6.460251586552129,3.2512163260886204,A 019 Anambra plaza,,Lagos State,Aiyetoto-Asogun,102113,NG,NGR001,,,,
ElMara Ventures,SECONDARY,,,EMANL,Ebube,8066014014,+234,,6.460359458344802,3.251585983049349,A 20 anambara plaza,,Lagos State,Aiyetoto-Asogun,102113,NG,NGR001,,,,
CY,SECONDARY,,,EMANL,Glory,9164149784,+234,,6.460338418042576,3.2512829671084025,F 042 Anambara plaza,,Lagos State,Aiyetoto-Asogun,102113,NG,NGR001,,,,
Haminat store,SECONDARY,,,EMANL,Haminat,8030458866,+234,,6.5297547,3.3553004,"Dadaiyalode Mushin, Lagos State, 102215, Nigeria",,Lagos State,Mushin,102215,NG,NGR001,,,,
Iya Rofiatstore,SECONDARY,,,EMANL,Rofiat,9114727429,+234,,6.5299603,3.3550512,Dada IyalodeMushin,,Lagos State,Mushin,102215,NG,NGR001,,,,
Iya barakat store,SECONDARY,,,EMANL,Barakat,9131926425,+234,,6.5296367,3.3558372,Dada Iyalode street,,Lagos State,Mushin,102215,NG,NGR001,,,,
Opeyemi store,SECONDARY,,,EMANL,Opeyemi,9122362888,+234,,6.5295682,3.3559724,"Ojuwoye Mushin, Lagos State, 102215, Nigeria",,Lagos State,Mushin,102215,NG,NGR001,,,,
Iya ifeanyistore,SECONDARY,,,EMANL,Ifeanyi,8168279474,+234,,6.5292348,3.3555123,Dada Iyalode market,,Lagos State,Mushin,102215,NG,NGR001,,,,
Kent store,SECONDARY,,,EMANL,Kent,9032703910,+234,,6.5306095,3.3541681,"Ojuwoye Mushin, Lagos State, 102215, Nigeria",,Lagos State,Mushin,102215,NG,NGR001,,,,
Albarika Alhaja store,SECONDARY,,,EMANL,Albarika Alhaja,8067242730,+234,,6.5291167,3.3533767,"250 Agege Motor Road, Tinubu, Mushin, Lagos State, 100231, Nigeria",Agege Motor Road,Lagos State,Mushin,100231,NG,NGR001,,,,
Emma store,SECONDARY,,,EMANL,Emmanuel,9070129495,+234,,6.530721,3.3541717,Ojuwoye,,Lagos State,Mushin,102215,NG,NGR001,,,,
Anuhight,SECONDARY,,,EMANL,Iya Rapheal,7017465963,+234,,6.5292546,3.3535216,"Agege Motor Road, Tinubu, Mushin, Lagos State, 100231, Nigeria",Agege Motor Road,Lagos State,Mushin,100231,NG,NGR001,,,,
Gloria store,SECONDARY,,,EMANL,Gloria,7082602054,+234,,6.5303619,3.3541855,Olumoruko,,Lagos State,Mushin,102215,NG,NGR001,,,,
Mivicky store,SECONDARY,,,EMANL,Mivicky,8033870609,+234,,6.4607414,3.2520087,C015Lagosplaza,,Lagos State,Aiyetoto-Asogun,102113,NG,NGR001,,,,
Baba olu store,SECONDARY,,,EMANL,Baba olu,8080827389,+234,,6.530272,3.3542511,"Olumorokun Mushin, Lagos State, 102215, Nigeria",,Lagos State,Mushin,102215,NG,NGR001,,,,
Iya IBeji store,SECONDARY,,,EMANL,Iya IBeji,8125309450,+234,,6.5278059,3.3530114,"Isolo Road, Mushin, Lagos State, 102215, Nigeria",Isolo Road,Lagos State,Mushin,102215,NG,NGR001,,,,
Glory of God,SECONDARY,,,EMANL,Glory,8033272690,+234,,6.4604538,3.2521552,B004 Lagos Plaza,,Lagos State,Aiyetoto-Asogun,102113,NG,NGR001,,,,
Madam oby,SECONDARY,,,EMANL,Madam oby,8033519553,+234,,6.4607416,3.2520074,C013,,Lagos State,Aiyetoto-Asogun,102113,NG,NGR001,,,,
Halimah Abiodun,SECONDARY,,,EMANL,Halimah,7087489704,+234,,6.5277823,3.3531814,"Isolo Road, Mushin, Lagos State, 102215, Nigeria",Isolo Road,Lagos State,Mushin,102215,NG,NGR001,,,,
Obijabson store,SECONDARY,,,EMANL,Nnonye,8037183277,+234,,6.4610591,3.2525117,ATT c006 kwara plaza,,Lagos State,Aiyetoto-Asogun,102113,NG,NGR001,,,,
Asake store,SECONDARY,,,EMANL,Asake,8086263491,+234,,6.5302655,3.354237,"Olumorokun Mushin, Lagos State, 102215, Nigeria",,Lagos State,Mushin,102215,NG,NGR001,,,,
Fortsyl food,SECONDARY,,,EMANL,Fortsyl food,7030488610,+234,,6.4606792,3.2521089,C009Lagos plaza,,Lagos State,Aiyetoto-Asogun,102113,NG,NGR001,,,,
Perry store,SECONDARY,,,EMANL,Chinemere,8146815086,+234,,6.5302493,3.3542459,Olumoruko,,Lagos State,Mushin,102215,NG,NGR001,,,,
Sholaranty Ventures,SECONDARY,,,EMANL,Sholaranty,7030987486,+234,,6.5277122,3.3535331,"Ibiosi street Isolo Road, Mushin, Lagos State, 102215, Nigeria",Isolo Road,Lagos State,Mushin,102215,NG,NGR001,,,,
Amaka venture,SECONDARY,,,EMANL,Ama venture,8101808890,+234,,6.4608021,3.2519575,F062Lagosplaza,,Lagos State,Aiyetoto-Asogun,102113,NG,NGR001,,,,
Mr Chika,SECONDARY,,,EMANL,Chika,8035345303,+234,,6.4608068,3.2519583,B03 Lagos Plaza,,Lagos State,Aiyetoto-Asogun,102113,NG,NGR001,,,,
Ijeoma west,SECONDARY,,,EMANL,Ijeoma west,8035495771,+234,,6.4608023,3.2519572,F063,,Lagos State,Aiyetoto-Asogun,102113,NG,NGR001,,,,
Divine Store,SECONDARY,,,EMANL,Divine,8052283219,+234,,6.5278987,3.3518187,"Ibiosi Isolo Road, Mushin, Lagos State, 102215, Nigeria",Isolo Road,Lagos State,Mushin,102215,NG,NGR001,,,,
Fowosere store,SECONDARY,,,EMANL,Fowosere,9026235887,+234,,6.52732,3.3520767,"Ibiosi street Mushin, Lagos State, 102215, Nigeria",,Lagos State,Mushin,102215,NG,NGR001,,,,
Mummy KC store,SECONDARY,,,EMANL,Mummy kc,8082752100,+234,,6.5268075,3.3523019,"Paul Okuntola Street, Mushin, Lagos State, 102215, Nigeria",Paul Okuntola Street,Lagos State,Mushin,102215,NG,NGR001,,,,
Jonang,SECONDARY,,,EMANL,Jonang,8033885095,+234,,6.4610504,3.2516689,F01 Anambra plaza,,Lagos State,Aiyetoto-Asogun,102113,NG,NGR001,,,,
Okanwachukwu,SECONDARY,,,EMANL,Okanwachukwu,7078974352,+234,,6.4605435,3.2520433,A037,,Lagos State,Aiyetoto-Asogun,102113,NG,NGR001,,,,
Miachy,SECONDARY,,,EMANL,Miachy,9153005264,+234,,6.4609749,3.2521181,F21 Lagos Plaza,,Lagos State,Aiyetoto-Asogun,102113,NG,NGR001,,,,
Store ATT 07,SECONDARY,,,EMANL,ATT07,8036514960,+234,,6.4619922,3.2521754,ATT07 Niger 1,,Lagos State,Aiyetoto-Asogun,102113,NG,NGR001,,,,
Mba Global service,SECONDARY,,,EMANL,Nkem,8036906036,+234,,6.4615139,3.2524232,ATT 068 Niger 1,,Lagos State,Aiyetoto-Asogun,102113,NG,NGR001,,,,
Iya Shukura store,SECONDARY,,,EMANL,Shukura,9163290971,+234,,6.528045,3.3535331,"Ibiosi street, Mushin, Lagos State, 102215, Nigeria",Isolo Road,Lagos State,Mushin,102215,NG,NGR001,,,,
Triple A store,SECONDARY,,,EMANL,Triple A,9028899393,+234,,6.5303469,3.3542185,"Olumorokun Mushin, Lagos State, 102215, Nigeria",,Lagos State,Mushin,102215,NG,NGR001,,,,
Blessed woman store,SECONDARY,,,EMANL,Blessed,8141635735,+234,,6.4609092,3.2513184,B024 Anambra plaza,,Lagos State,Aiyetoto-Asogun,102113,NG,NGR001,,,,
Maggie store,SECONDARY,,,EMANL,Maggie,8024018537,+234,,6.531509,3.3570336,Ogunmokun,,Lagos State,Mushin,102216,NG,NGR001,,,,
Jessica,SECONDARY,,,EMANL,Tope,9029065619,+234,,6.5321361,3.3582532,Mushin,,Lagos State,Mushin,102216,NG,NGR001,,,,
Chosen store,SECONDARY,,,EMANL,Chosen,7066330359,+234,,6.461444,3.251524,B9 Anambra plaza,,Lagos State,Aiyetoto-Asogun,102113,NG,NGR001,,,,
Monica ventures,SECONDARY,,,EMANL,Monica,9035224471,+234,,6.5311385,3.3608029,Ilasa,Olateju Street,Lagos State,Mushin,102216,NG,NGR001,,,,
D ventures cosmetics,SECONDARY,,,EMANL,Ify,7083297569,+234,,6.458958946358734,3.250905873459433,Att Ondo plaza,,Lagos State,Aiyetoto-Asogun,102113,NG,NGR001,,,,
Sandra store,SECONDARY,,,EMANL,Sandra,9078255718,+234,,6.5310465,3.3613706,Ogunmokun,,Lagos State,Mushin,102216,NG,NGR001,,,,
Martha store,SECONDARY,,,EMANL,Martha,9060227332,+234,,6.529988,3.3545841,Dada iyalode,,Lagos State,Mushin,102215,NG,NGR001,,,,
Divine blessing,SECONDARY,,,EMANL,Blessing,7034939065,+234,,6.4609872,3.2521111,F 110 Lagos Plaza,,Lagos State,Aiyetoto-Asogun,102113,NG,NGR001,,,,
Fatima store,SECONDARY,,,EMANL,Fatima,9068053236,+234,,6.5310351,3.3613878,Olateju,,Lagos State,Mushin,102216,NG,NGR001,,,,
Ugwu,SECONDARY,,,EMANL,Ugwu,8138916489,+234,,6.4605454,3.252044,Lagos plaza,,Lagos State,Aiyetoto-Asogun,102113,NG,NGR001,,,,
Divine Beauty world,SECONDARY,,,EMANL,Divine,9166490400,+234,,6.458639515898785,3.2508207075887703,CB 075 ATT ooo benue,,Lagos State,Aiyetoto-Asogun,102113,NG,NGR001,,,,
Sab Mary store,SECONDARY,,,EMANL,Sab Mary store,8035228771,+234,,6.4605456,3.2520855,A033 Lagos plaza,,Lagos State,Aiyetoto-Asogun,102113,NG,NGR001,,,,
JC Ventures,SECONDARY,,,EMANL,JC,9136881045,+234,,6.4601806,3.2529065,F 033 Lagos,,Lagos State,Aiyetoto-Asogun,102113,NG,NGR001,,,,
Victory store,SECONDARY,,,EMANL,Mr Victory store,7064778800,+234,,6.4605818,3.2521459,029 Lagos plaza,,Lagos State,Aiyetoto-Asogun,102113,NG,NGR001,,,,
SO Good,SECONDARY,,,EMANL,Madam Celestina,8068366690,+234,,6.4602708,3.2526657,F 086 Lagos Plaza,,Lagos State,Aiyetoto-Asogun,102113,NG,NGR001,,,,
Emperior,SECONDARY,,,EMANL,Emperior,7033716471,+234,,6.4610525,3.2523734,A016 kwara,,Lagos State,Aiyetoto-Asogun,102113,NG,NGR001,,,,
Concordia,SECONDARY,,,EMANL,Concordia,8036708571,+234,,6.4605555,3.2521377,A027Lagos plaza,,Lagos State,Aiyetoto-Asogun,102113,NG,NGR001,,,,
Dee supa mart,SECONDARY,,,EMANL,Glory,7085362932,+234,,6.457916051688067,3.2502600767442313,A 065,,Lagos State,Aiyetoto-Asogun,102113,NG,NGR001,,,,
Madam Success store,SECONDARY,,,EMANL,Success,8037859363,+234,,6.4611207,3.2512908,AT 006 Anambra plaza,,Lagos State,Aiyetoto-Asogun,102113,NG,NGR001,,,,
Abere store,SECONDARY,,,EMANL,Gift,8064085760,+234,,6.4611218,3.2512616,D020 Anambra plaza,,Lagos State,Aiyetoto-Asogun,102113,NG,NGR001,,,,
God gives store,SECONDARY,,,EMANL,Godgift,8060694559,+234,,6.4611754,3.2502101,04 Niger 2,,Lagos State,Aiyetoto-Asogun,102113,NG,NGR001,,,,
Ebu God international,SECONDARY,,,EMANL,Ebuka,7065844791,+234,,6.4610064,3.2518431,D010 wazinga plaza close Niger 1,,Lagos State,Aiyetoto-Asogun,102113,NG,NGR001,,,,
Ejong Global limited,SECONDARY,,,EMANL,Ejong,8032694752,+234,,6.5312587,3.355922,Post office road,,Lagos State,Mushin,102215,NG,NGR001,,,,
Mama Nmaso,SECONDARY,,,EMANL,Madam Faith,8062946140,+234,,6.4601564,3.2526457,F 116 Lagos Plaza,,Lagos State,Aiyetoto-Asogun,102113,NG,NGR001,,,,
Madam Double o,SECONDARY,,,EMANL,Amaka,8064355065,+234,,6.460973,3.2517651,D010,,Lagos State,Aiyetoto-Asogun,102113,NG,NGR001,,,,
Carefor me investment,SECONDARY,,,EMANL,Edobor,7032145221,+234,,6.5316303,3.3564257,"Palm Avenue, Mushin, Lagos State, 102216, Nigeria",Palm Avenue,Lagos State,Mushin,102216,NG,NGR001,,,,
God is Good stores,SECONDARY,,,EMANL,Chinelo Ibe,8034125181,+234,,6.457798945518975,3.249370213291713,ATL 0056 Kano,,Lagos State,Aiyetoto-Asogun,102113,NG,NGR001,,,,
Collins store,SECONDARY,,,EMANL,Collins,8053334038,+234,,6.5299545,3.354662,Dada iyalode,,Lagos State,Mushin,102215,NG,NGR001,,,,
Care4melimited,SECONDARY,,,EMANL,Edobor,8032015554,+234,,6.5313574,3.3560526,"Mushin, Lagos State, 102215, Nigeria",,Lagos State,Mushin,102215,NG,NGR001,,,,
Cee bliss store,SECONDARY,,,EMANL,Francisca,8160807656,+234,,6.457849660190346,3.2492299381922254,A 032Ebonyi plaza,,Lagos State,Aiyetoto-Asogun,102113,NG,NGR001,,,,
Isioma store,SECONDARY,,,EMANL,Isioma,9131810433,+234,,6.531054,3.3568836,"Mushin, Lagos State, 102215, Nigeria",,Lagos State,Mushin,102215,NG,NGR001,,,,
Ify store,SECONDARY,,,EMANL,Ifeoma,7034357985,+234,,6.4616418,3.2503393,ATTB2 Niger 2,,Lagos State,Aiyetoto-Asogun,102113,NG,NGR001,,,,
ChiVic store,SECONDARY,,,EMANL,Chivin,8033222399,+234,,6.4589941,3.2524409,C008 Niger 2 plaza,,Lagos State,Aiyetoto-Asogun,102113,NG,NGR001,,,,
Cozystore,SECONDARY,,,EMANL,Micheal,8030713325,+234,,6.5305412,3.3567498,"37, abiodun street Mushin, Lagos State, 102215, Nigeria",,Lagos State,Mushin,102215,NG,NGR001,,,,
This great store,SECONDARY,,,EMANL,Chirera,8063013563,+234,,6.4620656,3.2498355,F8047 burchi 2,,Lagos State,Aiyetoto-Asogun,102113,NG,NGR001,,,,
Godgift,SECONDARY,,,EMANL,Gift,8138931084,+234,,6.4611488,3.2511122,C030Anambara plaza,,Lagos State,Aiyetoto-Asogun,102113,NG,NGR001,,,,
Precious store,SECONDARY,,,EMANL,Precious,8039345732,+234,,6.4617504,3.2503803,B08 Niger 2,,Lagos State,Aiyetoto-Asogun,102113,NG,NGR001,,,,
Alhaja Olamide store,SECONDARY,,,EMANL,Alhaja Olamide,9161960464,+234,,6.5305191,3.356752,"37 Abiodun Street Mushin, Lagos State, 102215, Nigeria",,Lagos State,Mushin,102215,NG,NGR001,,,,
Evans store,SECONDARY,,,EMANL,Evans,8033446033,+234,,6.4619275,3.2506648,ATT E013,,Lagos State,Aiyetoto-Asogun,102113,NG,NGR001,,,,
Rotvic store,SECONDARY,,,EMANL,Amaka,8033151600,+234,,6.4619879,3.2502572,COO19 Niger 2,,Lagos State,Aiyetoto-Asogun,102113,NG,NGR001,,,,
Iya Kamaru store,SECONDARY,,,EMANL,Kamaru,9152225865,+234,,6.5296767,3.3546833,"Mushin, Lagos State, 102215, Nigeria",,Lagos State,Mushin,102215,NG,NGR001,,,,
Ibache store,SECONDARY,,,EMANL,Chimera,7062237418,+234,,6.4619173,3.250832,ATT f026 Abuja plaza,,Lagos State,Aiyetoto-Asogun,102113,NG,NGR001,,,,
Obi God,SECONDARY,,,EMANL,O bi,9035685253,+234,,6.4617244,3.2512066,ATT 04 Oyo plaza,,Lagos State,Aiyetoto-Asogun,102113,NG,NGR001,,,,
Amazing Grace store,SECONDARY,,,EMANL,Kate,8066510202,+234,,6.4619085,3.2508252,ATT f28 Abuja plaza,,Lagos State,Aiyetoto-Asogun,102113,NG,NGR001,,,,
First lady store,SECONDARY,,,EMANL,First lady,9065083398,+234,,6.5303843,3.3542176,Olumoruko,,Lagos State,Mushin,102215,NG,NGR001,,,,
God's doing plaza between edo & Gigawa back side,SECONDARY,,,EMANL,Elochukwu,8033868814,+234,,6.4583496,3.2526793,GD ATT 01,,Lagos State,Aiyetoto-Asogun,102113,NG,NGR001,,,,
Samson stores,SECONDARY,,,EMANL,Samson,8021246352,+234,,6.46018024091663,3.252645704685481,A15 Abuja plaza,,Lagos State,Aiyetoto-Asogun,102113,NG,NGR001,,,,
Uju Jesus,SECONDARY,,,EMANL,Uju,8130966381,+234,,6.4578085,3.2520572,BAT40 Bayelsa,,Lagos State,Aiyetoto-Asogun,102113,NG,NGR001,,,,
Praise stores,SECONDARY,,,EMANL,Praise,9034161611,+234,,6.460298398188207,3.252380169917605,Att 36 Lagos plaza,,Lagos State,Aiyetoto-Asogun,102113,NG,NGR001,,,,
Unlimited Grace,SECONDARY,,,EMANL,Ebere,7062927070,+234,,6.4581109,3.2522202,ATTBA 058,,Lagos State,Aiyetoto-Asogun,102113,NG,NGR001,,,,
Mama Amaka store,SECONDARY,,,EMANL,Patience,8086790079,+234,,6.460305757790281,3.252335010229732,D 007 Lagos plaza,,Lagos State,Aiyetoto-Asogun,102113,NG,NGR001,,,,
The lords own,SECONDARY,,,EMANL,Somto,8035807375,+234,,6.460258289258232,3.2525659415066106,010 Lagos plaza,,Lagos State,Aiyetoto-Asogun,102113,NG,NGR001,,,,
Hazizat store,SECONDARY,,,EMANL,Hazizat,8063896770,+234,,6.5299844,3.3543234,"Dadaiyalode Mushin, Lagos State, 102215, Nigeria",,Lagos State,Mushin,102215,NG,NGR001,,,,
Great Nnky Hope ma,SECONDARY,,,EMANL,Madam Hope,8063871088,+234,,6.5299803,3.3537658,"12 Dada Iyalode Mushin, Lagos State, 102215, Nigeria",,Lagos State,Mushin,102215,NG,NGR001,,,,
Limitless Godlimited,SECONDARY,,,EMANL,Ajini,7066443965,+234,,6.460272704998834,3.252377678903882,A 025 Lagos plaza,,Lagos State,Aiyetoto-Asogun,102113,NG,NGR001,,,,
Adindu,SECONDARY,,,EMANL,Adindu,8033559771,+234,,6.4584845,3.2541196,3 twin plaza,,Lagos State,Aiyetoto-Asogun,102113,NG,NGR001,,,,
Lady pee unique,SECONDARY,,,EMANL,Lady per,7038338876,+234,,6.458906623706311,3.25424838445664,115 twin plaza new mandellas,,Lagos State,Aiyetoto-Asogun,102113,NG,NGR001,,,,
U pris,SECONDARY,,,EMANL,U pris,8034066364,+234,,6.4602391632896286,3.252664338029122,F1 116 Lagos plaza,,Lagos State,Aiyetoto-Asogun,102113,NG,NGR001,,,,
Don ventures,SECONDARY,,,EMANL,Don ventures,8060138730,+234,,6.4589448,3.2530961,Adamawa plaza,,Lagos State,Aiyetoto-Asogun,102113,NG,NGR001,,,,
Okwi Don venture,SECONDARY,,,EMANL,Okwi,9135341739,+234,,6.4587471238240655,3.252925856354659,EF/AT 007 Adamawa plaza,,Lagos State,Aiyetoto-Asogun,102113,NG,NGR001,,,,
Funmi store,SECONDARY,,,EMANL,Funmi,8027975063,+234,,6.5299556,3.3543474,"10, olumorokun",,Lagos State,Mushin,102215,NG,NGR001,,,,
Funmi store,SECONDARY,,,EMANL,Funmi,8033438063,+234,,6.5298862,3.3543201,"10, olumorokun",,Lagos State,Mushin,102215,NG,NGR001,,,,
Iya ibeji,SECONDARY,,,EMANL,Iya ibeji,8022423473,+234,,6.5308136,3.3541016,"10, olumorokun",,Lagos State,Mushin,102215,NG,NGR001,,,,
Oluwaseun,SECONDARY,,,EMANL,Seun,8143258915,+234,,6.531228,3.3539371,Ojuwoye,Olorunsogo Street,Lagos State,Mushin,102216,NG,NGR001,,,,
Davda store,SECONDARY,,,EMANL,Dauda,7080297209,+234,,6.5297012,3.3547928,"Olumorokun Mushin, Lagos State, 102215, Nigeria",,Lagos State,Mushin,102215,NG,NGR001,,,,
Special Grace store Lagos,SECONDARY,,,EMANL,Grace,8032518931,+234,,6.4601553,3.2528625,F032,,Lagos State,Aiyetoto-Asogun,102113,NG,NGR001,,,,
Iya David,SECONDARY,,,EMANL,Mummy David,8026822127,+234,,6.5303435,3.3542347,"Mushin, Lagos State, 102215, Nigeria",,Lagos State,Mushin,102215,NG,NGR001,,,,
Akande store,SECONDARY,,,EMANL,Akande,9013131463,+234,,6.530382,3.3542101,"Olumorokun Mushin, Lagos State, 102215, Nigeria",,Lagos State,Mushin,102215,NG,NGR001,,,,
Iya Rasidat store,SECONDARY,,,EMANL,Rasidat,7033261975,+234,,6.5303942,3.3542086,Dada Iyalode Iagos,,Lagos State,Mushin,102215,NG,NGR001,,,,
MrsStephenventure,SECONDARY,,,EMANL,Stephen ventures,7056286273,+234,,6.4599457,3.2529994,G01 adamawa,,Lagos State,Aiyetoto-Asogun,102113,NG,NGR001,,,,
Mama chidinma,SECONDARY,,,EMANL,Mama chidinma,8054080853,+234,,6.4599456,3.2529869,Adamawa plaza,,Lagos State,Aiyetoto-Asogun,102113,NG,NGR001,,,,
Mama onyi,SECONDARY,,,EMANL,Onyi,9034488281,+234,,6.4599443,3.2529812,Adamawa plaza,,Lagos State,Aiyetoto-Asogun,102113,NG,NGR001,,,,
God's son dynasty,SECONDARY,,,EMANL,Dynasty,8133000986,+234,,6.4610836,3.2513379,G026 Anambra plaza,,Lagos State,Aiyetoto-Asogun,102113,NG,NGR001,,,,
Kemi Stores,SECONDARY,,,EMANL,Kemi,8027624412,+234,,6.5293783,3.3543583,"Mushin, Lagos State, 102215, Nigeria",,Lagos State,Mushin,102215,NG,NGR001,,,,
Amara chukz stores,SECONDARY,,,EMANL,Amarachi,8038007328,+234,,6.459607086845567,3.252697015694897,B 014 Adamawa plaza,,Lagos State,Aiyetoto-Asogun,102113,NG,NGR001,,,,
Mummy Samuel stores,SECONDARY,,,EMANL,Esther,8038694249,+234,,6.460340664404547,3.252608485211308,AD/ATC 005,,Lagos State,Aiyetoto-Asogun,102113,NG,NGR001,,,,
Oluchi store,SECONDARY,,,EMANL,Oluchi,8166556269,+234,,6.4599278,3.2529998,Adamawa plaza,,Lagos State,Aiyetoto-Asogun,102113,NG,NGR001,,,,
God's time store,SECONDARY,,,EMANL,God's time,8179305449,+234,,6.5288025,3.3548274,"Ojuwoye Mushin, Lagos State, 102215, Nigeria",,Lagos State,Mushin,102215,NG,NGR001,,,,
SEBIZ Venture,SECONDARY,,,EMANL,Sebastian,8069769139,+234,,6.4586133,3.2491967,AT/18 AKWA IBOM PLAZA,,Lagos State,Aiyetoto-Asogun,102113,NG,NGR001,,,,
Iya Ibeji Store,SECONDARY,,,EMANL,Iya Ibeji,7019779931,+234,,6.5283098,3.3540592,"Mushin, Lagos State, 102215, Nigeria",,Lagos State,Mushin,102215,NG,NGR001,,,,
Ada continental,SECONDARY,,,EMANL,Ada continental,8032477576,+234,,6.4599444,3.2529793,MG 18 adamawa plaza,,Lagos State,Aiyetoto-Asogun,102113,NG,NGR001,,,,
Iya bola store,SECONDARY,,,EMANL,Iya bola,9037541816,+234,,6.528043,3.3538481,"Ojuwoye ushin, Lagos State, 102215, Nigeria",Isolo Road,Lagos State,Mushin,102215,NG,NGR001,,,,
Iya Fawas,SECONDARY,,,EMANL,Iya Fawas,8028363266,+234,,6.528045,3.3535331,"Isolo Road, Mushin, Lagos State, 102215, Nigeria",Isolo Road,Lagos State,Mushin,102215,NG,NGR001,,,,
Mama kosi store,SECONDARY,,,EMANL,Kosi,8064569458,+234,,6.4599439,3.2529848,MG 001A adamawa plaza,,Lagos State,Aiyetoto-Asogun,102113,NG,NGR001,,,,
Mama obinna store,SECONDARY,,,EMANL,Mama obinna,7030845838,+234,,6.4599482,3.2529768,014 adamawa plaza,,Lagos State,Aiyetoto-Asogun,102113,NG,NGR001,,,,
Alishola store,SECONDARY,,,EMANL,Alishola store,7030459611,+234,,6.458083,3.2515847,G033,,Lagos State,Aiyetoto-Asogun,102113,NG,NGR001,,,,
Ibrahim store,SECONDARY,,,EMANL,Ibrahim,9038833746,+234,,6.5283835,3.3540637,"Mushin, Lagos State, 102215, Nigeria",,Lagos State,Mushin,102215,NG,NGR001,,,,
Abiodun store,SECONDARY,,,EMANL,Abiodun,8126062048,+234,,6.5283846,3.3540666,"Ojuwoye Mushin, Lagos State, 102215, Nigeria",,Lagos State,Mushin,102215,NG,NGR001,,,,
Omis store,SECONDARY,,,EMANL,Omis,7067311810,+234,,6.4599429,3.252973,Att 019 adamawa plaza,,Lagos State,Aiyetoto-Asogun,102113,NG,NGR001,,,,
Tamitope store,SECONDARY,,,EMANL,Tamitope,7059906484,+234,,6.5283828,3.3540598,"Ojuwoye Mushin, Lagos State, 102215, Nigeria",,Lagos State,Mushin,102215,NG,NGR001,,,,
Ama best store,SECONDARY,,,EMANL,Ama best,8030604015,+234,,6.4590108,3.2524278,ATT 006 Adamawa plaza,,Lagos State,Aiyetoto-Asogun,102113,NG,NGR001,,,,
Mummy favour,SECONDARY,,,EMANL,Mummy favour,7079459358,+234,,6.4599447,3.2529817,Adamawa plaza,,Lagos State,Aiyetoto-Asogun,102113,NG,NGR001,,,,
Jamie Stores,SECONDARY,,,EMANL,Jamiu,8055218694,+234,,6.5280471,3.3532182,Ojuwoye street mushin market,Isolo Road,Lagos State,Mushin,102215,NG,NGR001,,,,
CCO Connection,SECONDARY,,,EMANL,Patience,8064718081,+234,,6.4586421,3.2501435,ATT 052 Cross Rivers,,Lagos State,Aiyetoto-Asogun,102113,NG,NGR001,,,,
God of miracles,SECONDARY,,,EMANL,God of miracles,7068460521,+234,,6.4599264,3.25299,AD/Atc 007 adamawa plaza,,Lagos State,Aiyetoto-Asogun,102113,NG,NGR001,,,,
Adebayo store,SECONDARY,,,EMANL,Adebayo,9070613687,+234,,6.5283843,3.3540644,"Ojuwoye Mushin, Lagos State, 102215, Nigeria",,Lagos State,Mushin,102215,NG,NGR001,,,,
Iya Maria store,SECONDARY,,,EMANL,Iya maria,8021207451,+234,,6.5283827,3.3540615,"Mushin, Lagos State, 102215, Nigeria",,Lagos State,Mushin,102215,NG,NGR001,,,,
Iya Wale Store,SECONDARY,,,EMANL,Iya wale,8169817474,+234,,6.5283847,3.3540598,"Mushin, Lagos State, 102215, Nigeria",,Lagos State,Mushin,102215,NG,NGR001,,,,
Taye store,SECONDARY,,,EMANL,Taye,9135555006,+234,,6.5283828,3.3540598,"Ojuwoye Mushin, Lagos State, 102215, Nigeria",,Lagos State,Mushin,102215,NG,NGR001,,,,
LadyB limited,SECONDARY,,,EMANL,Enaz,7032100192,+234,,6.4594682,3.2526152,C30 Adamawa plaza,,Lagos State,Aiyetoto-Asogun,102113,NG,NGR001,,,,
Blessed Lady store,SECONDARY,,,EMANL,Blessed,8038557432,+234,,6.4580003044791106,3.248776426530216,D 012 store,,Lagos State,Aiyetoto-Asogun,102113,NG,NGR001,,,,
Mama Ebube plaza,SECONDARY,,,EMANL,Mama Ebube,8033270380,+234,,6.458071917601649,3.248666066147559,008 B Ebonyi plaza,,Lagos State,Aiyetoto-Asogun,102113,NG,NGR001,,,,
Chi store,SECONDARY,,,EMANL,Christy,8133957321,+234,,6.460792,3.2519832,Wazinga plaza,,Lagos State,Aiyetoto-Asogun,102113,NG,NGR001,,,,
Kola store,SECONDARY,,,EMANL,Kola,8059599133,+234,,6.5285233,3.3546771,"Ojuwoye Mushin, Lagos State, 102215, Nigeria",,Lagos State,Mushin,102215,NG,NGR001,,,,
Best klossy,SECONDARY,,,EMANL,Amaka,8034024726,+234,,6.4590346,3.2524156,ATT 007 Adamawa plaza,,Lagos State,Aiyetoto-Asogun,102113,NG,NGR001,,,,
Zainab store,SECONDARY,,,EMANL,Zainab,9020670756,+234,,6.5304408,3.3542175,"Mushin, Lagos State, 102215, Nigeria",,Lagos State,Mushin,102215,NG,NGR001,,,,
Stella store,SECONDARY,,,EMANL,Stella,8030431719,+234,,6.4597712,3.2532767,ATC 021,,Lagos State,Aiyetoto-Asogun,102113,NG,NGR001,,,,
Mummy kamso,SECONDARY,,,EMANL,Kamsi,7060403995,+234,,6.457759442084409,3.2494756935831424,SA 002 Sokoto plaza,,Lagos State,Aiyetoto-Asogun,102113,NG,NGR001,,,,
Chinazor okudo,SECONDARY,,,EMANL,Chinazor,7047084354,+234,,6.4605987,3.2528016,F037 Lagos plaza,,Lagos State,Aiyetoto-Asogun,102113,NG,NGR001,,,,
Amaka,SECONDARY,,,EMANL,Amaka,7010426449,+234,,6.45798,3.2521983,JA 049 Jigawa plaza,,Lagos State,Aiyetoto-Asogun,102113,NG,NGR001,,,,
Divine excel,SECONDARY,,,EMANL,Divine store,8035013122,+234,,6.4591596,3.2525482,AD/ATCAdamawa plaza,,Lagos State,Aiyetoto-Asogun,102113,NG,NGR001,,,,
Amithris store,SECONDARY,,,EMANL,Amithris,7038759124,+234,,6.4610067,3.2526619,ATT C10 kwara plaza,,Lagos State,Aiyetoto-Asogun,102113,NG,NGR001,,,,
Mini Frank store,SECONDARY,,,EMANL,Frank,8038565799,+234,,6.4620233,3.2508983,ATTF01 kogi plaza,,Lagos State,Aiyetoto-Asogun,102113,NG,NGR001,,,,
Iya Ayo store,SECONDARY,,,EMANL,Ayo,8102561513,+234,,6.5283708,3.3539533,Ojuwoye street mushin market,Agege Motor Road,Lagos State,Ikeja,100271,NG,NGR001,,,,
Maylobert-Ralph,SECONDARY,,,EMANL,Maylobert-Ralph,8033272443,+234,,6.4601553,3.2528625,A003 adamawa plaza,,Lagos State,Aiyetoto-Asogun,102113,NG,NGR001,,,,
Hustin joy store,SECONDARY,,,EMANL,Hustin,8028435174,+234,,6.4590463,3.2523469,T001 Niger 2 plaza,,Lagos State,Aiyetoto-Asogun,102113,NG,NGR001,,,,
Treasure best collection,SECONDARY,,,EMANL,Treasure,8105070077,+234,,6.4624677,3.2517009,Shop3 amazing Grace plaza,,Lagos State,Aiyetoto-Asogun,102113,NG,NGR001,,,,
Chizoba,SECONDARY,,,EMANL,Chizoba,7031565800,+234,,6.4584349,3.2525324,C19 Edo,,Lagos State,Aiyetoto-Asogun,102113,NG,NGR001,,,,
Nkiru,SECONDARY,,,EMANL,Nkiru,8030173987,+234,,6.4584805,3.2524509,C18 EDO Plaza,,Lagos State,Aiyetoto-Asogun,102113,NG,NGR001,,,,
Morning StarStore,SECONDARY,,,EMANL,Morning Star,8038250865,+234,,6.4588034,3.252265,B8 Edo Plaza,,Lagos State,Aiyetoto-Asogun,102113,NG,NGR001,,,,
Sanni,SECONDARY,,,EMANL,Bola,8132104263,+234,,6.5314987,3.3563735,Post office,Palm Avenue,Lagos State,Mushin,102216,NG,NGR001,,,,
Oluwatoyin store,SECONDARY,,,EMANL,Toyin,8129024275,+234,,6.531468,3.356947,Post office,,Lagos State,Mushin,102216,NG,NGR001,,,,
Mummy Ebube,SECONDARY,,,EMANL,Loretta,7032134044,+234,,6.4588883,3.2526233,Polysta plaza shop 1,,Lagos State,Aiyetoto-Asogun,102113,NG,NGR001,,,,
Aisha ventures,SECONDARY,,,EMANL,Aisha,8076090036,+234,,6.5312675,3.3569109,Olateju,,Lagos State,Mushin,102215,NG,NGR001,,,,
Mama jospeth,SECONDARY,,,EMANL,Josey,7030112241,+234,,6.45771401574683,3.2496612251783143,SA sokoto plaza,,Lagos State,Aiyetoto-Asogun,102113,NG,NGR001,,,,
Obiora toiletries,SECONDARY,,,EMANL,Obiora,8034361705,+234,,6.458069817712845,3.251466100522007,Att 62 Bayelsa plaza,,Lagos State,Aiyetoto-Asogun,102113,NG,NGR001,,,,
Jane store,SECONDARY,,,EMANL,Jane,8062920546,+234,,6.458860334914906,3.252223402584152,45 B Yobe plaza,,Lagos State,Aiyetoto-Asogun,102113,NG,NGR001,,,,
Feranmi store,SECONDARY,,,EMANL,Mum feranmi,8056075481,+234,,6.5312434,3.3569213,Mumuni street,,Lagos State,Mushin,102215,NG,NGR001,,,,
Maggie store,SECONDARY,,,EMANL,Funmi,9070269346,+234,,6.5305786,3.3567727,Olateju,,Lagos State,Mushin,102215,NG,NGR001,,,,
Brilliant Star,SECONDARY,,,EMANL,Desmond,7048450916,+234,,6.4589475,3.2527848,Attachment between Adamawa plaza and Edo,,Lagos State,Aiyetoto-Asogun,102113,NG,NGR001,,,,
Ami Ventures,SECONDARY,,,EMANL,Amarachukwu,8107499617,+234,,6.459979317117127,3.251796361621824,017 Delta plaza,,Lagos State,Aiyetoto-Asogun,102113,NG,NGR001,,,,
Flavour stores,SECONDARY,,,EMANL,Favour,8168020773,+234,,6.45930823547702,3.2514841973021644,018 Taraba plaza,,Lagos State,Aiyetoto-Asogun,102113,NG,NGR001,,,,
Angel Food stores,SECONDARY,,,EMANL,Angel,8165635044,+234,,6.458108162910764,3.251512562276226,Att 66 Bayelsa plaza,,Lagos State,Aiyetoto-Asogun,102113,NG,NGR001,,,,
Obi Stores,SECONDARY,,,EMANL,Obi,8136587383,+234,,6.458047392688743,3.2514486420426936,61 bayelsa plaza,,Lagos State,Aiyetoto-Asogun,102113,NG,NGR001,,,,
Ayokastore,SECONDARY,,,EMANL,Zainab,9135681123,+234,,6.5301499,3.354293,"23, Asofiyan",,Lagos State,Mushin,102215,NG,NGR001,,,,
Chisom,SECONDARY,,,EMANL,Chisom,9033084267,+234,,6.4588818,3.2526525,Edo  plaza N0 5,,Lagos State,Aiyetoto-Asogun,102113,NG,NGR001,,,,
Olivesta,SECONDARY,,,EMANL,Olivesta,7035011962,+234,,6.4601553,3.2528625,Call park opp balogun gate,,Lagos State,Aiyetoto-Asogun,102113,NG,NGR001,,,,
Phil-Doreen ventures,SECONDARY,,,EMANL,Doreen,8123138881,+234,,6.4597984,3.253415,Balogun main gate,,Lagos State,Aiyetoto-Asogun,102113,NG,NGR001,,,,
Evidence ventures,SECONDARY,,,EMANL,Muyiwa,9076129911,+234,,6.5305982,3.3542088,Dada IyalodeMushin,,Lagos State,Mushin,102215,NG,NGR001,,,,
Madam Bosworld,SECONDARY,,,EMANL,Rita,8061607998,+234,,6.4601483,3.2530746,D 006 Adamawa plaza,,Lagos State,Aiyetoto-Asogun,102113,NG,NGR001,,,,
Owo iyastore,SECONDARY,,,EMANL,Iya latifat,8038847227,+234,,6.5301217,3.3540739,"Mushin, Lagos State, 102215, Nigeria",,Lagos State,Mushin,102215,NG,NGR001,,,,
My son Global,SECONDARY,,,EMANL,Stanley,7062421515,+234,,6.4601553,3.2528625,BD/AT 005 Adamawa,,Lagos State,Aiyetoto-Asogun,102113,NG,NGR001,,,,
Esther tore,SECONDARY,,,EMANL,Esther,8061202436,+234,,6.4593355,3.2536274,A142 peter obi plaza,,Lagos State,Aiyetoto-Asogun,102113,NG,NGR001,,,,
Funmilola store,SECONDARY,,,EMANL,Funmi,8026848124,+234,,6.5307427,3.3539522,Mushin ojuwoye,,Lagos State,Mushin,102215,NG,NGR001,,,,
Olablessed,SECONDARY,,,EMANL,Olaide,8063824597,+234,,6.530163,3.3541252,Dadaiyalode,,Lagos State,Mushin,102215,NG,NGR001,,,,
Mercy Store,SECONDARY,,,EMANL,Mercy,7040293430,+234,,6.5301802,3.3540972,Olumorokun mushin market,,Lagos State,Mushin,102215,NG,NGR001,,,,
Rukayat Ventures,SECONDARY,,,EMANL,Rukaya,8061386314,+234,,6.5307128,3.3539442,Post Office mushin market,,Lagos State,Mushin,102215,NG,NGR001,,,,
Nick Babe Business Venture,SECONDARY,,,EMANL,Nikky,7086214521,+234,,6.5311026,3.3540226,"Olorunsogo Street, Mushin, Lagos State, 102216, Nigeria",Olorunsogo Street,Lagos State,Mushin,102216,NG,NGR001,,,,
Olabestie store,SECONDARY,,,EMANL,Olabestie,9046189663,+234,,6.5303774,3.3532182,"Agege Motor Road, Tinubu, Mushin, Lagos State, 100231, Nigeria",Agege Motor Road,Lagos State,Mushin,100231,NG,NGR001,,,,
Toluwatimofe Resources,SECONDARY,,,EMANL,Imoleayo,7048220594,+234,,6.5311075,3.3540213,"Olorunsogo Street, Mushin, Lagos State, 102216, Nigeria",Olorunsogo Street,Lagos State,Mushin,102216,NG,NGR001,,,,
Imole store,SECONDARY,,,EMANL,Imole,7068784272,+234,,6.5303774,3.3532182,"Agege Motor Road, Tinubu, Mushin, Lagos State, 100231, Nigeria",Agege Motor Road,Lagos State,Mushin,100231,NG,NGR001,,,,
Nuevo ventures,SECONDARY,,,EMANL,Nuevo,7060484145,+234,,6.4595333,3.2536119,A030 Sunny plaza,,Lagos State,Aiyetoto-Asogun,102113,NG,NGR001,,,,
EbenezerDairo Enterprises,SECONDARY,,,EMANL,Ebenezerdairo,9017101149,+234,,6.5313058,3.3538362,"Olorunsogo Street, Mushin, Lagos State, 102216, Nigeria",Olorunsogo Street,Lagos State,Mushin,102216,NG,NGR001,,,,
Dairo store,SECONDARY,,,EMANL,Dairo,9075197841,+234,,6.5323708,3.3538481,"Olorunsogo Street, Mushin, Lagos State, 102216, Nigeria",Olorunsogo Street,Lagos State,Mushin,102216,NG,NGR001,,,,
Confidencestore,SECONDARY,,,EMANL,Confidence,8063107463,+234,,6.4589643,3.2544879,011 twins plaza,,Lagos State,Aiyetoto-Asogun,102113,NG,NGR001,,,,
Precious store,SECONDARY,,,EMANL,Precious,7077541329,+234,,6.4590801,3.2547284,Twins plaza,,Lagos State,Aiyetoto-Asogun,102113,NG,NGR001,,,,
Mama mary shop,SECONDARY,,,EMANL,Mama mary,9030606053,+234,,6.4592165,3.2549233,Shop 22 Mandelas market,,Lagos State,Aiyetoto-Asogun,102113,NG,NGR001,,,,
Mummy princess store,SECONDARY,,,EMANL,Mummy princess,9060961705,+234,,6.4594145,3.2548855,Car wash,,Lagos State,Aiyetoto-Asogun,102113,NG,NGR001,,,,
Rilphvio,SECONDARY,,,EMANL,Ifeoma,8123266848,+234,,6.4594306118907765,3.2550128411124124,035 Twin plaza,,Lagos State,Aiyetoto-Asogun,102113,NG,NGR001,,,,
Anike store,SECONDARY,,,EMANL,Anike,8036493563,+234,,6.4594081,3.2548768,Car wash,,Lagos State,Aiyetoto-Asogun,102113,NG,NGR001,,,,
Chi store,SECONDARY,,,EMANL,Chi,8035342882,+234,,6.4552319,3.2451659,Apa/0094/Ext Article,Market,Lagos State,Aiyetoto-Asogun,102113,NG,NGR001,,,,
Kingsley store,SECONDARY,,,EMANL,Kingsley,9031532309,+234,,6.4575475,3.2459976,Under bridges trade,,Lagos State,Aiyetoto-Asogun,102113,NG,NGR001,,,,
Smart kids,SECONDARY,,,EMANL,Smart,8168634776,+234,,6.459383170773641,3.2542150479179757,006 Tochukwu plaza,,Lagos State,Aiyetoto-Asogun,102113,NG,NGR001,,,,
Onyekachim store,SECONDARY,,,EMANL,Onyekachim,8036727242,+234,,6.46084,3.2531617,AC 0/1 Adamawa Plaza,,Lagos State,Aiyetoto-Asogun,102113,NG,NGR001,,,,
Onyekachi store,SECONDARY,,,EMANL,Onyekachi,8034170277,+234,,6.4553165,3.2451548,Apa/0083/Ext,Market,Lagos State,Aiyetoto-Asogun,102113,NG,NGR001,,,,
Ebele FM,SECONDARY,,,EMANL,Ebele FM,8039293392,+234,,6.4598817,3.2529733,BD/AT 013,,Lagos State,Aiyetoto-Asogun,102113,NG,NGR001,,,,
SPAO enterprises,SECONDARY,,,EMANL,Patricia,8034018454,+234,,6.460006,3.2530863,AC 007 ATC,,Lagos State,Aiyetoto-Asogun,102113,NG,NGR001,,,,
Zola Store,SECONDARY,,,EMANL,Zola,8108315920,+234,,6.458881063545098,3.2548852943911206,Walk way mandellas,,Lagos State,Aiyetoto-Asogun,102113,NG,NGR001,,,,
Emmanuel Stores,SECONDARY,,,EMANL,Emmanuel,9067000679,+234,,6.459029547666573,3.2543184565213337,Walk way twin plaza,,Lagos State,Aiyetoto-Asogun,102113,NG,NGR001,,,,
Glossam food and condiments,SECONDARY,,,EMANL,Glossam,8106174544,+234,,6.459029547666573,3.2543184565213337,015 Twin plaza,,Lagos State,Aiyetoto-Asogun,102113,NG,NGR001,,,,
Iya Ebezinna,SECONDARY,,,EMANL,Ebezinna,8055258409,+234,,6.4593081400000045,3.2543842699999947,053Tochukwu plaza,,Lagos State,Aiyetoto-Asogun,102113,NG,NGR001,,,,
Mum Daniel store,SECONDARY,,,EMANL,Mum Daniel,8068403626,+234,,6.4552435,3.2451754,APT/0094/Ext Article,Market,Lagos State,Aiyetoto-Asogun,102113,NG,NGR001,,,,
Oga oyibo store,SECONDARY,,,EMANL,Oluchi,8034609297,+234,,6.4552063,3.2451501,Apt/00044/ext Article,Market,Lagos State,Aiyetoto-Asogun,102113,NG,NGR001,,,,
Chosen is blessed store,SECONDARY,,,EMANL,Chosen,8062699327,+234,,6.4552238,3.2451581,Apa/0087/ext,Market,Lagos State,Aiyetoto-Asogun,102113,NG,NGR001,,,,
Amaka,SECONDARY,,,EMANL,Amaka,8033038377,+234,,6.459935,3.2532948,G010Adamawa plaza,,Lagos State,Aiyetoto-Asogun,102113,NG,NGR001,,,,
Chi chi store,SECONDARY,,,EMANL,Chinaza,8163872578,+234,,6.4595971,3.2527293,A016,,Lagos State,Aiyetoto-Asogun,102113,NG,NGR001,,,,
Bunmi Iroko compass Store,SECONDARY,,,EMANL,Bunmi,8068148369,+234,,6.5310349,3.3544779,"Olorunshogo Mushin, Lagos State, 102215, Nigeria",,Lagos State,Mushin,102215,NG,NGR001,,,,
Sunshine store,SECONDARY,,,EMANL,Sunshine,8064806622,+234,,6.4601553,3.2528625,GBM06 Adamawa plaza,,Lagos State,Aiyetoto-Asogun,102113,NG,NGR001,,,,
Hopey world store,SECONDARY,,,EMANL,Hopey world,7070138992,+234,,6.53308,3.3536554,"Olorunshogo Mushin, Lagos State, 102216, Nigeria",,Lagos State,Mushin,102216,NG,NGR001,,,,
Onyinye store,SECONDARY,,,EMANL,Onyenyi,8144721675,+234,,6.4595196,3.2531307,AD/AT C,,Lagos State,Aiyetoto-Asogun,102113,NG,NGR001,,,,
Mrs free man store,SECONDARY,,,EMANL,Free man,8033229325,+234,,6.4551049,3.2451338,H1/ 098 Article,Market,Lagos State,Aiyetoto-Asogun,102113,NG,NGR001,,,,
Oge Best,SECONDARY,,,EMANL,Oge best,8067782816,+234,,6.460085,3.25311,G011B Adamawa,,Lagos State,Aiyetoto-Asogun,102113,NG,NGR001,,,,
Jolly waves,SECONDARY,,,EMANL,Jolly waves,8096566705,+234,,6.4593891,3.2530775,EF ATT 002 adamawa plaza,,Lagos State,Aiyetoto-Asogun,102113,NG,NGR001,,,,
Evans store,SECONDARY,,,EMANL,Evan,8139462410,+234,,6.4594297,3.2531317,EF/At Adamawa,,Lagos State,Aiyetoto-Asogun,102113,NG,NGR001,,,,
Osi store,SECONDARY,,,EMANL,Osi,7060331745,+234,,6.4593158,3.2529914,E17 Adamawa plaza,,Lagos State,Aiyetoto-Asogun,102113,NG,NGR001,,,,
K and K stores,SECONDARY,,,EMANL,Kelvin,9021553523,+234,,6.459616824964182,3.2527282745778634,A 020 Adamawa plaza,,Lagos State,Aiyetoto-Asogun,102113,NG,NGR001,,,,
Mama chigozie store,SECONDARY,,,EMANL,Mama chigozie,8066273892,+234,,6.4589157,3.2530569,023  Adamawa plaza,,Lagos State,Aiyetoto-Asogun,102113,NG,NGR001,,,,
Tony store,SECONDARY,,,EMANL,Tony,7039537031,+234,,6.4590024,3.2528831,F18 Adamawa plaza,,Lagos State,Aiyetoto-Asogun,102113,NG,NGR001,,,,
Joy store,SECONDARY,,,EMANL,Joy,7079369031,+234,,6.4590085,3.2528779,065Adamawa plaza,,Lagos State,Aiyetoto-Asogun,102113,NG,NGR001,,,,
Awesome God,SECONDARY,,,EMANL,Ugochukwu,9131407931,+234,,6.4590241,3.2528403,F015 Adamawa plaza,,Lagos State,Aiyetoto-Asogun,102113,NG,NGR001,,,,
Iya mutiyat store,SECONDARY,,,EMANL,Iyabo,8036124532,+234,,6.529996,3.3545768,"Mushin, Lagos State, 102215, Nigeria",,Lagos State,Mushin,102215,NG,NGR001,,,,
Olamercy store,SECONDARY,,,EMANL,Olamercy,8180367447,+234,,6.5304116,3.3542085,"Olumorokun Mushin, Lagos State, 102215, Nigeria",,Lagos State,Mushin,102215,NG,NGR001,,,,
God's line,SECONDARY,,,EMANL,God's own,9131291644,+234,,6.4590508,3.2527337,Adamawa plaza,,Lagos State,Aiyetoto-Asogun,102113,NG,NGR001,,,,
Sarah store,SECONDARY,,,EMANL,Sarah,8166278973,+234,,6.4588559,3.2526899,BATT10,,Lagos State,Aiyetoto-Asogun,102113,NG,NGR001,,,,
Zara store,SECONDARY,,,EMANL,Zara,8036861289,+234,,6.4590961,3.2526085,B/AT T/15,,Lagos State,Aiyetoto-Asogun,102113,NG,NGR001,,,,
Jethro store,SECONDARY,,,EMANL,Jethro,8077714114,+234,,6.5303501,3.3540348,"Dadaiyalode Mushin, Lagos State, 102215, Nigeria",,Lagos State,Mushin,102215,NG,NGR001,,,,
Stachie,SECONDARY,,,EMANL,Stachie,8104651719,+234,,6.4590931,3.2525956,F 004 Adamawa Plaza,,Lagos State,Aiyetoto-Asogun,102113,NG,NGR001,,,,
Mark stores,SECONDARY,,,EMANL,Mark,9129602208,+234,,6.458167182800131,3.250496026598966,D 001 Att ebonyin,,Lagos State,Aiyetoto-Asogun,102113,NG,NGR001,,,,
Madam Sochi stores,SECONDARY,,,EMANL,Apande,8151874134,+234,,6.4596073066340525,3.252845557906462,05/06 Benue plaza,,Lagos State,Aiyetoto-Asogun,102113,NG,NGR001,,,,
Oga Pascal,SECONDARY,,,EMANL,Pascal,8034465749,+234,,6.4595258,3.2526867,AB/AT 016 Adamawa Plaza,,Lagos State,Aiyetoto-Asogun,102113,NG,NGR001,,,,
Chizy,SECONDARY,,,EMANL,Chizzy,8145797001,+234,,6.4598198,3.2526542,AB/AT Adamawa,,Lagos State,Aiyetoto-Asogun,102113,NG,NGR001,,,,
Nnenwa store,SECONDARY,,,EMANL,Nnenwa,7060470685,+234,,6.4553032,3.2452132,APA/0088/EXT Article,,Lagos State,Aiyetoto-Asogun,102113,NG,NGR001,,,,
Mama chidose shop,SECONDARY,,,EMANL,Mum chidoze,8035689561,+234,,6.4552994,3.2452124,APA/101/EXT Article,,Lagos State,Aiyetoto-Asogun,102113,NG,NGR001,,,,
Mum ebube store,SECONDARY,,,EMANL,Mum ebube,9013685827,+234,,6.4553036,3.2452135,APA/102/EXT Article,,Lagos State,Aiyetoto-Asogun,102113,NG,NGR001,,,,
Onochia Mini Mart,SECONDARY,,,EMANL,Onochia,8160216799,+234,,6.4587652,3.2549455,Limpopo plaza trade,,Lagos State,Aiyetoto-Asogun,102113,NG,NGR001,,,,
Chini best store,SECONDARY,,,EMANL,Chini,7035701649,+234,,6.455302,3.2452082,APA/108/EXT Article,,Lagos State,Aiyetoto-Asogun,102113,NG,NGR001,,,,
Mama arinze store,SECONDARY,,,EMANL,Mama arinze,8100638321,+234,,6.4548782,3.245949,ADA Extension 0037,Lagos-Badagry Expressway,Lagos State,Aiyetoto-Asogun,102113,NG,NGR001,,,,
Mum Dominion store,SECONDARY,,,EMANL,Mum Dominion,7061852464,+234,,6.4553035,3.2452148,APA/107/EXT Article,,Lagos State,Aiyetoto-Asogun,102113,NG,NGR001,,,,
Chioma store,SECONDARY,,,EMANL,Chioma,8034117028,+234,,6.4553023,3.2452072,Extension 11 article market,,Lagos State,Aiyetoto-Asogun,102113,NG,NGR001,,,,
Grace store,SECONDARY,,,EMANL,Grace,8106887019,+234,,6.4553013,3.2452043,APT/126/EXT Article,,Lagos State,Aiyetoto-Asogun,102113,NG,NGR001,,,,
Igwe nyereV victoria store,SECONDARY,,,EMANL,Igwe Victoria,8033653331,+234,,6.4551418,3.2448399,ADA/002 Extension article market,Market,Lagos State,Aiyetoto-Asogun,102113,NG,NGR001,,,,
Goodwin ventures,SECONDARY,,,EMANL,Godwin,9060434338,+234,,6.4552678,3.2451832,APA/131/EXT Article,Market,Lagos State,Aiyetoto-Asogun,102113,NG,NGR001,,,,
Ifeoma store,SECONDARY,,,EMANL,Ifeoma,7045841385,+234,,6.4553018,3.2452066,APA/127/EXT Article,,Lagos State,Aiyetoto-Asogun,102113,NG,NGR001,,,,
Foreign shop,SECONDARY,,,EMANL,Foreign,9166922834,+234,,6.4552691,3.2451931,APA/130/EXT Article,,Lagos State,Aiyetoto-Asogun,102113,NG,NGR001,,,,
Testimony store,SECONDARY,,,EMANL,Testimony,8038444747,+234,,6.4552529,3.2451335,APA/132/EXT Article,Market,Lagos State,Aiyetoto-Asogun,102113,NG,NGR001,,,,
Victory Hill Venture,SECONDARY,,,EMANL,Victoria,8140981196,+234,,6.4592292,3.2549568,Limpopo inside mtk,,Lagos State,Aiyetoto-Asogun,102113,NG,NGR001,,,,
Madam jaspa store,SECONDARY,,,EMANL,Madam jaspa,7035825667,+234,,6.4551439,3.2448514,H147 Article market,Market,Lagos State,Aiyetoto-Asogun,102113,NG,NGR001,,,,
Mama Beke Store,SECONDARY,,,EMANL,Mama beke,8089540864,+234,,6.4551423,3.2448356,EX018 Article market,Market,Lagos State,Aiyetoto-Asogun,102113,NG,NGR001,,,,
Mum pastel,SECONDARY,,,EMANL,Mum pastel,7038583826,+234,,6.4552975,3.2452124,APA 0098 EXT Article,,Lagos State,Aiyetoto-Asogun,102113,NG,NGR001,,,,
Mummy Neche store,SECONDARY,,,EMANL,Mama neche,8060390976,+234,,6.4553193,3.2443614,Blk f1/224 article,Market,Lagos State,Aiyetoto-Asogun,102113,NG,NGR001,,,,
Gerald ebere store,SECONDARY,,,EMANL,Gerald ebere,8130523746,+234,,6.4552778,3.2443005,Attachment/02,Market,Lagos State,Aiyetoto-Asogun,102113,NG,NGR001,,,,
Mum ebube,SECONDARY,,,EMANL,Mum ebube,8062464434,+234,,6.4552369,3.2450163,APA/0074/EXT Article,Market,Lagos State,Aiyetoto-Asogun,102113,NG,NGR001,,,,
Ejima store,SECONDARY,,,EMANL,Ejima,7040611645,+234,,6.4554634,3.2438724,BlockA1 41 Article market,Market,Lagos State,Aiyetoto-Asogun,102113,NG,NGR001,,,,
Amaka,SECONDARY,,,EMANL,Amaka,9027005726,+234,,6.4592467,3.2549233,Limpopo plaza inside mkt,,Lagos State,Aiyetoto-Asogun,102113,NG,NGR001,,,,
Ukamaka Stores,SECONDARY,,,EMANL,Ukamaka,9164546201,+234,,6.4592287,3.2549406,Limpopo inside mkt,,Lagos State,Aiyetoto-Asogun,102113,NG,NGR001,,,,
John D Great Ventures,SECONDARY,,,EMANL,John D Great,8022251353,+234,,6.4553573,3.2433945,Shop 45 Article market,Market,Lagos State,Aiyetoto-Asogun,102113,NG,NGR001,,,,
Madam Rita Store,SECONDARY,,,EMANL,Rita,8034189266,+234,,6.4553555,3.2433836,Extension 9 Article market,Market,Lagos State,Aiyetoto-Asogun,102113,NG,NGR001,,,,
Ejima,SECONDARY,,,EMANL,Ejima,7011351431,+234,,6.4591081,3.2548389,71 Mandilas,,Lagos State,Aiyetoto-Asogun,102113,NG,NGR001,,,,
Nwanyi nnewi store,SECONDARY,,,EMANL,Nwanyi nnewi,8032683990,+234,,6.4535839,3.2447315,C1/001 article market,,Lagos State,Aiyetoto-Asogun,102113,NG,NGR001,,,,
Easy j global lmt,SECONDARY,,,EMANL,Joy,8038272521,+234,,6.4553328,3.2451734,APA/103/104/EXT Article,Market,Lagos State,Aiyetoto-Asogun,102113,NG,NGR001,,,,
Amaka store,SECONDARY,,,EMANL,Amaka,9078659937,+234,,6.4535835,3.2447313,B1/029 Article market,,Lagos State,Aiyetoto-Asogun,102113,NG,NGR001,,,,
Sir King's Cosmetics,SECONDARY,,,EMANL,Sir King,7036213197,+234,,6.5485849,3.2676355,Trade Fair Line Ikotun Market,Idimu - Ikotun Road,Lagos State,Ikotun,102214,NG,NGR001,,,,
Emmanuel store,SECONDARY,,,EMANL,Emmanuel store,9134199067,+234,,6.4553549,3.2433826,Block B Article market,Market,Lagos State,Aiyetoto-Asogun,102113,NG,NGR001,,,,
Mum jane store,SECONDARY,,,EMANL,Mum jane,8067372574,+234,,6.5495718,3.2695218,"Idimu-Ikotun Road, Idimu, Alimosho, Lagos State, 100263, Nigeria",Idimu-Ikotun Road,Lagos State,Ikotun,102214,NG,NGR001,,,,
Mummy charles,SECONDARY,,,EMANL,Charles,8138764564,+234,,6.455814100670125,3.2442514231486883,A1/034 article,Lagos-Badagry Expressway,Lagos State,Aiyetoto-Asogun,102113,NG,NGR001,,,,
Obiliwest Stores,SECONDARY,,,EMANL,Isreal,9073143370,+234,,6.5488124,3.2688319,Trade Fair line Ikotun market,Idimu-Ikotun Road,Lagos State,Ikotun,102214,NG,NGR001,,,,
Bricks store,SECONDARY,,,EMANL,Oluchi,8032318248,+234,,6.455307904652049,3.244689581176481,A1/001 article,Market,Lagos State,Aiyetoto-Asogun,102113,NG,NGR001,,,,
Mummy Cindy,SECONDARY,,,EMANL,Jacinta,8035894773,+234,,6.455308560882054,3.2446855817254083,F1238 article,Market,Lagos State,Aiyetoto-Asogun,102113,NG,NGR001,,,,
Ugo stores,SECONDARY,,,EMANL,Henry,7033734538,+234,,6.5488127,3.2688193,"Idimu-Ikotun Road, Idimu, Alimosho, Lagos State, 100263, Nigeria",Idimu-Ikotun Road,Lagos State,Ikotun,102214,NG,NGR001,,,,
Rosy sylv biz resources,SECONDARY,,,EMANL,Rose,8030446783,+234,,6.455296835483335,3.2446990113546845,Ex/020,Market,Lagos State,Aiyetoto-Asogun,102113,NG,NGR001,,,,
Chrissy stote,SECONDARY,,,EMANL,Chizzy,8068769614,+234,,6.4553069929719955,3.244688520563468,Ada/0020 ext,Market,Lagos State,Aiyetoto-Asogun,102113,NG,NGR001,,,,
Joy stores,SECONDARY,,,EMANL,Joy,7036338519,+234,,6.4553069929719955,3.244688520563468,ADA/0021 ext,Market,Lagos State,Aiyetoto-Asogun,102113,NG,NGR001,,,,
Mummy Miracle store,SECONDARY,,,EMANL,Miracle,8066965866,+234,,6.455320749489147,3.2443745980688212,BI/175 article,Market,Lagos State,Aiyetoto-Asogun,102113,NG,NGR001,,,,
Mummy Amanda stores,SECONDARY,,,EMANL,Amanda,9168555366,+234,,6.5488127,3.2688193,"Idimu-Ikotun Road, Idimu, Alimosho, Lagos State, 100263, Nigeria",Idimu-Ikotun Road,Lagos State,Ikotun,102214,NG,NGR001,,,,
Valentine Shop,SECONDARY,,,EMANL,Mummy Ifeanyi,7062232924,+234,,6.5488122,3.2688196,Trade Fair line Ikotun market,Idimu-Ikotun Road,Lagos State,Ikotun,102214,NG,NGR001,,,,
Mum success store,SECONDARY,,,EMANL,Mum success,8034346583,+234,,6.5482396,3.2695218,"Alimosho, Lagos State, 102214, Nigeria",Egbe Road,Lagos State,Ikotun,102214,NG,NGR001,,,,
Obi stores,SECONDARY,,,EMANL,Joseph,8133352928,+234,,6.5475858,3.2676355,"Trade fair line Alimosho, Lagos State, 102214, Nigeria",,Lagos State,Ikotun,102214,NG,NGR001,,,,
Ekene Hyacienth Shop,SECONDARY,,,EMANL,Ekene,8036813250,+234,,6.5482457,3.2685786,Trade Fair Line ikotun market,Egbe Road,Lagos State,Ikotun,102214,NG,NGR001,,,,
Ike and sons,SECONDARY,,,EMANL,Ike,9165882393,+234,,6.5482498,3.2679499,Trade fair line,Idimu-Ikotun Road,Lagos State,Ikotun,102214,NG,NGR001,,,,
Nonny Store,SECONDARY,,,EMANL,Nonny,8134203248,+234,,6.5485747,3.2692074,Trade fair line ikotun market,Egbe Road,Lagos State,Ikotun,102214,NG,NGR001,,,,
Chimobi store,SECONDARY,,,EMANL,Chimobi,9032080657,+234,,6.4593333,3.2549933,Car wash inside market,,Lagos State,Aiyetoto-Asogun,102113,NG,NGR001,,,,
Favorstores,SECONDARY,,,EMANL,Favor,8124819301,+234,,6.5485808,3.2682643,"Idimu-Ikotun Road, Idimu, Alimosho, Lagos State, 100263, Nigeria",Idimu-Ikotun Road,Lagos State,Ikotun,102214,NG,NGR001,,,,
Mummy Divine,SECONDARY,,,EMANL,Mummy Divine,7076427419,+234,,6.4592579,3.2549411,Shop 1 car wash market,,Lagos State,Aiyetoto-Asogun,102113,NG,NGR001,,,,
Mummy Nonso Store,SECONDARY,,,EMANL,Mummy Nonso,8033760107,+234,,6.5482457,3.2685786,Trade fair line ikotun market,Egbe Road,Lagos State,Ikotun,102214,NG,NGR001,,,,
Philip store,SECONDARY,,,EMANL,Faith,8186472591,+234,,6.5479127,3.2685786,"Ikotun - Ejigbo Road, Alimosho, Lagos State, 100263, Nigeria",Egbe Road,Lagos State,Ikotun,102214,NG,NGR001,,,,
Blessing store,SECONDARY,,,EMANL,Blessing,7030205797,+234,,6.4593633,3.2548333,Car wash inside market,,Lagos State,Aiyetoto-Asogun,102113,NG,NGR001,,,,
Aunty Ify Store,SECONDARY,,,EMANL,Aunty Ify,8063465716,+234,,6.5482457,3.2685786,Trade fair line ikotun market,Egbe Road,Lagos State,Ikotun,102214,NG,NGR001,,,,
Ifeoma,SECONDARY,,,EMANL,Ifeoma,7084399332,+234,,6.4593466,3.2547888,Car wash inside market,,Lagos State,Aiyetoto-Asogun,102113,NG,NGR001,,,,
Daddy Prince,SECONDARY,,,EMANL,Daddy Prince,8054393878,+234,,6.5489284,3.2688755,Trade Fair line Store,Idimu-Ikotun Road,Lagos State,Ikotun,102214,NG,NGR001,,,,
Nmesoma store,SECONDARY,,,EMANL,Nmesoma,9067122720,+234,,6.4594793,3.2549561,Carwash inside market,,Lagos State,Aiyetoto-Asogun,102113,NG,NGR001,,,,
Ife store,SECONDARY,,,EMANL,Ife,8035766812,+234,,6.5475858,3.2676355,8035766812,,Lagos State,Ikotun,102214,NG,NGR001,,,,
Akinshoke,SECONDARY,,,EMANL,Akinshonke,8055187475,+234,,6.4593311,3.2548123,Car wash insides,,Lagos State,Aiyetoto-Asogun,102113,NG,NGR001,,,,
Chinasa stores,SECONDARY,,,EMANL,Chinasa,7034332104,+234,,6.5482478,3.2682643,"Ikotun - Ejigbo Road, Alimosho, Lagos State, 100263, Nigeria",Egbe Road,Lagos State,Ikotun,102214,NG,NGR001,,,,
Makis Store,SECONDARY,,,EMANL,Makis,8036850519,+234,,6.5483341,3.2688268,Trade fair line ikotun market,Egbe Road,Lagos State,Ikotun,102214,NG,NGR001,,,,
Adazina stores,SECONDARY,,,EMANL,Ada,7062509085,+234,,6.4596963,3.2550122,Car wash inside market,,Lagos State,Aiyetoto-Asogun,102113,NG,NGR001,,,,
Divine Favour Store,SECONDARY,,,EMANL,Divine favour,7040836432,+234,,6.5483285,3.2688205,Trade fair line ikotun market,Egbe Road,Lagos State,Ikotun,102214,NG,NGR001,,,,
Madam Mary shop,SECONDARY,,,EMANL,Mary,9017601929,+234,,6.4595583,3.2549533,Shop 17 beside call park,,Lagos State,Aiyetoto-Asogun,102113,NG,NGR001,,,,
Mummy Ayo store,SECONDARY,,,EMANL,Mummy ayo,8164390440,+234,,6.5483283,3.268813,21 Trade fair line mushin market,Egbe Road,Lagos State,Ikotun,102214,NG,NGR001,,,,
Madam favour baby world,SECONDARY,,,EMANL,Favour,7031664362,+234,,6.4595717,3.2547517,Behind Call park,,Lagos State,Aiyetoto-Asogun,102113,NG,NGR001,,,,
Ebby Global,SECONDARY,,,EMANL,Ebi,8185363697,+234,,6.4602643826727295,3.25252461176566,B1173 article,,Lagos State,Aiyetoto-Asogun,102113,NG,NGR001,,,,
Mr Davids store,SECONDARY,,,EMANL,David,8055914071,+234,,6.5483308,3.2688138,"Ikotun - Ejigbo Road, Alimosho, Lagos State, 100263, Nigeria",Egbe Road,Lagos State,Ikotun,102214,NG,NGR001,,,,
Revival Store,SECONDARY,,,EMANL,Revival Store,8037283256,+234,,6.54833,3.2688075,Trade fair line Ikotun market,Egbe Road,Lagos State,Ikotun,102214,NG,NGR001,,,,
Ugochi store,SECONDARY,,,EMANL,Ugochi,8035805224,+234,,6.4596733,3.254705,Call park market,,Lagos State,Aiyetoto-Asogun,102113,NG,NGR001,,,,
U.D Cosmetics,SECONDARY,,,EMANL,Mummy Chidera,9035660527,+234,,6.5480992,3.268678,Trade fair line ikotun market,Egbe Road,Lagos State,Ikotun,102214,NG,NGR001,,,,
Mrs aliayo,SECONDARY,,,EMANL,Aliayo,8054590201,+234,,6.5489118,3.2685786,Trade fair,Idimu-Ikotun Road,Lagos State,Ikotun,102214,NG,NGR001,,,,
Nigoze store,SECONDARY,,,EMANL,Nigoze,8034729504,+234,,6.5475878,3.2673212,Trade fair,,Lagos State,Ikotun,102214,NG,NGR001,,,,
Mum blessing,SECONDARY,,,EMANL,Mum blessing,8075745477,+234,,6.5489118,3.2685786,Trade fair ikotun,Idimu-Ikotun Road,Lagos State,Ikotun,102214,NG,NGR001,,,,
Mr Ken,SECONDARY,,,EMANL,Ken,8034764484,+234,,6.4602417,3.25461,Call park,,Lagos State,Aiyetoto-Asogun,102113,NG,NGR001,,,,
Anibeans store,SECONDARY,,,EMANL,Anibeans,8062483337,+234,,6.5482454,3.2686571,Trade fair ikotun market,Egbe Road,Lagos State,Ikotun,102214,NG,NGR001,,,,
Mummy chief,SECONDARY,,,EMANL,Anna,8105131184,+234,,6.5482457,3.2685786,"Ikotun - Ejigbo Road, Alimosho, Lagos State, 100263, Nigeria",Egbe Road,Lagos State,Ikotun,102214,NG,NGR001,,,,
Mummy Chi Store,SECONDARY,,,EMANL,Amaka,8032193255,+234,,6.454991001958677,3.2453407838050574,30 new plaza Articl,,Lagos State,Aiyetoto-Asogun,102113,NG,NGR001,,,,
Oki store,SECONDARY,,,EMANL,Oki,8137249288,+234,,6.4545662,3.2452609,Shop 14 new plaza article market,Market,Lagos State,Aiyetoto-Asogun,102113,NG,NGR001,,,,
Mummy TwinsStore,SECONDARY,,,EMANL,Mummy Twins,8034920369,+234,,6.5481024,3.2686838,ZC 11Balogun line Ikotun,Egbe Road,Lagos State,Ikotun,102214,NG,NGR001,,,,
Blessed Robito interbiz,SECONDARY,,,EMANL,Robison,8132304389,+234,,6.454983460020609,3.245248729721538,28 New plaza Article market,,Lagos State,Aiyetoto-Asogun,102113,NG,NGR001,,,,
Iya aishat store,SECONDARY,,,EMANL,Iya aishat,8055325182,+234,,6.5482396,3.2695218,Balogun line,Egbe Road,Lagos State,Ikotun,102214,NG,NGR001,,,,
Iya Cynthia store,SECONDARY,,,EMANL,Cynthia,7031277633,+234,,6.5479127,3.2685786,Balogun line Ikotun market,Egbe Road,Lagos State,Ikotun,102214,NG,NGR001,,,,
Kinfuntos store,SECONDARY,,,EMANL,Kinfuntos,8060862576,+234,,6.5475756,3.2692074,Balogun line,,Lagos State,Ikotun,102214,NG,NGR001,,,,
Mummy Tolustore,SECONDARY,,,EMANL,Tolu,8108212123,+234,,6.5479466,3.2675574,Inside Ikotun market,,Lagos State,Ikotun,102214,NG,NGR001,,,,
Keris baking shop,SECONDARY,,,EMANL,Ngozi,8032421232,+234,,6.4544121,3.2453683,Shop 07 new plaza article market,,Lagos State,Aiyetoto-Asogun,102113,NG,NGR001,,,,
Chioma Jesus,SECONDARY,,,EMANL,Chioma Jesus,7065894050,+234,,6.4545622,3.2447558,EX/47 Article market,Market,Lagos State,Aiyetoto-Asogun,102113,NG,NGR001,,,,
D joy store,SECONDARY,,,EMANL,Joy,7031806202,+234,,6.45490690496766,3.2451947284550453,20 new plaza article market,,Lagos State,Aiyetoto-Asogun,102113,NG,NGR001,,,,
S.T. bestInT'l,SECONDARY,,,EMANL,"S,t best",8138682038,+234,,6.4548866,3.2452082,Newsite no 9/21 Article market,,Lagos State,Aiyetoto-Asogun,102113,NG,NGR001,,,,
Jon Paris Venture,SECONDARY,,,EMANL,Stella,8033685304,+234,,6.454985506819372,3.245312099102306,19 New plaza,,Lagos State,Aiyetoto-Asogun,102113,NG,NGR001,,,,
Madam chi store,SECONDARY,,,EMANL,Madam chi store,8035035579,+234,,6.4547737,3.2442987,F1/003,Market,Lagos State,Aiyetoto-Asogun,102113,NG,NGR001,,,,
Chidebe ventures,SECONDARY,,,EMANL,Chidebe,8038595557,+234,,6.4546903,3.2443909,H1/ 217 Article market,Market,Lagos State,Aiyetoto-Asogun,102113,NG,NGR001,,,,
Nicholas Store,SECONDARY,,,EMANL,Beatrice,8069762171,+234,,6.5475756,3.2692074,223Balogun line ikotun market,,Lagos State,Ikotun,102214,NG,NGR001,,,,
Mummy Mirabel store,SECONDARY,,,EMANL,Ebere,8067610778,+234,,6.5479127,3.2685786,220 balogun,Egbe Road,Lagos State,Ikotun,102214,NG,NGR001,,,,
God's victory,SECONDARY,,,EMANL,God's victory,8034894550,+234,,6.5482478,3.2682643,145 Balogun lane ikotun,Egbe Road,Lagos State,Ikotun,102214,NG,NGR001,,,,
Mummy mercy store,SECONDARY,,,EMANL,Chenelo,8026665520,+234,,6.5482478,3.2682643,203 balogun,Egbe Road,Lagos State,Ikotun,102214,NG,NGR001,,,,
Madam Ugo Store,SECONDARY,,,EMANL,Madam Ugo,8033875968,+234,,6.5482457,3.2685786,Balogun line ikotun market,Egbe Road,Lagos State,Ikotun,102214,NG,NGR001,,,,
Chiben stores,SECONDARY,,,EMANL,Chiben,7037537211,+234,,6.5475858,3.2676355,202Balogun line,,Lagos State,Ikotun,102214,NG,NGR001,,,,
Tomax,SECONDARY,,,EMANL,Tomas,8163644620,+234,,6.4592205,3.2549276,Store in call park inside market,,Lagos State,Aiyetoto-Asogun,102113,NG,NGR001,,,,
Mum dami store,SECONDARY,,,EMANL,Dami,8023929147,+234,,6.5495718,3.2695218,Balogun market ikotun,Idimu-Ikotun Road,Lagos State,Ikotun,102214,NG,NGR001,,,,
Lolo store,SECONDARY,,,EMANL,Lolo,8030509489,+234,,6.5488124,3.2688187,Balogun,Idimu-Ikotun Road,Lagos State,Ikotun,102214,NG,NGR001,,,,
Friday stores,SECONDARY,,,EMANL,Papa stores,8035246824,+234,,6.5488113,3.2688147,188 Balogun line,Idimu-Ikotun Road,Lagos State,Ikotun,102214,NG,NGR001,,,,
Ifeanyi  joe,SECONDARY,,,EMANL,Ifeanyi joe,8084140795,+234,,6.4569621,3.2485079,Walk way trade fair,,Lagos State,Aiyetoto-Asogun,102113,NG,NGR001,,,,
Delight store,SECONDARY,,,EMANL,Delight store,8032087734,+234,,6.5477745,3.2678147,183 Balogun line,,Lagos State,Ikotun,102214,NG,NGR001,,,,
Mum favour store,SECONDARY,,,EMANL,Mum favour,7069006693,+234,,6.5485502,3.2680994,Balogun line,Idimu-Ikotun Road,Lagos State,Ikotun,102214,NG,NGR001,,,,
Adesanya store,SECONDARY,,,EMANL,Adesanya,8035316194,+234,,6.5482478,3.2682643,Balogun,Egbe Road,Lagos State,Ikotun,102214,NG,NGR001,,,,
Mum David store,SECONDARY,,,EMANL,Mum David,7066630855,+234,,6.5482396,3.2695218,Balogun line,Egbe Road,Lagos State,Ikotun,102214,NG,NGR001,,,,
Chikamulty store,SECONDARY,,,EMANL,Chikamulty,8039480048,+234,,6.5495718,3.2695218,Balogun line,Idimu-Ikotun Road,Lagos State,Ikotun,102214,NG,NGR001,,,,
Chibike Store,SECONDARY,,,EMANL,Chibike,9060861475,+234,,6.5473191,3.2685843,Balogun line ikotun market,,Lagos State,Ikotun,102214,NG,NGR001,,,,
Iya Lati,SECONDARY,,,EMANL,Wusilat,9162382746,+234,,6.458815,3.2550083,Mandilas inside market,,Lagos State,Aiyetoto-Asogun,102113,NG,NGR001,,,,
Small but Mighty Store,SECONDARY,,,EMANL,Madam,8169269263,+234,,6.5484875,3.2679063,Niger line RA 390 ikotun market,Idimu - Ikotun Road,Lagos State,Ikotun,102214,NG,NGR001,,,,
Iya Ishola Store,SECONDARY,,,EMANL,Iya ishola,9132807534,+234,,6.5489098,3.268893,Balogun line ikotun market,Idimu-Ikotun Road,Lagos State,Ikotun,102214,NG,NGR001,,,,
Chinaelo provisionstore,SECONDARY,,,EMANL,Chinaelo,7065160198,+234,,6.45951,3.2552233,Opposite car wash,,Lagos State,Aiyetoto-Asogun,102113,NG,NGR001,,,,
Mama Ada,SECONDARY,,,EMANL,Ada,8033581621,+234,,6.454934499221671,3.245204567852126,Ada0009 Ext article,,Lagos State,Aiyetoto-Asogun,102113,NG,NGR001,,,,
Yakubu Godwin,SECONDARY,,,EMANL,Yakubu Godwin,8164545988,+234,,6.5479127,3.2685786,Ninja line,Egbe Road,Lagos State,Ikotun,102214,NG,NGR001,,,,
Nwanyi choosen,SECONDARY,,,EMANL,Nwanyi choosen,8069500146,+234,,6.4553341,3.2437202,C1/189 Article market,Market,Lagos State,Aiyetoto-Asogun,102113,NG,NGR001,,,,
Mummy Mercy,SECONDARY,,,EMANL,Mercy mum,8144059997,+234,,6.5482437,3.268893,Naija line,Egbe Road,Lagos State,Ikotun,102214,NG,NGR001,,,,
Mummydivine,SECONDARY,,,EMANL,Mum divine,8119403324,+234,,6.5482437,3.268893,Naija line,Egbe Road,Lagos State,Ikotun,102214,NG,NGR001,,,,
Mummy Victor,SECONDARY,,,EMANL,Mummy Victor,7065123373,+234,,6.5482457,3.2685786,Niger line ikotun market,Egbe Road,Lagos State,Ikotun,102214,NG,NGR001,,,,
Mummy Ada,SECONDARY,,,EMANL,Mummy ada,8064704229,+234,,6.5475858,3.2676355,Ninja,,Lagos State,Ikotun,102214,NG,NGR001,,,,
Mum eza store,SECONDARY,,,EMANL,Mum eza,8146564937,+234,,6.5495718,3.2695218,Nigra line ikotun market,Idimu-Ikotun Road,Lagos State,Ikotun,102214,NG,NGR001,,,,
Mummy Mirqble,SECONDARY,,,EMANL,Chinonso obiora,8060340268,+234,,6.470098686517688,3.231610155576682,Ada0011 ext article,,Lagos State,Ojo,102113,NG,NGR001,,,,
Chioma Jesus,SECONDARY,,,EMANL,Chioma,8060733378,+234,,6.5482842,3.2685969,Ninja,Egbe Road,Lagos State,Ikotun,102214,NG,NGR001,,,,
Somez equipment,SECONDARY,,,EMANL,Somez equipment,7049146688,+234,,6.4551211,3.2459901,Shop C1/091 Article market,Lagos-Badagry Expressway,Lagos State,Aiyetoto-Asogun,102113,NG,NGR001,,,,
Aunty p,SECONDARY,,,EMANL,Priscilla,9067203122,+234,,6.5479241,3.2685518,Naija line,Egbe Road,Lagos State,Ikotun,102214,NG,NGR001,,,,
Chi cosmetics,SECONDARY,,,EMANL,Chioma,8068262329,+234,,6.5481703,3.2685913,Naija line,Egbe Road,Lagos State,Ikotun,102214,NG,NGR001,,,,
Mum god's power store,SECONDARY,,,EMANL,Mum god's power,7068997644,+234,,6.5489118,3.2685786,Niger,Idimu-Ikotun Road,Lagos State,Ikotun,102214,NG,NGR001,,,,
Obi nigoze store,SECONDARY,,,EMANL,Obi nigoze,8165580772,+234,,6.5482396,3.2695218,Nigra line ikotun market,Egbe Road,Lagos State,Ikotun,102214,NG,NGR001,,,,
God choice store,SECONDARY,,,EMANL,Mum Camry,8033772187,+234,,6.4542416,3.2449314,J1 shop1 EXT 4 Article market,Market,Lagos State,Aiyetoto-Asogun,102113,NG,NGR001,,,,
Pastor store,SECONDARY,,,EMANL,Pastor,7060432897,+234,,6.4539408,3.245326,Block j1/214,Market,Lagos State,Aiyetoto-Asogun,102113,NG,NGR001,,,,
Daniel Mary,SECONDARY,,,EMANL,Daniel,8034956651,+234,,6.4601533,3.25465,Call park market,,Lagos State,Aiyetoto-Asogun,102113,NG,NGR001,,,,
Mickel store,SECONDARY,,,EMANL,Mickel,8033516625,+234,,6.4543297,3.2453304,J2030 article market,Market,Lagos State,Aiyetoto-Asogun,102113,NG,NGR001,,,,
Nk store,SECONDARY,,,EMANL,Nk,8109789464,+234,,6.4539005,3.2428068,Block D1/053,,Lagos State,Aiyetoto-Asogun,102113,NG,NGR001,,,,
Favorite shop,SECONDARY,,,EMANL,Favour,7032532528,+234,,6.4601139,3.2549827,Call park,,Lagos State,Aiyetoto-Asogun,102113,NG,NGR001,,,,
Mummy ebuka store,SECONDARY,,,EMANL,Obiaeze,8056279518,+234,,6.5482437,3.268893,Niger,Egbe Road,Lagos State,Ikotun,102214,NG,NGR001,,,,
Ngozi stores,SECONDARY,,,EMANL,Ngozi,8068639698,+234,,6.454950941756042,3.244561469508378,Ada/0040/ext article,Market,Lagos State,Aiyetoto-Asogun,102113,NG,NGR001,,,,
Divine mercy store,SECONDARY,,,EMANL,Divine mercy,8133026977,+234,,6.4548335,3.244031,Shop D1/18 Atiku market,Market,Lagos State,Aiyetoto-Asogun,102113,NG,NGR001,,,,
Favour,SECONDARY,,,EMANL,Favour,9026692511,+234,,6.5480962,3.2686431,Niger line ikotun market,Egbe Road,Lagos State,Ikotun,102214,NG,NGR001,,,,
Anyibest,SECONDARY,,,EMANL,Anyi,8033884927,+234,,6.5479127,3.2685786,Naija line,Egbe Road,Lagos State,Ikotun,102214,NG,NGR001,,,,
Mummy Anthony Store,SECONDARY,,,EMANL,Mummy Anthony,7036468260,+234,,6.5483154,3.2685978,YK 13 Niger line ikotun market,Egbe Road,Lagos State,Ikotun,102214,NG,NGR001,,,,
Divine Choice Store,SECONDARY,,,EMANL,Divine Choice,8060735778,+234,,6.5482457,3.2685786,CO 87 Niger line ikotun market,Egbe Road,Lagos State,Ikotun,102214,NG,NGR001,,,,
Chinyere,SECONDARY,,,EMANL,Chinyere,9122147954,+234,,6.4601172,3.254984,Call park,,Lagos State,Aiyetoto-Asogun,102113,NG,NGR001,,,,
Alice stores,SECONDARY,,,EMANL,Alice,8055479958,+234,,6.455345241334076,3.244958620541647,Ada / 0037/ext,Market,Lagos State,Aiyetoto-Asogun,102113,NG,NGR001,,,,
Favour store,SECONDARY,,,EMANL,Favour,8068891125,+234,,6.4551055,3.2450839,F1/054 Article market,Market,Lagos State,Aiyetoto-Asogun,102113,NG,NGR001,,,,
Obina store,SECONDARY,,,EMANL,Obina,9134149981,+234,,6.4543704,3.2453898,Article market j1 /058,,Lagos State,Aiyetoto-Asogun,102113,NG,NGR001,,,,
De Adorer ventures,SECONDARY,,,EMANL,De Adorer,8109462316,+234,,6.4539005,3.2428068,D1/174 Article Market,,Lagos State,Aiyetoto-Asogun,102113,NG,NGR001,,,,
Divine Super stores,SECONDARY,,,EMANL,Virginia,8062666814,+234,,6.4544659,3.2585197,Call park mrkt,,Lagos State,Festac,102113,NG,NGR001,,,,
Markay,SECONDARY,,,EMANL,Amaka,8145503403,+234,,6.4601195,3.2549829,Call park mrkt,,Lagos State,Aiyetoto-Asogun,102113,NG,NGR001,,,,
Mummy munachi store,SECONDARY,,,EMANL,Mummy munachi,8137073208,+234,,6.4548257,3.244024,E1/120 article market,Market,Lagos State,Aiyetoto-Asogun,102113,NG,NGR001,,,,
Mum uzor stores,SECONDARY,,,EMANL,Mum uzor,7031116294,+234,,6.5480172,3.2685591,Naija line,Egbe Road,Lagos State,Ikotun,102214,NG,NGR001,,,,
Godfather Multipurpose Enterprises,SECONDARY,,,EMANL,Love,7049331007,+234,,6.4602226,3.2545033,Shop 8 call park gate,,Lagos State,Aiyetoto-Asogun,102113,NG,NGR001,,,,
Mummy Ike,SECONDARY,,,EMANL,Mummy Ike,8164628726,+234,,6.4599581,3.2549139,Call park,,Lagos State,Aiyetoto-Asogun,102113,NG,NGR001,,,,
Madam uche stores,SECONDARY,,,EMANL,Uchechi,8037219410,+234,,6.45504152131239,3.2452490784637806,Aat/ 0089 ext article,,Lagos State,Aiyetoto-Asogun,102113,NG,NGR001,,,,
Precious store,SECONDARY,,,EMANL,Precious,7069304670,+234,,6.4548655,3.2441811,Block E/017 article market,Market,Lagos State,Aiyetoto-Asogun,102113,NG,NGR001,,,,
Iyachisom,SECONDARY,,,EMANL,Mum chisom,8033471089,+234,,6.5480515,3.2685717,Naija line,Egbe Road,Lagos State,Ikotun,102214,NG,NGR001,,,,
Mum twins store,SECONDARY,,,EMANL,Mum twins,8084879026,+234,,6.5482396,3.2695218,Niger line ikotunmarket,Egbe Road,Lagos State,Ikotun,102214,NG,NGR001,,,,
Chisom world,SECONDARY,,,EMANL,Chisom,8022236594,+234,,6.5480957,3.2685908,Naija line,Egbe Road,Lagos State,Ikotun,102214,NG,NGR001,,,,
Mrs uzor store,SECONDARY,,,EMANL,Uzor,8034247054,+234,,6.5489118,3.2685786,Niger line ikotun market,Idimu-Ikotun Road,Lagos State,Ikotun,102214,NG,NGR001,,,,
Allah Ventures,SECONDARY,,,EMANL,Aliah,9094565867,+234,,6.5480951,3.2685836,Niger line 27/28 ikotun market,Egbe Road,Lagos State,Ikotun,102214,NG,NGR001,,,,
Ify Benson stores,SECONDARY,,,EMANL,Ifeoma,9135570047,+234,,6.45530528455147,3.2451103452912884,Ada/0085 ext article,Market,Lagos State,Aiyetoto-Asogun,102113,NG,NGR001,,,,
Iya mariam store,SECONDARY,,,EMANL,Iya mariam,8023608288,+234,,6.5480959,3.2686042,Niger line,Egbe Road,Lagos State,Ikotun,102214,NG,NGR001,,,,
Mama Jay,SECONDARY,,,EMANL,Jay,7044452076,+234,,6.45530528455147,3.2451103452912884,Ada/0086 ext article,Market,Lagos State,Aiyetoto-Asogun,102113,NG,NGR001,,,,
Justin Charles,SECONDARY,,,EMANL,Justin Charles,8037081212,+234,,6.4592894,3.2525459,Unity plaza inside trade,,Lagos State,Aiyetoto-Asogun,102113,NG,NGR001,,,,
Mum amaka store,SECONDARY,,,EMANL,Mum amaka,8033447170,+234,,6.547779,3.2684656,Dublin line,Egbe Road,Lagos State,Ikotun,102214,NG,NGR001,,,,
Mama ejima Store,SECONDARY,,,EMANL,Mum ejima,8038257854,+234,,6.4549243,3.2445673,F1/043 Article market,Market,Lagos State,Aiyetoto-Asogun,102113,NG,NGR001,,,,
Mum chinaza store,SECONDARY,,,EMANL,Mum chinaza,8145261972,+234,,6.4547851,3.2446705,F1/144 Article market,Market,Lagos State,Aiyetoto-Asogun,102113,NG,NGR001,,,,
Chi chi store,SECONDARY,,,EMANL,Chi chi,9162964893,+234,,6.4547823,3.2446799,Hi/210 Article market,Market,Lagos State,Aiyetoto-Asogun,102113,NG,NGR001,,,,
Mum Micheal store,SECONDARY,,,EMANL,Mum Micheal,8038199289,+234,,6.4547848,3.2446735,F1/053 article market,Market,Lagos State,Aiyetoto-Asogun,102113,NG,NGR001,,,,
W. F. Amoo stores,SECONDARY,,,EMANL,W. F. Amoo,7014289707,+234,,6.4601553,3.2528625,A 020 Kwara plaza,,Lagos State,Aiyetoto-Asogun,102113,NG,NGR001,,,,
Sunnex Nig Ltd,SECONDARY,,,EMANL,Sunny,8138171203,+234,,6.455160197804571,3.2448964772711966,C1 145 Article,Market,Lagos State,Aiyetoto-Asogun,102113,NG,NGR001,,,,
Iya hassan,SECONDARY,,,EMANL,Iya hassan,7047799505,+234,,6.4518894,3.2453205,N0 2 Moshalashi street trade fair,,Lagos State,Aiyetoto-Asogun,102113,NG,NGR001,,,,
Stanleychukwuemeka,SECONDARY,,,EMANL,Staley,7065549669,+234,,6.4529733,3.2455811,N0 4 Raji street  near article trade fair,,Lagos State,Aiyetoto-Asogun,102113,NG,NGR001,,,,
MamaToby store,SECONDARY,,,EMANL,Ugochi,7062557730,+234,,6.4533266,3.2453627,8 Bale street Article,,Lagos State,Aiyetoto-Asogun,102113,NG,NGR001,,,,
Cynthia store,SECONDARY,,,EMANL,Cynthia,8168627023,+234,,6.4532755,3.2447325,2 Ashedo street Article market,,Lagos State,Aiyetoto-Asogun,102113,NG,NGR001,,,,
Uche store,SECONDARY,,,EMANL,Uche store,7039296602,+234,,6.4530588,3.245572,N0 1 MoshalashiStreetnear article market,,Lagos State,Aiyetoto-Asogun,102113,NG,NGR001,,,,
Bolaji store,SECONDARY,,,EMANL,Bolaji,8028764895,+234,,6.4525525,3.2456347,N0 16 Balerstreet near article market,,Lagos State,Aiyetoto-Asogun,102113,NG,NGR001,,,,
Mama chukwuemeka store,SECONDARY,,,EMANL,Mama chukwuemeka,7061164831,+234,,6.453053,3.2455672,Opposite article market trade,,Lagos State,Aiyetoto-Asogun,102113,NG,NGR001,,,,
Adams,SECONDARY,,,EMANL,Adams,7051574881,+234,,6.453943152044489,3.246389333608038,78 Abu street article,,Lagos State,Aiyetoto-Asogun,102113,NG,NGR001,,,,
Ghana women,SECONDARY,,,EMANL,Ghana,8161705886,+234,,6.492233,3.1890446,Old ojo Rd plaza under bridge,,Lagos State,Ojo,102113,NG,NGR001,,,,
Precious store,SECONDARY,,,EMANL,Precious,8033888247,+234,,6.452218,3.245949,Abu street opp article market,,Lagos State,Aiyetoto-Asogun,102113,NG,NGR001,,,,
Ekezie stores,SECONDARY,,,EMANL,Ekezie,7062448165,+234,,6.454077111698653,3.2464270263698984,Abu street close to where bed is sold no 421,,Lagos State,Aiyetoto-Asogun,102113,NG,NGR001,,,,
Nimufad store venture's,SECONDARY,,,EMANL,Nimufed,8188230220,+234,,6.4534621,3.2425286,10 irede road Article,,Lagos State,Aiyetoto-Asogun,102113,NG,NGR001,,,,
Rejoice store,SECONDARY,,,EMANL,Rejoice,7033027584,+234,,6.4538619,3.2464262,"Abu street,Abu junction under bridges old ojo road",,Lagos State,Aiyetoto-Asogun,102113,NG,NGR001,,,,
Papilo peace store,SECONDARY,,,EMANL,peace,8106693915,+234,,6.4541043,3.2458954,Shop 12 the able God plaza under bridges old ojo road opp article market,,Lagos State,Aiyetoto-Asogun,102113,NG,NGR001,,,,
Amazing love store,SECONDARY,,,EMANL,Amazing love,7046616292,+234,,6.4541041,3.2458892,Shop 02 The able God plaza under bridges old ojo road,,Lagos State,Aiyetoto-Asogun,102113,NG,NGR001,,,,
Mum chioma,SECONDARY,,,EMANL,Mum chioma,8162345962,+234,,6.4540661,3.2458851,Shop 15 The able God plaza under bridges old ojo road,,Lagos State,Aiyetoto-Asogun,102113,NG,NGR001,,,,
BlackBerry store,SECONDARY,,,EMANL,BlackBerry,8039534040,+234,,6.4559441,3.243144,Abule oshun store,,Lagos State,Aiyetoto-Asogun,102113,NG,NGR001,,,,
Somto,SECONDARY,,,EMANL,Somtochukwu,9065197647,+234,,6.4539373,3.2459682,B12 Article mrkt,,Lagos State,Aiyetoto-Asogun,102113,NG,NGR001,,,,
Precious stores,SECONDARY,,,EMANL,Precious,9161618454,+234,,6.453855204014411,3.2464587447631073,421 old ojo road,,Lagos State,Aiyetoto-Asogun,102113,NG,NGR001,,,,
Arinze store,SECONDARY,,,EMANL,Oluchi,7068139575,+234,,6.4534598,3.2425304,5 irede Road Abule oshun,,Lagos State,Aiyetoto-Asogun,102113,NG,NGR001,,,,
Mum twins store,SECONDARY,,,EMANL,Mum twins,7030249878,+234,,6.4535697,3.2470713,Num 5 tamuola street Old ojo road,,Lagos State,Aiyetoto-Asogun,102113,NG,NGR001,,,,
Oluwakemi store,SECONDARY,,,EMANL,Folaranmi,8025300615,+234,,6.5506907,3.2655686,160 promiseline,,Lagos State,Ikotun,102214,NG,NGR001,,,,
Iya ishola,SECONDARY,,,EMANL,Iya ishola,8038370736,+234,,6.4489047,3.2440636,15 Bale,,Lagos State,Aiyetoto-Asogun,102113,NG,NGR001,,,,
Chika store,SECONDARY,,,EMANL,Chika,8101538404,+234,,6.5489204,3.2685919,155 promise line,Idimu-Ikotun Road,Lagos State,Ikotun,102214,NG,NGR001,,,,
Mummy Joy Store,SECONDARY,,,EMANL,Mummy Joy,7083277929,+234,,6.5475756,3.2692074,Dublin line Ikotun market,,Lagos State,Ikotun,102214,NG,NGR001,,,,
IGstore,SECONDARY,,,EMANL,Sam,8025546325,+234,,6.5485849,3.2676355,Asorock line,Idimu - Ikotun Road,Lagos State,Ikotun,102214,NG,NGR001,,,,
Mummy ig,SECONDARY,,,EMANL,IG,8080177171,+234,,6.5488483,3.2684991,"167,asorock line",Idimu-Ikotun Road,Lagos State,Ikotun,102214,NG,NGR001,,,,
Taiwo,SECONDARY,,,EMANL,Taiwo,8052262869,+234,,6.549299,3.2666595,Promiseline,,Lagos State,Ikotun,102214,NG,NGR001,,,,
Ekene ventures,SECONDARY,,,EMANL,Ekene,9043071820,+234,,6.5477005,3.2684046,"Good luck line ,Ikotun - Ejigbo Road, Alimosho, Lagos State, 102214, Nigeria",Egbe Road,Lagos State,Ikotun,102214,NG,NGR001,,,,
Iya banga,SECONDARY,,,EMANL,Kemi,9039248980,+234,,6.5489789,3.2684936,Akata line,Idimu-Ikotun Road,Lagos State,Ikotun,102214,NG,NGR001,,,,
Iya ibeji,SECONDARY,,,EMANL,Iya ibeji,8185152912,+234,,6.5489683,3.2685296,Akata line,Idimu-Ikotun Road,Lagos State,Ikotun,102214,NG,NGR001,,,,
Ibukunokuwa stores,SECONDARY,,,EMANL,Ibukunokuwa,8023744462,+234,,6.5476005,3.2683879,"No 40 Good luck stores Alimosho, Lagos State, 100263, Nigeria",,Lagos State,Ikotun,102214,NG,NGR001,,,,
Iya okiki,SECONDARY,,,EMANL,Iya okiki,8120978673,+234,,6.5489775,3.2684875,Akata line,Idimu-Ikotun Road,Lagos State,Ikotun,102214,NG,NGR001,,,,
Odeshi store,SECONDARY,,,EMANL,Odeshi,8023452208,+234,,6.5489278,3.2684951,Ra142akata line,Idimu-Ikotun Road,Lagos State,Ikotun,102214,NG,NGR001,,,,
Ogechi,SECONDARY,,,EMANL,Ogechi,9159939682,+234,,6.5480955,3.2685899,Dublin,Egbe Road,Lagos State,Ikotun,102214,NG,NGR001,,,,
Madam ify,SECONDARY,,,EMANL,Madam ify,8036825489,+234,,6.5480955,3.2685899,Dublin,Egbe Road,Lagos State,Ikotun,102214,NG,NGR001,,,,
Choose ventures,SECONDARY,,,EMANL,Good luck,7044645665,+234,,6.5689106,3.2649338,"Good luckline, no36,Ikotun",,Lagos State,Ikotun,102213,NG,NGR001,,,,
Onyeoma Stores ikotun market,SECONDARY,,,EMANL,Madam onyeoma,8035245575,+234,,6.5485849,3.2676355,Dublin lineikotun market,Idimu - Ikotun Road,Lagos State,Ikotun,102214,NG,NGR001,,,,
Madam titi,SECONDARY,,,EMANL,Titi,8065523258,+234,,6.548507,3.2682529,Promise line,Idimu-Ikotun Road,Lagos State,Ikotun,102214,NG,NGR001,,,,
Mummy Sylvia Store,SECONDARY,,,EMANL,Mummy Sylvia,8132742363,+234,,6.5482845,3.2686026,Dublin line ikotun market,Egbe Road,Lagos State,Ikotun,102214,NG,NGR001,,,,
Ify beauty store,SECONDARY,,,EMANL,Ifyy,7089437070,+234,,6.5479127,3.2685786,"Good luck line, Ikotun market",Egbe Road,Lagos State,Ikotun,102214,NG,NGR001,,,,
Jenny store,SECONDARY,,,EMANL,Jenny,8106331718,+234,,6.5482842,3.2686026,Dublin,Egbe Road,Lagos State,Ikotun,102214,NG,NGR001,,,,
Mummy Ebuka,SECONDARY,,,EMANL,Mummy Ebuka,8158330564,+234,,6.5482843,3.2686023,Dublin line ikotun market,Egbe Road,Lagos State,Ikotun,102214,NG,NGR001,,,,
Dm 14 store,SECONDARY,,,EMANL,Dozeman,8033227849,+234,,6.5482844,3.2685949,Dublin,Egbe Road,Lagos State,Ikotun,102214,NG,NGR001,,,,
Arike store,SECONDARY,,,EMANL,Arike,9165494017,+234,,6.4565011,3.2522339,N0 34 saka near article market,,Lagos State,Aiyetoto-Asogun,102113,NG,NGR001,,,,
Zinu stores,SECONDARY,,,EMANL,Zini,7017556514,+234,,6.5482437,3.268893,Goodluck stores,Egbe Road,Lagos State,Ikotun,102214,NG,NGR001,,,,
Usman Store,SECONDARY,,,EMANL,Usman,9163490848,+234,,6.5482457,3.2685786,Dublin line ikotun market,Egbe Road,Lagos State,Ikotun,102214,NG,NGR001,,,,
Mummy gift store80,SECONDARY,,,EMANL,Mummy gift,8028752513,+234,,6.5484809,3.2686535,Dublin,Egbe Road,Lagos State,Ikotun,102214,NG,NGR001,,,,
Williams erisco store,SECONDARY,,,EMANL,Williams,8036925487,+234,,6.5482437,3.268893,Ikotun market,Egbe Road,Lagos State,Ikotun,102214,NG,NGR001,,,,
Chidera Store,SECONDARY,,,EMANL,Chidera,7049650050,+234,,6.5482457,3.2685786,Dublin line ikotun market,Egbe Road,Lagos State,Ikotun,102214,NG,NGR001,,,,
Chima stores,SECONDARY,,,EMANL,Chima,8151889920,+234,,6.5485767,3.268893,"Ikotun - Ejigbo Road, Alimosho, Lagos State, 100263, Nigeria",Egbe Road,Lagos State,Ikotun,102214,NG,NGR001,,,,
Ifeanyi store,SECONDARY,,,EMANL,Ifeanyi,8168007473,+234,,6.5488159,3.268447,Good luckline,Idimu-Ikotun Road,Lagos State,Ikotun,102214,NG,NGR001,,,,
Philostores,SECONDARY,,,EMANL,Philo,8035404499,+234,,6.5482478,3.2682643,Good luckline,Egbe Road,Lagos State,Ikotun,102214,NG,NGR001,,,,
Ebuka stores,SECONDARY,,,EMANL,Ebuka,7079679281,+234,,6.5479168,3.2679499,Good luck,Egbe Road,Lagos State,Ikotun,102214,NG,NGR001,,,,
Ben store,SECONDARY,,,EMANL,Benjamin,9155508391,+234,,6.5479127,3.2685786,Good luckline,Egbe Road,Lagos State,Ikotun,102214,NG,NGR001,,,,
Ummu Store,SECONDARY,,,EMANL,Mummy Ummu,8065515192,+234,,6.5482457,3.2685786,Dublin line ikotun market,Egbe Road,Lagos State,Ikotun,102214,NG,NGR001,,,,
Essy venture,SECONDARY,,,EMANL,Esther,8160471415,+234,,6.5480528,3.2684956,"No 69, Goodluck lineIkotun",Egbe Road,Lagos State,Ikotun,102214,NG,NGR001,,,,
Felix stores,SECONDARY,,,EMANL,Felix,9132748823,+234,,6.5482478,3.2682643,Good luck line,Egbe Road,Lagos State,Ikotun,102214,NG,NGR001,,,,
Iya Rasidat store,SECONDARY,,,EMANL,Rashidat,9002183458,+234,,6.5482478,3.2682643,"9, Good luck Ikotun",Egbe Road,Lagos State,Ikotun,102214,NG,NGR001,,,,
Daily Glorystores,SECONDARY,,,EMANL,Blessing,7064795389,+234,,6.5482478,3.2682643,Ikotun market,Egbe Road,Lagos State,Ikotun,102214,NG,NGR001,,,,
Onu store,SECONDARY,,,EMANL,Onome,8035813745,+234,,6.4535413,3.2470826,7 lawa street Article market,,Lagos State,Aiyetoto-Asogun,102113,NG,NGR001,,,,
Chumzie store,SECONDARY,,,EMANL,Chioma,8068895340,+234,,6.5479168,3.2679499,Dublin,Egbe Road,Lagos State,Ikotun,102214,NG,NGR001,,,,
Victor stores,SECONDARY,,,EMANL,Victor ifeanyi,7041750882,+234,,6.5482478,3.2682643,Ikotun Market,Egbe Road,Lagos State,Ikotun,102214,NG,NGR001,,,,
Ifeoma Ventures,SECONDARY,,,EMANL,Ifeoma,9033926720,+234,,6.5489138,3.2682643,Good luck line Ikotun market,Idimu-Ikotun Road,Lagos State,Ikotun,102214,NG,NGR001,,,,
Adijat Store,SECONDARY,,,EMANL,Adijat,8032224810,+234,,6.5482457,3.2685786,DM 4 Dublin line ikotun market,Egbe Road,Lagos State,Ikotun,102214,NG,NGR001,,,,
Debora,SECONDARY,,,EMANL,Deborah,8052452366,+234,,6.5479168,3.2679499,Good luckline,Egbe Road,Lagos State,Ikotun,102214,NG,NGR001,,,,
Tm4,SECONDARY,,,EMANL,Blessing,8137188027,+234,,6.5486279,3.2685547,Dublin,Idimu-Ikotun Road,Lagos State,Ikotun,102214,NG,NGR001,,,,
Article store,SECONDARY,,,EMANL,Eze,8133311995,+234,,6.5479168,3.2679499,"92, Good luck line",Egbe Road,Lagos State,Ikotun,102214,NG,NGR001,,,,
Mummy Glory Store,SECONDARY,,,EMANL,Mummy Glory,7034339376,+234,,6.5480481,3.2685062,Goodluck line ikotun market,Egbe Road,Lagos State,Ikotun,102214,NG,NGR001,,,,
Chioma Blessing Stores,SECONDARY,,,EMANL,Chioma,8058719289,+234,,6.5485841,3.2677573,Dublin line Ikotun market,Idimu - Ikotun Road,Lagos State,Ikotun,102214,NG,NGR001,,,,
Mum glory,SECONDARY,,,EMANL,Blessing,7017602315,+234,,6.5482478,3.2682643,Good luckline,Egbe Road,Lagos State,Ikotun,102214,NG,NGR001,,,,
Effimax 5,SECONDARY,,,EMANL,Effimax,9155283257,+234,,6.5482478,3.2682643,Promised line,Egbe Road,Lagos State,Ikotun,102214,NG,NGR001,,,,
Ogechi Enterprise,SECONDARY,,,EMANL,Ogechi,8028923501,+234,,6.5481099,3.2684455,"Ikotun - Ejigbo Road, Alimosho, Lagos State, 100263, Nigeria",Egbe Road,Lagos State,Ikotun,102214,NG,NGR001,,,,
Divine,SECONDARY,,,EMANL,Divine,8037174977,+234,,6.5478972,3.2696829,Good luck,Egbe Road,Lagos State,Ikotun,102214,NG,NGR001,,,,
Praise,SECONDARY,,,EMANL,Praise,7036340663,+234,,6.5485808,3.2682643,Promised line,Idimu-Ikotun Road,Lagos State,Ikotun,102214,NG,NGR001,,,,
David store,SECONDARY,,,EMANL,David,8082545273,+234,,6.5482117,3.268435,"14,  promise line Ikotun - Ejigbo Road, Alimosho, Lagos State, 100263, Nigeria",Egbe Road,Lagos State,Ikotun,102214,NG,NGR001,,,,
TN56,SECONDARY,,,EMANL,Chidi,8039228484,+234,,6.5482453,3.2686395,Promised line,Egbe Road,Lagos State,Ikotun,102214,NG,NGR001,,,,
Mummy Miracle,SECONDARY,,,EMANL,Chizoba,8130651000,+234,,6.4588567,3.2551747,Call park inside mrkt,,Lagos State,Aiyetoto-Asogun,102113,NG,NGR001,,,,
Amah store,SECONDARY,,,EMANL,Amah,8068612363,+234,,6.548048,3.2684959,First Abuja line,Egbe Road,Lagos State,Ikotun,102214,NG,NGR001,,,,
Ehizele,SECONDARY,,,EMANL,Ehizele,8095353762,+234,,6.5481108,3.2684472,Promise line ikotun market,Egbe Road,Lagos State,Ikotun,102214,NG,NGR001,,,,
Ajike store,SECONDARY,,,EMANL,Barakat,9124353218,+234,,6.5481518,3.2689135,ZC  58 Japan line,Egbe Road,Lagos State,Ikotun,102214,NG,NGR001,,,,
Angela store,SECONDARY,,,EMANL,Angela,9161913615,+234,,6.5482437,3.268893,Japan,Egbe Road,Lagos State,Ikotun,102214,NG,NGR001,,,,
Mr ifeanyi store,SECONDARY,,,EMANL,Ifeanyi,8032739882,+234,,6.5481505,3.2689078,Japan line,Egbe Road,Lagos State,Ikotun,102214,NG,NGR001,,,,
Mummy Micheal Store,SECONDARY,,,EMANL,Mummy Micheal,7064714386,+234,,6.5482253,3.2686357,Japan line ikotun market,Egbe Road,Lagos State,Ikotun,102214,NG,NGR001,,,,
Esther store,SECONDARY,,,EMANL,Esther,8035229673,+234,,6.5481505,3.2689111,"No 119, Japan, line Ikotun - Ejigbo Road, Alimosho, Lagos State, 100263, Nigeria",Egbe Road,Lagos State,Ikotun,102214,NG,NGR001,,,,
Hap way store,SECONDARY,,,EMANL,Happy,8065222358,+234,,6.5479127,3.2685786,Japan,Egbe Road,Lagos State,Ikotun,102214,NG,NGR001,,,,
Harmony store,SECONDARY,,,EMANL,Harmony,8030667862,+234,,6.5481495,3.2689059,Japan line ikotun market,Egbe Road,Lagos State,Ikotun,102214,NG,NGR001,,,,
God is good store,SECONDARY,,,EMANL,Chidi ma mom,7061397514,+234,,6.5479127,3.2685786,Japan line,Egbe Road,Lagos State,Ikotun,102214,NG,NGR001,,,,
PTY Store,SECONDARY,,,EMANL,PTY Store,8023463889,+234,,6.5475756,3.2692074,Japan line ikotun market,,Lagos State,Ikotun,102214,NG,NGR001,,,,
Mummy great store,SECONDARY,,,EMANL,Glory,8068389770,+234,,6.5479127,3.2685786,Japan line Ikotun market,Egbe Road,Lagos State,Ikotun,102214,NG,NGR001,,,,
Blessed store,SECONDARY,,,EMANL,Blessed,7037971832,+234,,6.5482006,3.2689531,Japan line,Egbe Road,Lagos State,Ikotun,102214,NG,NGR001,,,,
Vickky Store,SECONDARY,,,EMANL,Vickky,8030571351,+234,,6.5483721,3.269416,Japan line ikotun market,Egbe Road,Lagos State,Ikotun,102214,NG,NGR001,,,,
Grace world,SECONDARY,,,EMANL,Grace,8156395241,+234,,6.5479127,3.2685786,Japan,Egbe Road,Lagos State,Ikotun,102214,NG,NGR001,,,,
Chisom,SECONDARY,,,EMANL,Chisom,8074344298,+234,,6.4583606,3.2551269,Limpopo plaza,,Lagos State,Aiyetoto-Asogun,102113,NG,NGR001,,,,
Odogwu store,SECONDARY,,,EMANL,Odogwu,7047090318,+234,,6.5483575,3.2693123,Japan,Egbe Road,Lagos State,Ikotun,102214,NG,NGR001,,,,
Iya saldat store,SECONDARY,,,EMANL,Iya saldat,9024296011,+234,,6.5468933,3.2717225,Japane line,Egbe Road,Lagos State,Ikotun,102214,NG,NGR001,,,,
Mummy Chisom store,SECONDARY,,,EMANL,Mummy Chisom,9071145076,+234,,6.54861,3.2690417,Japan line ikotun market,Egbe Road,Lagos State,Ikotun,102214,NG,NGR001,,,,
Cool ujay store,SECONDARY,,,EMANL,Ujay,8063368100,+234,,6.5485896,3.2690583,Japan,Egbe Road,Lagos State,Ikotun,102214,NG,NGR001,,,,
Mummy Zara store,SECONDARY,,,EMANL,Mummy zara,7017161162,+234,,6.5486404,3.269035,Japan line,Egbe Road,Lagos State,Ikotun,102214,NG,NGR001,,,,
Mummy Sochi,SECONDARY,,,EMANL,Mummy Sochi,8030505439,+234,,6.5485727,3.2695218,Japan line ikotun market,Egbe Road,Lagos State,Ikotun,102214,NG,NGR001,,,,
So store,SECONDARY,,,EMANL,So,8028393237,+234,,6.5486404,3.269035,Japan,Egbe Road,Lagos State,Ikotun,102214,NG,NGR001,,,,
Mum Mimi store,SECONDARY,,,EMANL,Mum Mimi,9180652436,+234,,6.5477433,3.268823,Japane line,Egbe Road,Lagos State,Ikotun,102214,NG,NGR001,,,,
Ify store,SECONDARY,,,EMANL,Ify,8060422552,+234,,6.5475756,3.2692074,Bethel line,,Lagos State,Ikotun,102214,NG,NGR001,,,,
Ify store,SECONDARY,,,EMANL,Ify,8055223152,+234,,6.5476511,3.2695832,Bethel line,Egbe Road,Lagos State,Ikotun,102214,NG,NGR001,,,,
Christi store,SECONDARY,,,EMANL,Christi,8037432620,+234,,6.5472426,3.2692074,Bethel line,,Lagos State,Ikotun,102214,NG,NGR001,,,,
Mummy nwso,SECONDARY,,,EMANL,Eze,8033224690,+234,,6.5471647,3.2692744,Bethel line,,Lagos State,Ikotun,102214,NG,NGR001,,,,
Barsot store,SECONDARY,,,EMANL,Iya ayo,8165416261,+234,,6.5479399,3.2694123,Happiness line,Egbe Road,Lagos State,Ikotun,102214,NG,NGR001,,,,
Mummy Aishat,SECONDARY,,,EMANL,Mummy Aishat,9134871910,+234,,6.5485727,3.2695218,First Abuja Line ikotun market,Egbe Road,Lagos State,Ikotun,102214,NG,NGR001,,,,
Divine favor your destiny store,SECONDARY,,,EMANL,Favour,8035440522,+234,,6.5479383,3.269406,Happiness line,Egbe Road,Lagos State,Ikotun,102214,NG,NGR001,,,,
Jesus pikin,SECONDARY,,,EMANL,Elijah,8102505627,+234,,6.5486355,3.2690579,New abuja,Egbe Road,Lagos State,Ikotun,102214,NG,NGR001,,,,
Nifemiwright ent,SECONDARY,,,EMANL,Nifemi,8036967792,+234,,6.5472426,3.2692074,Happiness line,,Lagos State,Ikotun,102214,NG,NGR001,,,,
Mummy Ezra store,SECONDARY,,,EMANL,Japan,7036646058,+234,,6.5479127,3.2685786,"No 1, Japan line Ikotun - Ejigbo Road, Alimosho, Lagos State, 100263, Nigeria",Egbe Road,Lagos State,Ikotun,102214,NG,NGR001,,,,
Amazing Grace store,SECONDARY,,,EMANL,Favour,7032908944,+234,,6.4542164,3.3525181,Shop Dkk1 Bandry,Boundary Market,Lagos State,Ajeromi/Ifelodun,101212,NG,NGR001,,,,
Iya Ayomide,SECONDARY,,,EMANL,Oluwakemi,8032983100,+234,,6.455187,3.3529033,Shop 63 Fidelity Bank line,Malu Road,Lagos State,Alaiyabiagba,101212,NG,NGR001,,,,
Mum tolani store,SECONDARY,,,EMANL,Mum tolani,8066372460,+234,,6.5479387,3.2694111,Goodnews line,Egbe Road,Lagos State,Ikotun,102214,NG,NGR001,,,,
Wisdom stores,SECONDARY,,,EMANL,Wisdom,8037019462,+234,,6.454927285801961,3.3523116033574123,Blu 44 boundary,Malu Road,Lagos State,Alaiyabiagba,101212,NG,NGR001,,,,
MamaSunday Store,SECONDARY,,,EMANL,Mama Sunday,7036192748,+234,,6.4548648,3.3513288,Shop C9 Boundary market,Malu Road,Lagos State,Alaiyabiagba,101212,NG,NGR001,,,,
Mum tee store,SECONDARY,,,EMANL,Tee,8026025453,+234,,6.5479834,3.2693409,Goodnews line,Egbe Road,Lagos State,Ikotun,102214,NG,NGR001,,,,
Iya Bola,SECONDARY,,,EMANL,Bola,8061981298,+234,,6.4545241,3.3525884,Dkk1A,Boundary Market,Lagos State,Ajeromi/Ifelodun,101212,NG,NGR001,,,,
Ujah Solomon,SECONDARY,,,EMANL,Ujah Solomon,8135755837,+234,,6.5490693,3.2691283,21 Japan line,Idimu-Ikotun Road,Lagos State,Ikotun,102214,NG,NGR001,,,,
Sunny success,SECONDARY,,,EMANL,Sunday,8081563845,+234,,6.5479168,3.2679499,New Abuja,Egbe Road,Lagos State,Ikotun,102214,NG,NGR001,,,,
Favour store,SECONDARY,,,EMANL,Unity,9077689693,+234,,6.5479383,3.2694053,Unity line,Egbe Road,Lagos State,Ikotun,102214,NG,NGR001,,,,
Iya Kudi,SECONDARY,,,EMANL,Iya Kusi,8131545596,+234,,6.4547255,3.3518558,E 13 Boundary,Boundary Market,Lagos State,Alaiyabiagba,101212,NG,NGR001,,,,
Mummy princess store,SECONDARY,,,EMANL,Mummy princess,7039137534,+234,,6.45391,3.3519794,C-L -11,Boundary Market,Lagos State,Ajeromi/Ifelodun,101212,NG,NGR001,,,,
Mama oluchi,SECONDARY,,,EMANL,Onyinenye,7037091053,+234,,6.4482108,3.3519586,Dkk2 Bandry,Marine Road,Lagos State,Apapa,101212,NG,NGR001,,,,
Selimi store,SECONDARY,,,EMANL,Selimi,9039999065,+234,,6.454927285801961,3.3523116033574123,B-Lu 53,Malu Road,Lagos State,Alaiyabiagba,101212,NG,NGR001,,,,
Blessing Ventures,SECONDARY,,,EMANL,Blessing,7075875443,+234,,6.455187,3.3529033,Shop 95 Fidelity Bank line,Malu Road,Lagos State,Alaiyabiagba,101212,NG,NGR001,,,,
Iya Bose store,SECONDARY,,,EMANL,Iya bose,8023421707,+234,,6.4548648,3.3513288,C-13 boundary market,Malu Road,Lagos State,Alaiyabiagba,101212,NG,NGR001,,,,
Alpha store,SECONDARY,,,EMANL,Alpha store,8082517452,+234,,6.54806,3.2685019,New abujaline,Egbe Road,Lagos State,Ikotun,102214,NG,NGR001,,,,
Shukurat stores,SECONDARY,,,EMANL,Shukurat,9121530069,+234,,6.454927285801961,3.3523116033574123,B lu 54,Malu Road,Lagos State,Alaiyabiagba,101212,NG,NGR001,,,,
Jokas store,SECONDARY,,,EMANL,Jokas,8023701826,+234,,6.5479998,3.2693213,Unity line,Egbe Road,Lagos State,Ikotun,102214,NG,NGR001,,,,
Precious babies world,SECONDARY,,,EMANL,Precious,8055373457,+234,,6.5476422,3.2692677,Unity line,Egbe Road,Lagos State,Ikotun,102214,NG,NGR001,,,,
Alabi store,SECONDARY,,,EMANL,Alabi,8033946738,+234,,6.5485767,3.268893,"Japan line , Ikotun - Ejigbo Road, Alimosho, Lagos State, 100263, Nigeria",Egbe Road,Lagos State,Ikotun,102214,NG,NGR001,,,,
Elizabeth Store,SECONDARY,,,EMANL,Elizabeth,9129755500,+234,,6.5482457,3.2685786,First Abuja Line Ikotun market,Egbe Road,Lagos State,Ikotun,102214,NG,NGR001,,,,
Kafaya store,SECONDARY,,,EMANL,Kafaya,7037649967,+234,,6.4618665,3.3484947,Dkk15,Amaechi Street,Lagos State,Alaiyabiagba,101212,NG,NGR001,,,,
Nelly indigo,SECONDARY,,,EMANL,Nelly,8104406123,+234,,6.5479993,3.2693189,Unity line,Egbe Road,Lagos State,Ikotun,102214,NG,NGR001,,,,
Mummy eniola store,SECONDARY,,,EMANL,Mum enny,7087787175,+234,,6.5479127,3.2685786,First abuja,Egbe Road,Lagos State,Ikotun,102214,NG,NGR001,,,,
Mama emeka store,SECONDARY,,,EMANL,Mama Emeka,9163581945,+234,,6.4548648,3.3513288,C-1-14 boundary market,Malu Road,Lagos State,Alaiyabiagba,101212,NG,NGR001,,,,
Elizabeth store,SECONDARY,,,EMANL,Elizabeth,8032209353,+234,,6.4540588,3.3517699,D87 Bandry market,Boundary Market,Lagos State,Alaiyabiagba,101212,NG,NGR001,,,,
Mummy JJstore,SECONDARY,,,EMANL,Mum jj,7033515070,+234,,6.5479989,3.2693152,Unity line,Egbe Road,Lagos State,Ikotun,102214,NG,NGR001,,,,
Kazeem Bariray store,SECONDARY,,,EMANL,Sales Person,9118047311,+234,,6.5482457,3.2685786,First Ab,Egbe Road,Lagos State,Ikotun,102214,NG,NGR001,,,,
Chuks,SECONDARY,,,EMANL,Chuks,8109128825,+234,,6.548632,3.2690536,8 Japan line,Egbe Road,Lagos State,Ikotun,102214,NG,NGR001,,,,
Madam obiy store,SECONDARY,,,EMANL,Madam obiy,8036312451,+234,,6.5487135,3.2690413,First Abuja line,Egbe Road,Lagos State,Ikotun,102214,NG,NGR001,,,,
Rachael,SECONDARY,,,EMANL,Rechael,9162308387,+234,,6.4547139,3.3518551,13 Boundary Market,Boundary Market,Lagos State,Ajeromi/Ifelodun,101212,NG,NGR001,,,,
Temitope store,SECONDARY,,,EMANL,Temitope,9123018743,+234,,6.5487484,3.2690339,NewAbuja,Idimu-Ikotun Road,Lagos State,Ikotun,102214,NG,NGR001,,,,
Mr Eloho store,SECONDARY,,,EMANL,Eloho,8148441780,+234,,6.548631,3.2690575,Japan line Ikotun market,Egbe Road,Lagos State,Ikotun,102214,NG,NGR001,,,,
Ugo Store,SECONDARY,,,EMANL,Ugo,8037218942,+234,,6.4548648,3.3513288,C-l-16,Malu Road,Lagos State,Alaiyabiagba,101212,NG,NGR001,,,,
Mummy Aminat store,SECONDARY,,,EMANL,Zainab,9037473168,+234,,6.4482108,3.3519586,Dkk34,Marine Road,Lagos State,Apapa,101212,NG,NGR001,,,,
Nadinath,SECONDARY,,,EMANL,Nadinath,9056048848,+234,,6.548632,3.2690536,9 Japan line,Egbe Road,Lagos State,Ikotun,102214,NG,NGR001,,,,
Iya Samson,SECONDARY,,,EMANL,Iya Samson,7015664198,+234,,6.4546685,3.3519393,Shop B94,Boundary Market,Lagos State,Alaiyabiagba,101212,NG,NGR001,,,,
Oyibo Store,SECONDARY,,,EMANL,Okoiyawo,8037957958,+234,,6.4550698,3.3519916,Beside fidelityBank,Malu Road,Lagos State,Alaiyabiagba,101212,NG,NGR001,,,,
Caroline store,SECONDARY,,,EMANL,Caroline,8034548342,+234,,6.5486439,3.2690238,"Ikotun - Ejigbo Road, Alimosho, Lagos State, 100263, Nigeria",Egbe Road,Lagos State,Ikotun,102214,NG,NGR001,,,,
Blessedoge,SECONDARY,,,EMANL,Oge,8167993017,+234,,6.5479168,3.2679499,First abuja,Egbe Road,Lagos State,Ikotun,102214,NG,NGR001,,,,
Iya monsura store,SECONDARY,,,EMANL,Iya monsura,8029454582,+234,,6.4548648,3.3513288,C-l-18,Malu Road,Lagos State,Alaiyabiagba,101212,NG,NGR001,,,,
Azizat store,SECONDARY,,,EMANL,Azizat,9034508285,+234,,6.454411607471568,3.352888116947552,Bst 5 boundary,Boundary Market,Lagos State,Alaiyabiagba,101212,NG,NGR001,,,,
Mummy Rodiat stores,SECONDARY,,,EMANL,Shukurat,7038711196,+234,,6.454927285801961,3.3523116033574123,B Lu 43,Malu Road,Lagos State,Alaiyabiagba,101212,NG,NGR001,,,,
GiftteeA2z store,SECONDARY,,,EMANL,GiftA2Z,8108122343,+234,,6.5489077,3.2692074,First Abuja Line ikotun market,Idimu-Ikotun Road,Lagos State,Ikotun,102214,NG,NGR001,,,,
Iya fayida store,SECONDARY,,,EMANL,Marrian,7013596700,+234,,6.4534551,3.352428,D65 Bandry,Boundary Market,Lagos State,Ajeromi/Ifelodun,101212,NG,NGR001,,,,
Lily Mavis store,SECONDARY,,,EMANL,Lily,7017042408,+234,,6.548643,3.2690599,Japan line Mushin,Egbe Road,Lagos State,Ikotun,102214,NG,NGR001,,,,
Iya Bukki Store,SECONDARY,,,EMANL,Iya Bukki,8038469795,+234,,6.454515,3.3519483,K R 13 Boundary Market,Boundary Market,Lagos State,Alaiyabiagba,101212,NG,NGR001,,,,
IyaJames,SECONDARY,,,EMANL,Morufat,8088410768,+234,,6.4533263,3.3524792,Dkk30,Boundary Market,Lagos State,Ajeromi/Ifelodun,101212,NG,NGR001,,,,
Elena store,SECONDARY,,,EMANL,Elena,8033534764,+234,,6.5486683,3.2690979,A 12 Japan line,Egbe Road,Lagos State,Ikotun,102214,NG,NGR001,,,,
Iya musurath,SECONDARY,,,EMANL,Nike,8166390057,+234,,6.4537385,3.352225,D064 Bandry,Boundary Market,Lagos State,Alaiyabiagba,101212,NG,NGR001,,,,
Mama Baraka,SECONDARY,,,EMANL,Barakat,7063809284,+234,,6.454999950992126,3.3526761850267897,BLU 42,Malu Road,Lagos State,Alaiyabiagba,101212,NG,NGR001,,,,
Adeola store,SECONDARY,,,EMANL,Adeola,8165302471,+234,,6.4538632,3.3519586,Shop B92,Boundary Market,Lagos State,Ajeromi/Ifelodun,101212,NG,NGR001,,,,
Christ in me store,SECONDARY,,,EMANL,Christ in me,9065058414,+234,,6.5489084,3.2688574,Ikotun market,Idimu-Ikotun Road,Lagos State,Ikotun,102214,NG,NGR001,,,,
Iya Ayo Store,SECONDARY,,,EMANL,Iya ayo,8138942621,+234,,6.4542019,3.3510139,C-L-82,Boundary Market,Lagos State,Ajeromi/Ifelodun,101212,NG,NGR001,,,,
Iya Zanob,SECONDARY,,,EMANL,Nofisat,8169346406,+234,,6.4515398,3.3513288,BST 8 Boundary Market,,Lagos State,Alaiyabiagba,101212,NG,NGR001,,,,
Grace of God store,SECONDARY,,,EMANL,Evelyn,8025173260,+234,,6.4535827,3.3523988,Dkk26,Boundary Market,Lagos State,Ajeromi/Ifelodun,101212,NG,NGR001,,,,
Monishola stores,SECONDARY,,,EMANL,Zainab,7039702771,+234,,6.4551549,3.3528727,BST 8 Fidelity Bank line,Malu Road,Lagos State,Alaiyabiagba,101212,NG,NGR001,,,,
Iya jama store,SECONDARY,,,EMANL,Iya jama,8064883287,+234,,6.4548648,3.3513288,D-LU-95,Malu Road,Lagos State,Alaiyabiagba,101212,NG,NGR001,,,,
Blessing store,SECONDARY,,,EMANL,Blessing,7075655413,+234,,6.5482396,3.2695218,First Abuja line,Egbe Road,Lagos State,Ikotun,102214,NG,NGR001,,,,
Mummy chioma,SECONDARY,,,EMANL,Mummy chioma,7032295233,+234,,6.5485391,3.2689868,Rm 28,Egbe Road,Lagos State,Ikotun,102214,NG,NGR001,,,,
Hope Store,SECONDARY,,,EMANL,Chinyere,8133940815,+234,,6.455187,3.3529033,B89 Fidelity Bank line,Malu Road,Lagos State,Alaiyabiagba,101212,NG,NGR001,,,,
Bisbon Ola Ventures,SECONDARY,,,EMANL,Bisbon,8156125282,+234,,6.54863,3.2690631,Japan line shop 815 ikotun market,Egbe Road,Lagos State,Ikotun,102214,NG,NGR001,,,,
Nazita Ventures,SECONDARY,,,EMANL,Nazita,7064534715,+234,,6.4548648,3.3513288,D-LU-106,Malu Road,Lagos State,Alaiyabiagba,101212,NG,NGR001,,,,
Ngozistore,SECONDARY,,,EMANL,Ngozi,8037157312,+234,,6.5486459,3.2690134,B18JapanlineIkotun,Egbe Road,Lagos State,Ikotun,102214,NG,NGR001,,,,
Goldenchild,SECONDARY,,,EMANL,Goldenchild,7015731004,+234,,6.5487124,3.2691441,Idumota line,Egbe Road,Lagos State,Ikotun,102214,NG,NGR001,,,,
Mummy Chikamso,SECONDARY,,,EMANL,Mummy Chikamso,8035372158,+234,,6.46957,3.3499383,B A 1 Provision line,Market,Lagos State,Apapa,101212,NG,NGR001,,,,
Glory store,SECONDARY,,,EMANL,Glory,9049872437,+234,,6.548642,3.2690244,Japan line,Egbe Road,Lagos State,Ikotun,102214,NG,NGR001,,,,
Golden store,SECONDARY,,,EMANL,Golden,7047498555,+234,,6.5487127,3.269145,Idumota line,Egbe Road,Lagos State,Ikotun,102214,NG,NGR001,,,,
Itam opeke store,SECONDARY,,,EMANL,Itam opeke,8066107817,+234,,6.4548648,3.3513288,D-LU- 97,Malu Road,Lagos State,Alaiyabiagba,101212,NG,NGR001,,,,
Mummy Somto,SECONDARY,,,EMANL,Mummy Somto,9034040799,+234,,6.5487123,3.2691386,Idumota Line Ikotun market,Egbe Road,Lagos State,Ikotun,102214,NG,NGR001,,,,
Iya mubara store,SECONDARY,,,EMANL,Iya mubarak,8138927788,+234,,6.4538891,3.3522692,D-LU-92,Boundary Market,Lagos State,Alaiyabiagba,101212,NG,NGR001,,,,
Iyabeji store,SECONDARY,,,EMANL,Ramota,9037340011,+234,,6.4538632,3.3519586,Dkk58A,Boundary Market,Lagos State,Ajeromi/Ifelodun,101212,NG,NGR001,,,,
Grace Store,SECONDARY,,,EMANL,Grace,7032680466,+234,,6.4538881,3.3522631,D-LU-109,Boundary Market,Lagos State,Ajeromi/Ifelodun,101212,NG,NGR001,,,,
Iya Zainab store,SECONDARY,,,EMANL,Ola,8081980087,+234,,6.4535307,3.3519586,Dkk99,Boundary Market,Lagos State,Alaiyabiagba,101212,NG,NGR001,,,,
Mum dubem,SECONDARY,,,EMANL,Mum dubem,8036694771,+234,,6.548665,3.2690968,Idumota line,Egbe Road,Lagos State,Ikotun,102214,NG,NGR001,,,,
Chayoma Store,SECONDARY,,,EMANL,Chayoma,9123577602,+234,,6.4548648,3.3513288,D-LU-93A,Malu Road,Lagos State,Alaiyabiagba,101212,NG,NGR001,,,,
Tripleolas,SECONDARY,,,EMANL,Ola,8029203894,+234,,6.5479127,3.2685786,Idumota line,Egbe Road,Lagos State,Ikotun,102214,NG,NGR001,,,,
Iyabeji store,SECONDARY,,,EMANL,Zenab,7026769012,+234,,6.4528719,3.3510139,E0lfD 3,Boundary Market,Lagos State,Alaiyabiagba,101212,NG,NGR001,,,,
Iya segun store,SECONDARY,,,EMANL,Iya segun,8135225063,+234,,6.5486295,3.2690581,Idumota line,Egbe Road,Lagos State,Ikotun,102214,NG,NGR001,,,,
Alhaja OlaOliwa,SECONDARY,,,EMANL,Alhaja,8140394160,+234,,6.4544038,3.3516804,OlaOluwa Store Boundary,Boundary Market,Lagos State,Ajeromi/Ifelodun,101212,NG,NGR001,,,,
Uju Enterprise,SECONDARY,,,EMANL,Ujunwa,7036886010,+234,,6.4548504,3.3535331,Shop BO73 Fidelity Bank line,Malu Road,Lagos State,Alaiyabiagba,101212,NG,NGR001,,,,
Grocery Delight Store,SECONDARY,,,EMANL,Grocery delight,7034582435,+234,,6.5475756,3.2692074,Idumota line ikotun market,,Lagos State,Ikotun,102214,NG,NGR001,,,,
Abike essential,SECONDARY,,,EMANL,Abike essential,9122000717,+234,,6.4548648,3.3513288,D-LU-89 boundary market,Malu Road,Lagos State,Alaiyabiagba,101212,NG,NGR001,,,,
Malukah ventures,SECONDARY,,,EMANL,Emmanuel,7063493148,+234,,6.4538879,3.3522662,D114 Bandry,Boundary Market,Lagos State,Ajeromi/Ifelodun,101212,NG,NGR001,,,,
Lolo stores,SECONDARY,,,EMANL,Lolo,8035493104,+234,,6.5484004,3.2691199,Idumota line,Egbe Road,Lagos State,Ikotun,102214,NG,NGR001,,,,
Lucky stores,SECONDARY,,,EMANL,Lucky,8053269345,+234,,6.5483743,3.2691018,Idumota line,Egbe Road,Lagos State,Ikotun,102214,NG,NGR001,,,,
Joy ventures,SECONDARY,,,EMANL,Joy,9057104637,+234,,6.5486384,3.2690573,Japan line,Egbe Road,Lagos State,Ikotun,102214,NG,NGR001,,,,
Daniel fam Enterprises,SECONDARY,,,EMANL,Iya kao,8077902303,+234,,6.4542143,3.3525105,Dkk23,Boundary Market,Lagos State,Ajeromi/Ifelodun,101212,NG,NGR001,,,,
Mama obina store,SECONDARY,,,EMANL,Mama obina,8023075493,+234,,6.5483718,3.2690987,Idumota line,Egbe Road,Lagos State,Ikotun,102214,NG,NGR001,,,,
Mama Prince,SECONDARY,,,EMANL,Mummy Prince,8144660179,+234,,6.454425,3.3520367,E8 Boundary mrt,Boundary Market,Lagos State,Ajeromi/Ifelodun,101212,NG,NGR001,,,,
Iya Baraka,SECONDARY,,,EMANL,Bakara,8022287903,+234,,6.4542815,3.3519765,DLu 10 Bandry,Boundary Market,Lagos State,Ajeromi/Ifelodun,101212,NG,NGR001,,,,
Ashabi store,SECONDARY,,,EMANL,Ashabi,7016214901,+234,,6.4540639,3.3520015,D8 Bandry,Boundary Market,Lagos State,Alaiyabiagba,101212,NG,NGR001,,,,
LadyB store,SECONDARY,,,EMANL,Lady B,8056667597,+234,,6.5483627,3.2690887,Idumota line,Egbe Road,Lagos State,Ikotun,102214,NG,NGR001,,,,
Faith store,SECONDARY,,,EMANL,Faith,9063189413,+234,,6.548635,3.2690615,Japan line,Egbe Road,Lagos State,Ikotun,102214,NG,NGR001,,,,
Ahu Taiye store,SECONDARY,,,EMANL,Taiye,8067338962,+234,,6.454432,3.3523754,Power line Bandry,Boundary Market,Lagos State,Ajeromi/Ifelodun,101212,NG,NGR001,,,,
Bonlius store,SECONDARY,,,EMANL,Bonlius,8060905525,+234,,6.5482457,3.2685786,Idumota line ikotun market,Egbe Road,Lagos State,Ikotun,102214,NG,NGR001,,,,
Mama Gee Store,SECONDARY,,,EMANL,Mama Gee,8063777697,+234,,6.5475756,3.2692074,Idumota line ikotun market,,Lagos State,Ikotun,102214,NG,NGR001,,,,
Miracle Store,SECONDARY,,,EMANL,Miracle,8135148663,+234,,6.5483849,3.2691453,Idumota line ikotun market,Egbe Road,Lagos State,Ikotun,102214,NG,NGR001,,,,
Iya Kafaya,SECONDARY,,,EMANL,Iya Kafaya,9075071196,+234,,6.453978,3.3520676,CKK1 Boundary Market,Boundary Market,Lagos State,Ajeromi/Ifelodun,101212,NG,NGR001,,,,
Nnenna nwogu store,SECONDARY,,,EMANL,Nnenna nwogu,8138018765,+234,,6.5472263,3.2717225,Idumota lines,Egbe Road,Lagos State,Ikotun,102214,NG,NGR001,,,,
Mama Chika,SECONDARY,,,EMANL,Mama Chika,8132599250,+234,,6.4539097,3.3519773,C36,Boundary Market,Lagos State,Ajeromi/Ifelodun,101212,NG,NGR001,,,,
Able store,SECONDARY,,,EMANL,Able,8135863765,+234,,6.5486443,3.2690267,Japan line,Egbe Road,Lagos State,Ikotun,102214,NG,NGR001,,,,
Mama Ruth,SECONDARY,,,EMANL,Mama Ruth,7036242453,+234,,6.4539984,3.3519197,C 37 inside market,Boundary Market,Lagos State,Ajeromi/Ifelodun,101212,NG,NGR001,,,,
Iya Egba stores,SECONDARY,,,EMANL,Bilikis,7084760198,+234,,6.4548504,3.3535331,Shop B88 Fidelity Bank line,Malu Road,Lagos State,Alaiyabiagba,101212,NG,NGR001,,,,
Oya Rafa store,SECONDARY,,,EMANL,Oasmos,8062351010,+234,,6.454041283349243,3.3538092319279325,B Lu 57,Boundary Market,Lagos State,Ajeromi/Ifelodun,101212,NG,NGR001,,,,
Iya Barakat store,SECONDARY,,,EMANL,Iya,8056087809,+234,,6.453013808546448,3.351450941712275,B LU 55,Boundary Market,Lagos State,Ajeromi/Ifelodun,101212,NG,NGR001,,,,
Mama Ruth,SECONDARY,,,EMANL,Mama Ruth,8066163531,+234,,6.4539632,3.3519457,CL 35 inside market,Boundary Market,Lagos State,Ajeromi/Ifelodun,101212,NG,NGR001,,,,
Grace Store,SECONDARY,,,EMANL,Grace,8187614422,+234,,6.455187,3.3529033,B076 Fidelity Bank line,Malu Road,Lagos State,Alaiyabiagba,101212,NG,NGR001,,,,
Mama Ngozi,SECONDARY,,,EMANL,Mama Ngozi,8034025023,+234,,6.4540628,3.3518657,CL 40,Boundary Market,Lagos State,Ajeromi/Ifelodun,101212,NG,NGR001,,,,
Mummy Gabriel store,SECONDARY,,,EMANL,Gabriel,8168828729,+234,,6.454043722292755,3.353235422561952,B lu 38 boundary,Boundary Market,Lagos State,Alaiyabiagba,101212,NG,NGR001,,,,
Emy Joy stores,SECONDARY,,,EMANL,Emeka,8038203640,+234,,6.454659002091211,3.3523389335537437,B Lu 40,Boundary Market,Lagos State,Ajeromi/Ifelodun,101212,NG,NGR001,,,,
Alaja iya kokoro,SECONDARY,,,EMANL,Iya kokoro,8080821991,+234,,6.4548648,3.3513288,D-LU-35,Malu Road,Lagos State,Alaiyabiagba,101212,NG,NGR001,,,,
Iya Bombay,SECONDARY,,,EMANL,Iya Bonbay,8033532125,+234,,6.454392,3.3520249,BL 120,Boundary Market,Lagos State,Ajeromi/Ifelodun,101212,NG,NGR001,,,,
Trade Right,SECONDARY,,,EMANL,Ogechi,8056063950,+234,,6.4538529,3.3535331,BO77,Boundary Market,Lagos State,Ajeromi/Ifelodun,101212,NG,NGR001,,,,
Mummy Edna store,SECONDARY,,,EMANL,Mummy Edna,8020800812,+234,,6.4543367,3.352115,BL 117,Boundary Market,Lagos State,Ajeromi/Ifelodun,101212,NG,NGR001,,,,
Babatunde stores,SECONDARY,,,EMANL,Esther,8021440764,+234,,6.455187,3.3529033,B-LU-114,Malu Road,Lagos State,Alaiyabiagba,101212,NG,NGR001,,,,
Funmi store,SECONDARY,,,EMANL,Funmi,8115772166,+234,,6.4541082,3.3532928,B-LU-112,Boundary Market,Lagos State,Alaiyabiagba,101212,NG,NGR001,,,,
Iya usman store,SECONDARY,,,EMANL,Usman,8035236367,+234,,6.453770429431742,3.3533796922724552,B Lu 78,Boundary Market,Lagos State,Ajeromi/Ifelodun,101212,NG,NGR001,,,,
Hello Bi store,SECONDARY,,,EMANL,Godspower,9159830912,+234,,6.453658419352501,3.3530236417124035,BLU 99,Boundary Market,Lagos State,Alaiyabiagba,101212,NG,NGR001,,,,
Matthew store,SECONDARY,,,EMANL,Matthew,7035409403,+234,,6.4541777,3.3520088,B-LU-4,Boundary Market,Lagos State,Ajeromi/Ifelodun,101212,NG,NGR001,,,,
Sunny Store,SECONDARY,,,EMANL,Sunday,8028393236,+234,,6.5479127,3.2685786,"No 14, Japan line Ikotun",Egbe Road,Lagos State,Ikotun,102214,NG,NGR001,,,,
Ayodmide store,SECONDARY,,,EMANL,Ayomide,8062091388,+234,,6.5485435,3.2690211,"No 11, Japan Line Ikotun",Egbe Road,Lagos State,Ikotun,102214,NG,NGR001,,,,
Iya Bankole,SECONDARY,,,EMANL,Iya Bankole,7036159766,+234,,6.455187,3.3529033,B-LU-105,Malu Road,Lagos State,Alaiyabiagba,101212,NG,NGR001,,,,
Iya Quadri,SECONDARY,,,EMANL,Iya Quadri,8107784359,+234,,6.4547493,3.35311,D-KK-56,Boundary Market,Lagos State,Ajeromi/Ifelodun,101212,NG,NGR001,,,,
Iya Remi Store,SECONDARY,,,EMANL,Remi,8023413066,+234,,6.454916862750443,3.351939108422782,B LU 102,Malu Road,Lagos State,Alaiyabiagba,101212,NG,NGR001,,,,
Adetorioluwa store,SECONDARY,,,EMANL,Ade,8024083489,+234,,6.454880111401784,3.351461506647712,B Lu 74,Malu Road,Lagos State,Alaiyabiagba,101212,NG,NGR001,,,,
Twins Stores,SECONDARY,,,EMANL,Shamsudeen,8082349449,+234,,6.454916862750443,3.351939108422782,B Lu 100,Malu Road,Lagos State,Alaiyabiagba,101212,NG,NGR001,,,,
Ruta store,SECONDARY,,,EMANL,Ruta,8163554660,+234,,6.4524663,3.3525368,Dkk78,Marine Road,Lagos State,Apapa,101212,NG,NGR001,,,,
Goshens delight enterprise,SECONDARY,,,EMANL,Goshens delight,8028606951,+234,,6.4548648,3.3513288,D-LU-60,Malu Road,Lagos State,Alaiyabiagba,101212,NG,NGR001,,,,
Iya Adam store,SECONDARY,,,EMANL,Lolade,8081453132,+234,,6.4544385,3.3522273,Dkk90 Bandry market,Boundary Market,Lagos State,Ajeromi/Ifelodun,101212,NG,NGR001,,,,
Mojoyinolaoluwa gold enterprise,SECONDARY,,,EMANL,Mojoyinolaoluwa,8143464336,+234,,6.4548648,3.3513288,D-LU-56,Malu Road,Lagos State,Alaiyabiagba,101212,NG,NGR001,,,,
Mama George,SECONDARY,,,EMANL,Mama George,8166205389,+234,,6.455187,3.3529033,B-LU-113,Malu Road,Lagos State,Alaiyabiagba,101212,NG,NGR001,,,,
Iya latifa store,SECONDARY,,,EMANL,Iya latifa,8080194434,+234,,6.4538673,3.3513288,Ckk 90,Boundary Market,Lagos State,Alaiyabiagba,101212,NG,NGR001,,,,
Iya dami store,SECONDARY,,,EMANL,Iya dami,9063754784,+234,,6.4548607,3.3519586,D-LU-55 boundary market,Malu Road,Lagos State,Alaiyabiagba,101212,NG,NGR001,,,,
Iya lsila store,SECONDARY,,,EMANL,Adeneke Bakara,8133350908,+234,,6.4532064,3.350699,Dlu 153 Bandry,Boundary Market,Lagos State,Alaiyabiagba,101212,NG,NGR001,,,,
Iya Opeyemi,SECONDARY,,,EMANL,Iya Opeyemi,8085426421,+234,,6.454495,3.3525,B024,Boundary Market,Lagos State,Ajeromi/Ifelodun,101212,NG,NGR001,,,,
Iya Khalid,SECONDARY,,,EMANL,Biodun,9088221342,+234,,6.4538632,3.3519586,Power line,Boundary Market,Lagos State,Ajeromi/Ifelodun,101212,NG,NGR001,,,,
Ibrahim store,SECONDARY,,,EMANL,Ibrahim,9074365697,+234,,6.4548607,3.3519586,D-LU-44,Malu Road,Lagos State,Alaiyabiagba,101212,NG,NGR001,,,,
Iya Timothy store,SECONDARY,,,EMANL,Adeyaui,8145408120,+234,,6.4545241,3.3525884,DLu 69 Bandry,Boundary Market,Lagos State,Ajeromi/Ifelodun,101212,NG,NGR001,,,,
Omolola store,SECONDARY,,,EMANL,Omolola,8137174905,+234,,6.4538673,3.3513288,C96 boundary Market,Boundary Market,Lagos State,Alaiyabiagba,101212,NG,NGR001,,,,
Big Ibrahim store,SECONDARY,,,EMANL,Big Ibrahim store,9079695830,+234,,6.4548566,3.3525884,D-LU-53,Boundary Market,Lagos State,Ajeromi/Ifelodun,101212,NG,NGR001,,,,
Iya Faridat,SECONDARY,,,EMANL,Nofisat,8088722817,+234,,6.455187,3.3529033,Power line,Malu Road,Lagos State,Alaiyabiagba,101212,NG,NGR001,,,,
Unique store,SECONDARY,,,EMANL,Deborah,7038526618,+234,,6.4538529,3.3535331,DLu 80 Bandry market,Boundary Market,Lagos State,Ajeromi/Ifelodun,101212,NG,NGR001,,,,
Bose,SECONDARY,,,EMANL,Bose,7015684749,+234,,6.4548545,3.3529033,C6036 boundary Market,Boundary Market,Lagos State,Ajeromi/Ifelodun,101212,NG,NGR001,,,,
Iyabeke,SECONDARY,,,EMANL,Adijah,8030953372,+234,,6.4544039,3.3523955,Inside market powerline,Boundary Market,Lagos State,Ajeromi/Ifelodun,101212,NG,NGR001,,,,
Ij store,SECONDARY,,,EMANL,Ij,7033894039,+234,,6.4543507,3.3524036,D-LU-27,Boundary Market,Lagos State,Alaiyabiagba,101212,NG,NGR001,,,,
Ifeoluwa store,SECONDARY,,,EMANL,Oluwa,8052311825,+234,,6.453939,3.3532493,Dlu 81 Bandry store,Boundary Market,Lagos State,Ajeromi/Ifelodun,101212,NG,NGR001,,,,
Iye hamida store,SECONDARY,,,EMANL,Iya hamida,8161846244,+234,,6.4535307,3.3519586,C-l 100 boundary Market,Boundary Market,Lagos State,Alaiyabiagba,101212,NG,NGR001,,,,
Alaja,SECONDARY,,,EMANL,Alaja,8036234444,+234,,6.4544591,3.35268,Dlu 69 Bandry market,Boundary Market,Lagos State,Ajeromi/Ifelodun,101212,NG,NGR001,,,,
Iya Sunday,SECONDARY,,,EMANL,Iya Sunday,9153204564,+234,,6.4562258,3.3466054,BO23 Power line,,Lagos State,Alaiyabiagba,101212,NG,NGR001,,,,
Mama Bukola,SECONDARY,,,EMANL,Bukola,8074787341,+234,,6.4543624,3.3524786,B 50 Powerline,Boundary Market,Lagos State,Ajeromi/Ifelodun,101212,NG,NGR001,,,,
Shonadi store,SECONDARY,,,EMANL,Shonadi,7062786984,+234,,6.4548607,3.3519586,D-LU-16 boundary market,Malu Road,Lagos State,Alaiyabiagba,101212,NG,NGR001,,,,
Evans store,SECONDARY,,,EMANL,Evans,7056658716,+234,,6.454054,3.3515067,C0343 boundary Market,Boundary Market,Lagos State,Alaiyabiagba,101212,NG,NGR001,,,,
Abibe store,SECONDARY,,,EMANL,Abibe,9164643107,+234,,6.4542963,3.3523963,Dlu 66,Boundary Market,Lagos State,Ajeromi/Ifelodun,101212,NG,NGR001,,,,
Queen ajiobla,SECONDARY,,,EMANL,Queen ajiobla,8028257563,+234,,6.4525373,3.3513288,A67 boundary Market,Boundary Market,Lagos State,Alaiyabiagba,101212,NG,NGR001,,,,
Daddy Cool,SECONDARY,,,EMANL,Daddy Cool,8035396868,+234,,6.4543621,3.3524807,B014 inside Market,Boundary Market,Lagos State,Ajeromi/Ifelodun,101212,NG,NGR001,,,,
Amazing Grace Store,SECONDARY,,,EMANL,Amazing Grace,8064634056,+234,,6.4548607,3.3519586,D-LU-14,Malu Road,Lagos State,Alaiyabiagba,101212,NG,NGR001,,,,
Iya baraka Store,SECONDARY,,,EMANL,Iya baraka,7012246655,+234,,6.4538673,3.3513288,C-l/u 113 boundary Market,Boundary Market,Lagos State,Alaiyabiagba,101212,NG,NGR001,,,,
T.A store,SECONDARY,,,EMANL,Fatima,7025678131,+234,,6.453626,3.3519481,Dlu139,Boundary Market,Lagos State,Ajeromi/Ifelodun,101212,NG,NGR001,,,,
Iya saheed store,SECONDARY,,,EMANL,Iya,8131316623,+234,,6.45499961860271,3.3523952173751432,002 2nd gate,Malu Road,Lagos State,Alaiyabiagba,101212,NG,NGR001,,,,
Iya Ayesha store,SECONDARY,,,EMANL,Fati,9015795690,+234,,6.4541203,3.3502247,Dlu 138Bandry market,Nosamu Street,Lagos State,Alaiyabiagba,101212,NG,NGR001,,,,
Iya Aliya,SECONDARY,,,EMANL,Iya Aliya,8163376207,+234,,6.4536382,3.3505834,Shop 22 boundary Market,Orodu Street,Lagos State,Alaiyabiagba,101212,NG,NGR001,,,,
Iya Afeez,SECONDARY,,,EMANL,Barakat,8023687765,+234,,6.45501600219683,3.352419143482926,003 second gate,Malu Road,Lagos State,Alaiyabiagba,101212,NG,NGR001,,,,
Omotosho,SECONDARY,,,EMANL,Omotosho,7081574992,+234,,6.45486,3.3529017,B028 inside market,Boundary Market,Lagos State,Ajeromi/Ifelodun,101212,NG,NGR001,,,,
Kalu store,SECONDARY,,,EMANL,Kalu,9061499409,+234,,6.4538652,3.3516437,Dlu 18,Boundary Market,Lagos State,Ajeromi/Ifelodun,101212,NG,NGR001,,,,
Iya uche,SECONDARY,,,EMANL,Iya uche,8026357484,+234,,6.4538673,3.3513288,Kk14 peri side boundary Market,Boundary Market,Lagos State,Alaiyabiagba,101212,NG,NGR001,,,,
Miracle Store,SECONDARY,,,EMANL,Miracle,7030760212,+234,,6.4548669,3.3510139,E-L-U-51 boundary,Malu Road,Lagos State,Alaiyabiagba,101212,NG,NGR001,,,,
Madam precious store,SECONDARY,,,EMANL,Precious,7061240469,+234,,6.4542019,3.3510139,D-LU-52 boundary market,Boundary Market,Lagos State,Ajeromi/Ifelodun,101212,NG,NGR001,,,,
Alaja store,SECONDARY,,,EMANL,Alaja,7030664376,+234,,6.4528719,3.3510139,D0lFD9,Boundary Market,Lagos State,Alaiyabiagba,101212,NG,NGR001,,,,
Ebuka,SECONDARY,,,EMANL,Ebuka,7036400757,+234,,6.4548566,3.3525884,B11 inside market,Boundary Market,Lagos State,Ajeromi/Ifelodun,101212,NG,NGR001,,,,
Mama ogechi store,SECONDARY,,,EMANL,Mama ogechi,8035523841,+234,,6.4546617,3.3513097,E-L-U-66,Boundary Market,Lagos State,Ajeromi/Ifelodun,101212,NG,NGR001,,,,
Iya Awa shoprite,SECONDARY,,,EMANL,Yetunde,8120726933,+234,,6.4571036,3.3648715,BO29 Council line,Apapa Road,Lagos State,Apapa,101212,NG,NGR001,,,,
Nofizat store,SECONDARY,,,EMANL,Nofizat,7081292286,+234,,6.4538632,3.3519586,DolFD 8 water side,Boundary Market,Lagos State,Ajeromi/Ifelodun,101212,NG,NGR001,,,,
Amachi super store,SECONDARY,,,EMANL,Mrs Amachi,9090724073,+234,,6.4536884,3.3519764,IFD-KK- 2 boundary Market,Boundary Market,Lagos State,Alaiyabiagba,101212,NG,NGR001,,,,
Jokpem multipurpose ventures,SECONDARY,,,EMANL,Jokpem,9035223362,+234,,6.454978217304635,3.3523991924977365,B 06 2nd gate,Malu Road,Lagos State,Alaiyabiagba,101212,NG,NGR001,,,,
Mizz T store,SECONDARY,,,EMANL,Tina,8127660683,+234,,6.4534738,3.3523868,Co lFD 13 Bandry market water side,Boundary Market,Lagos State,Alaiyabiagba,101212,NG,NGR001,,,,
Alhajah iya Asisi,SECONDARY,,,EMANL,Alhajah,8026133235,+234,,6.4522192,3.3491245,B10 inside market,,Lagos State,Alaiyabiagba,101212,NG,NGR001,,,,
Mummy joy store,SECONDARY,,,EMANL,Mummy joy,8034254644,+234,,6.4548669,3.3510139,E-L-U-73 boundary market,Malu Road,Lagos State,Alaiyabiagba,101212,NG,NGR001,,,,
Mummy Essay store,SECONDARY,,,EMANL,Mary,8066641912,+234,,6.4550101783725715,3.3524195398692935,B 009,Malu Road,Lagos State,Alaiyabiagba,101212,NG,NGR001,,,,
Mummy purity,SECONDARY,,,EMANL,Mummy purity,8163864476,+234,,6.4548669,3.3510139,E-L-U-74,Malu Road,Lagos State,Alaiyabiagba,101212,NG,NGR001,,,,
Iya sikiru store,SECONDARY,,,EMANL,Iya sikiru,9023275000,+234,,6.4537052,3.3520673,Shop C3 boundary Market,Boundary Market,Lagos State,Ajeromi/Ifelodun,101212,NG,NGR001,,,,
Mama saidat,SECONDARY,,,EMANL,Saidat,9114614450,+234,,6.45469482015045,3.3524949186884276,Walkway close to 009,Boundary Market,Lagos State,Alaiyabiagba,101212,NG,NGR001,,,,
Ossy Store,SECONDARY,,,EMANL,Ossy,8033783513,+234,,6.4546667,3.3502083,BLU 6,,Lagos State,Alaiyabiagba,101212,NG,NGR001,,,,
Mummy Rokiba store,SECONDARY,,,EMANL,Mummy Rokiba,8060942853,+234,,6.4542019,3.3510139,E-L-U-79,Boundary Market,Lagos State,Ajeromi/Ifelodun,101212,NG,NGR001,,,,
Iya Ayo,SECONDARY,,,EMANL,Adenike,8060134017,+234,,6.4591752,3.3532182,B-LU-7,,Lagos State,Ajeromi/Ifelodun,101212,NG,NGR001,,,,
Iya Quodri,SECONDARY,,,EMANL,Waliyat,8162029608,+234,,6.455187,3.3529033,B65/66 Council line,Malu Road,Lagos State,Alaiyabiagba,101212,NG,NGR001,,,,
Iya Barakat,SECONDARY,,,EMANL,Iya Barakat,9073589211,+234,,6.4575559,3.3466054,B-LU-12 Council line,,Lagos State,Alaiyabiagba,101212,NG,NGR001,,,,
Iya Shadiat,SECONDARY,,,EMANL,Latifat,9027773041,+234,,6.455187,3.3529033,B 15/16,Malu Road,Lagos State,Alaiyabiagba,101212,NG,NGR001,,,,
TOM CARDINAL,SECONDARY,,,EMANL,HENRY,8135837477,+234,,6.454715,3.3522917,B L U 5,Boundary Market,Lagos State,Ajeromi/Ifelodun,101212,NG,NGR001,,,,
Ezekiel store,SECONDARY,,,EMANL,Ezekiel,9167625761,+234,,6.4542019,3.3510139,E-L-U-101,Boundary Market,Lagos State,Ajeromi/Ifelodun,101212,NG,NGR001,,,,
Faith store,SECONDARY,,,EMANL,Faith,8054128967,+234,,6.4547115,3.3521426,Blu15Bandrymarket,Boundary Market,Lagos State,Ajeromi/Ifelodun,101212,NG,NGR001,,,,
Ibukunoluwa store,SECONDARY,,,EMANL,Ibukunoluwa,7036087831,+234,,6.4549915,3.3520335,B-LU-70 boundary Market,Malu Road,Lagos State,Alaiyabiagba,101212,NG,NGR001,,,,
Olorun anu store,SECONDARY,,,EMANL,Olorun anu,8038381837,+234,,6.4546525,3.3512732,E-L- 90,Boundary Market,Lagos State,Ajeromi/Ifelodun,101212,NG,NGR001,,,,
Iya ibeji store,SECONDARY,,,EMANL,Rukayat,8023926347,+234,,6.454791157657055,3.352166838610267,B Lu 31,Boundary Market,Lagos State,Alaiyabiagba,101212,NG,NGR001,,,,
Mum ugo store,SECONDARY,,,EMANL,Ugo,8034134322,+234,,6.4545241,3.3525884,Blu34 Bandry,Boundary Market,Lagos State,Ajeromi/Ifelodun,101212,NG,NGR001,,,,
Iya Ayo inside market,SECONDARY,,,EMANL,Iya Ayo,8079445349,+234,,6.4575317,3.3526133,B0 42,,Lagos State,Ajeromi/Ifelodun,101212,NG,NGR001,,,,
MummyMohamed store,SECONDARY,,,EMANL,Mummy Mohamed,7063369379,+234,,6.4547745,3.3516768,EA-Kk-55 boundary market,Boundary Market,Lagos State,Ajeromi/Ifelodun,101212,NG,NGR001,,,,
Twins Sisters palace GLOBAL limited,SECONDARY,,,EMANL,Twins sisters,8060106277,+234,,6.5489773,3.2684927,"Idimu-Ikotun Road, Idimu, Alimosho, Lagos State, 100263, Nigeria",Idimu-Ikotun Road,Lagos State,Ikotun,102214,NG,NGR001,,,,
Provoice creative merchant,SECONDARY,,,EMANL,Kenneth,8061965834,+234,,6.4538632,3.3519586,B-LU-107/108,Boundary Market,Lagos State,Ajeromi/Ifelodun,101212,NG,NGR001,,,,
Iya Samuel,SECONDARY,,,EMANL,Olabisi,8094989878,+234,,6.454791054454499,3.352166717915263,B Lu 18,Boundary Market,Lagos State,Alaiyabiagba,101212,NG,NGR001,,,,
Mummy pelumi,SECONDARY,,,EMANL,Mummy pelumi,8115686122,+234,,6.4548241,3.3511467,E-Kk-3 boundary market,Malu Road,Lagos State,Alaiyabiagba,101212,NG,NGR001,,,,
Hope store,SECONDARY,,,EMANL,Hope,7066197229,+234,,6.4547086,3.3521493,Blu 27,Boundary Market,Lagos State,Ajeromi/Ifelodun,101212,NG,NGR001,,,,
Mummy Vera,SECONDARY,,,EMANL,Mummy Vera,9074991211,+234,,6.454695,3.3529597,88LG inside market,Boundary Market,Lagos State,Alaiyabiagba,101212,NG,NGR001,,,,
Iya basirat store,SECONDARY,,,EMANL,Iya basirat,8039243984,+234,,6.4546241,3.3512468,E-L-91 boundary,Boundary Market,Lagos State,Ajeromi/Ifelodun,101212,NG,NGR001,,,,
Dara twins store,SECONDARY,,,EMANL,Dara,7014310046,+234,,6.454689,3.3529542,86 rainbow plaza boundary Market,Boundary Market,Lagos State,Ajeromi/Ifelodun,101212,NG,NGR001,,,,
Mrs adejumobi store,SECONDARY,,,EMANL,Adejumobi,8155310301,+234,,6.4546543,3.3513987,E-L-67 boundary,Boundary Market,Lagos State,Ajeromi/Ifelodun,101212,NG,NGR001,,,,
Eze store,SECONDARY,,,EMANL,Eze,9116013810,+234,,6.4547084,3.3521474,Dlu26 Bandry market,Boundary Market,Lagos State,Ajeromi/Ifelodun,101212,NG,NGR001,,,,
Favour store,SECONDARY,,,EMANL,Favour,8034153119,+234,,6.4551058,3.3528259,B-LU-106,Malu Road,Lagos State,Alaiyabiagba,101212,NG,NGR001,,,,
Stephen Shop,SECONDARY,,,EMANL,Stephen,8030410221,+234,,6.4550747,3.3530367,69 G inside market,Malu Road,Lagos State,Alaiyabiagba,101212,NG,NGR001,,,,
Chima Store,SECONDARY,,,EMANL,Chima,8138496767,+234,,6.5482457,3.2685786,Niger line mushin market,Egbe Road,Lagos State,Ikotun,102214,NG,NGR001,,,,
Lasis Child Babies,SECONDARY,,,EMANL,Beatrice,8103048104,+234,,6.4551107,3.3531063,81 Rainbow plaza,Malu Road,Lagos State,Alaiyabiagba,101212,NG,NGR001,,,,
Ahajia Aduke,SECONDARY,,,EMANL,Aduke,9075200698,+234,,6.4548153,3.3535458,37 rainbow plaza boundary Market,Malu Road,Lagos State,Alaiyabiagba,101212,NG,NGR001,,,,
De truthful Global venture,SECONDARY,,,EMANL,Truthful,8067813505,+234,,6.454791108390548,3.352166778555138,B Lu 28,Boundary Market,Lagos State,Alaiyabiagba,101212,NG,NGR001,,,,
Tina store,SECONDARY,,,EMANL,Tina,7065877130,+234,,6.4545333,3.3521441,D 3 Bandry store,Boundary Market,Lagos State,Alaiyabiagba,101212,NG,NGR001,,,,
Zion kids,SECONDARY,,,EMANL,Zion kids,8132423555,+234,,6.4550858,3.3533103,46 rainbow plaza boundary Market,Malu Road,Lagos State,Alaiyabiagba,101212,NG,NGR001,,,,
Iya Zainab,SECONDARY,,,EMANL,Mrs Ibrahim,8026788621,+234,,6.4545854,3.3534871,Shop A 01,Boundary Market,Lagos State,Ajeromi/Ifelodun,101212,NG,NGR001,,,,
Bendo Enterprise,SECONDARY,,,EMANL,Benedict,7084706246,+234,,6.4544043,3.3523208,B-LU-104,Boundary Market,Lagos State,Alaiyabiagba,101212,NG,NGR001,,,,
Mama Oyinbo,SECONDARY,,,EMANL,Roseline Chika,7036537927,+234,,6.4549103050555665,3.3515222640675293,B Lu  20,Malu Road,Lagos State,Alaiyabiagba,101212,NG,NGR001,,,,
Mama sadiya,SECONDARY,,,EMANL,Iya sadiya,8063500926,+234,,6.4545282,3.3519586,F-0-19 boundary Market,Boundary Market,Lagos State,Alaiyabiagba,101212,NG,NGR001,,,,
Iya Suliya,SECONDARY,,,EMANL,Iya Suliya,8105273605,+234,,6.45449,3.3536533,A093 inside market,Boundary Market,Lagos State,Ajeromi/Ifelodun,101212,NG,NGR001,,,,
Benmark Store,SECONDARY,,,EMANL,Benmark,7033385759,+234,,6.5482842,3.2686022,Dublin,Egbe Road,Lagos State,Ikotun,102214,NG,NGR001,,,,
Ayinke ade,SECONDARY,,,EMANL,Ayinke ade stores,8060608283,+234,,6.5482807,3.2685996,Naija line,Egbe Road,Lagos State,Ikotun,102214,NG,NGR001,,,,
Bidemi super mart,SECONDARY,,,EMANL,Bidemi,9060951528,+234,,6.4543377,3.3479542,Shop D01/D02 boundary Market,,Lagos State,Alaiyabiagba,101212,NG,NGR001,,,,
Mama Wisdom,SECONDARY,,,EMANL,Akpan,8030714636,+234,,6.455187,3.3529033,Shop DKK 63 mrkt office line,Malu Road,Lagos State,Alaiyabiagba,101212,NG,NGR001,,,,
Balo Shakenat,SECONDARY,,,EMANL,Balo,7046523115,+234,,6.4552667,3.3532567,Pipline,Malu Road,Lagos State,Alaiyabiagba,101212,NG,NGR001,,,,
Rose Store,SECONDARY,,,EMANL,Rose,8162220498,+234,,6.5482437,3.268893,"Tn64, Promise line, Ikotun  market",Egbe Road,Lagos State,Ikotun,102214,NG,NGR001,,,,
Iya Beji,SECONDARY,,,EMANL,Aishat,8122014729,+234,,6.455187,3.3529033,Shop BKK 15 mrkt office line,Malu Road,Lagos State,Alaiyabiagba,101212,NG,NGR001,,,,
Iya Abib,SECONDARY,,,EMANL,Iya Abib,9127243523,+234,,6.45427,3.3527667,Alajaja market,Boundary Market,Lagos State,Alaiyabiagba,101212,NG,NGR001,,,,
Mama Rakiat,SECONDARY,,,EMANL,Mama Rakiat,7061000171,+234,,6.455187,3.3529033,Shop 8 mrkt office line,Malu Road,Lagos State,Alaiyabiagba,101212,NG,NGR001,,,,
Mummy Nifemi,SECONDARY,,,EMANL,Mummy Nifemi,7012345567,+234,,6.455187,3.3529033,FO 70 mrkt office line,Malu Road,Lagos State,Alaiyabiagba,101212,NG,NGR001,,,,
Ajoke store,SECONDARY,,,EMANL,Ajoke,7086354908,+234,,6.4538583,3.3522799,D114 boundary Market,Boundary Market,Lagos State,Ajeromi/Ifelodun,101212,NG,NGR001,,,,
Mama Store,SECONDARY,,,EMANL,Mama,9039370186,+234,,6.4548566,3.3525884,A 2 92,Boundary Market,Lagos State,Ajeromi/Ifelodun,101212,NG,NGR001,,,,
Alhaja Toju Store,SECONDARY,,,EMANL,Alhajah,9094616696,+234,,6.45457,3.3524317,A 288 inside market,Boundary Market,Lagos State,Ajeromi/Ifelodun,101212,NG,NGR001,,,,
Omo Jesu Store,SECONDARY,,,EMANL,Omo Jesu,9035298516,+234,,6.45578,3.35169,Opposite Fuel Station,,Lagos State,Alaiyabiagba,101212,NG,NGR001,,,,
Amask power,SECONDARY,,,EMANL,Amaka,8105046114,+234,,6.454791069525474,3.3521666579988056,B Lu 29,Boundary Market,Lagos State,Alaiyabiagba,101212,NG,NGR001,,,,
Mama viju,SECONDARY,,,EMANL,Viju,9115767537,+234,,6.45479089676162,3.3521746982257175,B Lu 36,Boundary Market,Lagos State,Ajeromi/Ifelodun,101212,NG,NGR001,,,,
Zainab,SECONDARY,,,EMANL,Zainab,7071842303,+234,,6.4525435,3.3503841,Shop 99 mrkt office line,Amore Street,Lagos State,Alaiyabiagba,101212,NG,NGR001,,,,
Iya Mariam,SECONDARY,,,EMANL,Fadekemi,8133646622,+234,,6.4538529,3.3535331,Shop 3 mrkt office line,Boundary Market,Lagos State,Ajeromi/Ifelodun,101212,NG,NGR001,,,,
Aunty Nurse,SECONDARY,,,EMANL,Patricia,8035684224,+234,,6.4549955715412635,3.352684425037694,A 274,Malu Road,Lagos State,Alaiyabiagba,101212,NG,NGR001,,,,
Mama Eleja,SECONDARY,,,EMANL,Mama Eleja,8117476072,+234,,6.4539097,3.3519769,D-LU-66 boundary Market,Boundary Market,Lagos State,Ajeromi/Ifelodun,101212,NG,NGR001,,,,
Mama Ejima shop,SECONDARY,,,EMANL,Oby,8035617994,+234,,6.4549955715412635,3.352684425037694,A 255,Malu Road,Lagos State,Alaiyabiagba,101212,NG,NGR001,,,,
Mama ifeanyi,SECONDARY,,,EMANL,Ify,8037221125,+234,,6.4549955715412635,3.352684425037694,A 275,Malu Road,Lagos State,Alaiyabiagba,101212,NG,NGR001,,,,
Iya Baba Enterprise,SECONDARY,,,EMANL,Iya Baba,8035066563,+234,,6.4536708,3.3522903,DO-IFD-17 waterside line,Boundary Market,Lagos State,Ajeromi/Ifelodun,101212,NG,NGR001,,,,
Mama chiemerie store,SECONDARY,,,EMANL,Mum chiemerie,8068594785,+234,,6.453788,3.3522499,D062 boundary Market,Boundary Market,Lagos State,Ajeromi/Ifelodun,101212,NG,NGR001,,,,
Potential Systor,SECONDARY,,,EMANL,Potential Systor CEO,7063268724,+234,,6.5485981,3.2690856,Japan line ikotun market,Egbe Road,Lagos State,Ikotun,102214,NG,NGR001,,,,
Chuck's ventures,SECONDARY,,,EMANL,Chuck's venture,8032294052,+234,,6.5483879,3.2691488,Jesus line,Egbe Road,Lagos State,Ikotun,102214,NG,NGR001,,,,
Iya Amoke,SECONDARY,,,EMANL,Iya Amoke,7086970465,+234,,6.4535266,3.3525884,Shop FO 147 office mrkt line,Boundary Market,Lagos State,Alaiyabiagba,101212,NG,NGR001,,,,
Ay Stores,SECONDARY,,,EMANL,Ayomide,7012548201,+234,,6.5482437,3.268893,"No, 3 Jesus line",Egbe Road,Lagos State,Ikotun,102214,NG,NGR001,,,,
Juni stores,SECONDARY,,,EMANL,Juni stores,8023057968,+234,,6.5483888,3.2691534,Jesus line,Egbe Road,Lagos State,Ikotun,102214,NG,NGR001,,,,
Mum prosper,SECONDARY,,,EMANL,Mum prospet,9067714552,+234,,6.5483853,3.2691435,E9Jesusline,Egbe Road,Lagos State,Ikotun,102214,NG,NGR001,,,,
Anamo venture,SECONDARY,,,EMANL,Victoria,8109073228,+234,,6.5482437,3.268893,"Jesus lin,Ikotun market",Egbe Road,Lagos State,Ikotun,102214,NG,NGR001,,,,
Abisco store,SECONDARY,,,EMANL,Abisola,8069325785,+234,,6.548398,3.2691543,Jesus line,Egbe Road,Lagos State,Ikotun,102214,NG,NGR001,,,,
Cwall store,SECONDARY,,,EMANL,Obinna,8068474635,+234,,6.454693329751654,3.352933691721148,88 LG,Boundary Market,Lagos State,Ajeromi/Ifelodun,101212,NG,NGR001,,,,
Mama awal store,SECONDARY,,,EMANL,Kafayat,7013194672,+234,,6.454807004254373,3.352376436852917,A 031,Boundary Market,Lagos State,Ajeromi/Ifelodun,101212,NG,NGR001,,,,
Debby world,SECONDARY,,,EMANL,Deborah,8036925845,+234,,6.5482437,3.268893,Jesus line,Egbe Road,Lagos State,Ikotun,102214,NG,NGR001,,,,
Mummy Emmanuel,SECONDARY,,,EMANL,Emmanuel,7032075213,+234,,6.5482437,3.268893,Jesus line,Egbe Road,Lagos State,Ikotun,102214,NG,NGR001,,,,
God's light,SECONDARY,,,EMANL,God's light,8028114526,+234,,6.5490679,3.2692342,Jesusline,Idimu-Ikotun Road,Lagos State,Ikotun,102214,NG,NGR001,,,,
Blossom sore,SECONDARY,,,EMANL,Blossom store,8032523579,+234,,6.5490834,3.2692924,Jesus line,Idimu-Ikotun Road,Lagos State,Ikotun,102214,NG,NGR001,,,,
Kuddy babies store,SECONDARY,,,EMANL,Kuddy,8066419898,+234,,6.5481545,3.2690404,Idumota line ikotun market,Egbe Road,Lagos State,Ikotun,102214,NG,NGR001,,,,
Blessed leo,SECONDARY,,,EMANL,Blessed,8101314839,+234,,6.5490551,3.2693066,7 Jesusline,Idimu-Ikotun Road,Lagos State,Ikotun,102214,NG,NGR001,,,,
Iya Abeeb stores,SECONDARY,,,EMANL,Ali,9015916149,+234,,6.454482006330144,3.3520737098001407,0 275,Boundary Market,Lagos State,Ajeromi/Ifelodun,101212,NG,NGR001,,,,
Endurance Store,SECONDARY,,,EMANL,Endurance,8027115441,+234,,6.5481494,3.2690338,Idumota line ikotun market,Egbe Road,Lagos State,Ikotun,102214,NG,NGR001,,,,
Dozie store,SECONDARY,,,EMANL,Dozie,8154209971,+234,,6.5479127,3.2685786,Jesus line Ikotun,Egbe Road,Lagos State,Ikotun,102214,NG,NGR001,,,,
Leo world,SECONDARY,,,EMANL,Leo,9033932891,+234,,6.5490726,3.2692595,Jesusline,Idimu-Ikotun Road,Lagos State,Ikotun,102214,NG,NGR001,,,,
Favour store,SECONDARY,,,EMANL,Favour,7069602247,+234,,6.5481537,3.2690379,Idumota line,Egbe Road,Lagos State,Ikotun,102214,NG,NGR001,,,,
Agbor store,SECONDARY,,,EMANL,Agbor,8035153578,+234,,6.5483717,3.268495,"Jesus line,Ikotun - Ejigbo Road, Alimosho, Lagos State, 100263, Nigeria",Egbe Road,Lagos State,Ikotun,102214,NG,NGR001,,,,
Dexym Store,SECONDARY,,,EMANL,Dexym,9070090614,+234,,6.5481534,3.2690358,Idumota line ikotun market,Egbe Road,Lagos State,Ikotun,102214,NG,NGR001,,,,
Juliet kiddie's,SECONDARY,,,EMANL,Juliet,8067393509,+234,,6.548325,3.2691852,"8, Jesus line Ikotun market",Egbe Road,Lagos State,Ikotun,102214,NG,NGR001,,,,
Queen Hajib Store,SECONDARY,,,EMANL,Queen Hajib,8053561474,+234,,6.5475756,3.2692074,Idumota line ikotun market,,Lagos State,Ikotun,102214,NG,NGR001,,,,
Mayan stores,SECONDARY,,,EMANL,Mayan,8157495683,+234,,6.5483776,3.2691429,Jesusline,Egbe Road,Lagos State,Ikotun,102214,NG,NGR001,,,,
Mary Mary store,SECONDARY,,,EMANL,Mary,8175247265,+234,,6.5479127,3.2685786,No 5 Jesus line Ikotun,Egbe Road,Lagos State,Ikotun,102214,NG,NGR001,,,,
Fa-markh commercials,SECONDARY,,,EMANL,Fa-markh,8028441249,+234,,6.5472487,3.2682643,Idumota line,,Lagos State,Ikotun,102214,NG,NGR001,,,,
God's favorite store,SECONDARY,,,EMANL,Madam God's favorite,8135856849,+234,,6.5472406,3.2695218,Idumota line ikotun market,Egbe Road,Lagos State,Ikotun,102214,NG,NGR001,,,,
Mummy Francis store,SECONDARY,,,EMANL,Francis,7025906055,+234,,6.5482437,3.268893,"14, Jesus line Ikotun",Egbe Road,Lagos State,Ikotun,102214,NG,NGR001,,,,
Andlord stores,SECONDARY,,,EMANL,Andlord stores,7034438097,+234,,6.5481018,3.2692534,Jesus line,Egbe Road,Lagos State,Ikotun,102214,NG,NGR001,,,,
Omolara store,SECONDARY,,,EMANL,Omolara,8060060539,+234,,6.5465806,3.2685786,Idumota line,,Lagos State,Ikotun,102214,NG,NGR001,,,,
Angys world,SECONDARY,,,EMANL,Angel,8025463285,+234,,6.5468974,3.2710937,Jesusline,Egbe Road,Lagos State,Ikotun,102214,NG,NGR001,,,,
Divine MercyStore,SECONDARY,,,EMANL,Divine Mercy,8142457005,+234,,6.5472446,3.268893,Zb 92 idumota ikotun market,,Lagos State,Ikotun,102214,NG,NGR001,,,,
Mummy Angel,SECONDARY,,,EMANL,David,9112974643,+234,,6.5479127,3.2685786,13 AZJesus line,Egbe Road,Lagos State,Ikotun,102214,NG,NGR001,,,,
God's favour,SECONDARY,,,EMANL,God's favour,8133082105,+234,,6.5479066,3.2695218,Jesusline,Egbe Road,Lagos State,Ikotun,102214,NG,NGR001,,,,
Chizzy enterprise,SECONDARY,,,EMANL,Chizoba,8063613050,+234,,6.5468974,3.2710937,No 10 ZA Jesus line Ikotun I,Egbe Road,Lagos State,Ikotun,102214,NG,NGR001,,,,
Mummy t,SECONDARY,,,EMANL,Mummy t,8166747345,+234,,6.548081,3.2688322,Saviour line,Egbe Road,Lagos State,Ikotun,102214,NG,NGR001,,,,
Mama Gee Store,SECONDARY,,,EMANL,Mama Gee,8139094947,+234,,6.5472426,3.2692074,ZB 6Savior line ikotun market,,Lagos State,Ikotun,102214,NG,NGR001,,,,
Mama Ikenna,SECONDARY,,,EMANL,Mama ikenna,8106465422,+234,,6.5482457,3.2685786,Savior line ikotun market,Egbe Road,Lagos State,Ikotun,102214,NG,NGR001,,,,
Erioluwa Store,SECONDARY,,,EMANL,Erioluwa,8066767815,+234,,6.5481563,3.2690405,Savior line ikotun market,Egbe Road,Lagos State,Ikotun,102214,NG,NGR001,,,,
Omo store,SECONDARY,,,EMANL,Omo,8136858076,+234,,6.5482396,3.2695218,Saviour line,Egbe Road,Lagos State,Ikotun,102214,NG,NGR001,,,,
Anuoluwa Store,SECONDARY,,,EMANL,Anuoluwa,8115939047,+234,,6.5481537,3.2690337,Zb68 savior line ikotun market,Egbe Road,Lagos State,Ikotun,102214,NG,NGR001,,,,
Bola store,SECONDARY,,,EMANL,Bola,8075247265,+234,,6.5483435,3.2690871,JesusLine,Egbe Road,Lagos State,Ikotun,102214,NG,NGR001,,,,
Mum ayo store,SECONDARY,,,EMANL,Mum ayo,8038560777,+234,,6.5481222,3.2692534,Lagos line,Egbe Road,Lagos State,Ikotun,102214,NG,NGR001,,,,
Ibukunoluwa store,SECONDARY,,,EMANL,Lekan,9051198363,+234,,6.4535369,3.3510139,26k Bandry market,Boundary Market,Lagos State,Alaiyabiagba,101212,NG,NGR001,,,,
Iya Adam,SECONDARY,,,EMANL,Ayomide,9025332437,+234,,6.4537367,3.3515212,C- L-93 waterside line,Boundary Market,Lagos State,Ajeromi/Ifelodun,101212,NG,NGR001,,,,
Mama Amarachi,SECONDARY,,,EMANL,Amarachi,8033477446,+234,,6.454766655040271,3.3513731956728345,E LU 46,Malu Road,Lagos State,Alaiyabiagba,101212,NG,NGR001,,,,
Mariam store,SECONDARY,,,EMANL,Mariam,8186149938,+234,,6.4545779,3.3511242,E-LU-115,Boundary Market,Lagos State,Ajeromi/Ifelodun,101212,NG,NGR001,,,,
Iya rashidi store,SECONDARY,,,EMANL,Iya rashidi,9076772167,+234,,6.4545499,3.351086,E-LU-119 inside market,Boundary Market,Lagos State,Ajeromi/Ifelodun,101212,NG,NGR001,,,,
Excellent Action store,SECONDARY,,,EMANL,Balikis,8129701186,+234,,6.4539677,3.3508751,1 Nasamu Street,A1-1,Lagos State,Alaiyabiagba,101212,NG,NGR001,,,,
Brilliant kiddies enterprise,SECONDARY,,,EMANL,Brilliant kiddies enterprise,8120062777,+234,,6.4544901,3.3511539,E-LU-112,Boundary Market,Lagos State,Ajeromi/Ifelodun,101212,NG,NGR001,,,,
Mama David,SECONDARY,,,EMANL,Joy,8168764376,+234,,6.454803914741777,3.3513686723381824,B Lu 47,Malu Road,Lagos State,Alaiyabiagba,101212,NG,NGR001,,,,
Iya Amidat store,SECONDARY,,,EMANL,Iya Amidat,9166834023,+234,,6.453739,3.3517091,Shop C 100 waterside line,Boundary Market,Lagos State,Ajeromi/Ifelodun,101212,NG,NGR001,,,,
Alaja iya afeez store,SECONDARY,,,EMANL,Iya afeez,8062154827,+234,,6.4547954,3.3516511,E-KK-13,Malu Road,Lagos State,Alaiyabiagba,101212,NG,NGR001,,,,
Miracles Store,SECONDARY,,,EMANL,Miracle,8063756795,+234,,6.454826051183258,3.351357262952577,E LU 51,Malu Road,Lagos State,Alaiyabiagba,101212,NG,NGR001,,,,
Mummy Kizito,SECONDARY,,,EMANL,Kizito mama,9057540424,+234,,6.454826051183258,3.351357262952577,E LU 51,Malu Road,Lagos State,Alaiyabiagba,101212,NG,NGR001,,,,
David store,SECONDARY,,,EMANL,David,7087931911,+234,,6.4536627,3.3514229,C O 343 waterside line,Boundary Market,Lagos State,Alaiyabiagba,101212,NG,NGR001,,,,
Titilayo store,SECONDARY,,,EMANL,Titilayo,8152709539,+234,,6.4532064,3.350699,Fskk31,Boundary Market,Lagos State,Alaiyabiagba,101212,NG,NGR001,,,,
Iya Basit,SECONDARY,,,EMANL,Adunni,9138422924,+234,,6.4535386,3.3515713,Shop 25 waterside line,Boundary Market,Lagos State,Ajeromi/Ifelodun,101212,NG,NGR001,,,,
Mummy destiny store,SECONDARY,,,EMANL,Mummy destiny,8127379246,+234,,6.4544945,3.3511589,EA-OS-68,Boundary Market,Lagos State,Ajeromi/Ifelodun,101212,NG,NGR001,,,,
Mummy aliya store,SECONDARY,,,EMANL,Mummy aliya,7080632363,+234,,6.4544934,3.3511537,Inside market,Boundary Market,Lagos State,Alaiyabiagba,101212,NG,NGR001,,,,
Aunty precious,SECONDARY,,,EMANL,Amobi,9038266384,+234,,6.454826051183258,3.351357262952577,B LU 52,Malu Road,Lagos State,Alaiyabiagba,101212,NG,NGR001,,,,
Iya funmi store,SECONDARY,,,EMANL,Iya funmi,8085884370,+234,,6.4544933,3.3511558,FA-OS-50,Boundary Market,Lagos State,Alaiyabiagba,101212,NG,NGR001,,,,
Iya ope store,SECONDARY,,,EMANL,Taiwo,8062312886,+234,,6.4538652,3.3516437,Wsm.Blu 1 Bandry market,Boundary Market,Lagos State,Ajeromi/Ifelodun,101212,NG,NGR001,,,,
Iya basit store,SECONDARY,,,EMANL,Iya basit,7037924188,+234,,6.4542019,3.3510139,Opp cow meat,Boundary Market,Lagos State,Ajeromi/Ifelodun,101212,NG,NGR001,,,,
Iya seki,SECONDARY,,,EMANL,Siki,8056251482,+234,,6.4538217,3.3518017,Shop c 240 Bandry market,Boundary Market,Lagos State,Ajeromi/Ifelodun,101212,NG,NGR001,,,,
Mama Khalid,SECONDARY,,,EMANL,Kemi Musa,7045277850,+234,,6.454869028082871,3.3512138850067354,28 walkway,Malu Road,Lagos State,Alaiyabiagba,101212,NG,NGR001,,,,
Mama Tope,SECONDARY,,,EMANL,Mama,9075923840,+234,,6.454856701525165,3.351513861489255,E kk 59,Malu Road,Lagos State,Alaiyabiagba,101212,NG,NGR001,,,,
Modinot Aremu Store,SECONDARY,,,EMANL,Modinot Aremu,7045283769,+234,,6.4538694,3.3510139,IFD-KK-7 boundary market,Boundary Market,Lagos State,Ajeromi/Ifelodun,101212,NG,NGR001,,,,
Ekene stores,SECONDARY,,,EMANL,Ekene,8104554593,+234,,6.454891303379756,3.3520815287223704,74 opp B Lu 2,Malu Road,Lagos State,Alaiyabiagba,101212,NG,NGR001,,,,
Iya KG Store,SECONDARY,,,EMANL,Iya KG,7065784118,+234,,6.4548648,3.3513288,IFD-KK-14 boundary market,Malu Road,Lagos State,Alaiyabiagba,101212,NG,NGR001,,,,
Iya baraka store,SECONDARY,,,EMANL,Iya baraka,7052546958,+234,,6.4548648,3.3513288,Water side line,Malu Road,Lagos State,Alaiyabiagba,101212,NG,NGR001,,,,
Praise the lord store,SECONDARY,,,EMANL,Praise,7034091433,+234,,6.454968647802024,3.352414720272216,A 284,Malu Road,Lagos State,Alaiyabiagba,101212,NG,NGR001,,,,
Dare Twins Enterprise,SECONDARY,,,EMANL,Adenike,8064790476,+234,,6.4547027,3.3529613,Shop 86 New plaza,Boundary Market,Lagos State,Alaiyabiagba,101212,NG,NGR001,,,,
Abiola store,SECONDARY,,,EMANL,Abiola,9137364520,+234,,6.4548648,3.3513288,Water side line,Malu Road,Lagos State,Alaiyabiagba,101212,NG,NGR001,,,,
Ifeoluwa Store,SECONDARY,,,EMANL,Ifeoluwa,8085174310,+234,,6.547895,3.2689783,Jesus line ikotun market,Egbe Road,Lagos State,Ikotun,102214,NG,NGR001,,,,
Alhaji Jima store,SECONDARY,,,EMANL,Alhaji Jima,8089115507,+234,,6.454968647802024,3.352414720272216,A 291,Malu Road,Lagos State,Alaiyabiagba,101212,NG,NGR001,,,,
Esuman store,SECONDARY,,,EMANL,Esuman,8118037756,+234,,6.4538632,3.3519586,Ifdkk16,Boundary Market,Lagos State,Ajeromi/Ifelodun,101212,NG,NGR001,,,,
Sekinat Store,SECONDARY,,,EMANL,Sekinat,8028174633,+234,,6.455187,3.3529033,B O 5 Fidelity Bank line,Malu Road,Lagos State,Alaiyabiagba,101212,NG,NGR001,,,,
Ngozi store,SECONDARY,,,EMANL,Ngozi,8022865101,+234,,6.4538652,3.3516437,Dkk57,Boundary Market,Lagos State,Ajeromi/Ifelodun,101212,NG,NGR001,,,,
Mama ayinde store,SECONDARY,,,EMANL,Mama ayinde,8085344530,+234,,6.4548607,3.3519586,Water side line,Malu Road,Lagos State,Alaiyabiagba,101212,NG,NGR001,,,,
Iya Rodiat,SECONDARY,,,EMANL,Rodiat,8105470193,+234,,6.455013891319367,3.352413819163261,A 268,Malu Road,Lagos State,Alaiyabiagba,101212,NG,NGR001,,,,
Mum chiboy stores,SECONDARY,,,EMANL,Mum chiboy,8169730252,+234,,6.5468994,3.2707793,Lagos line,Egbe Road,Lagos State,Ikotun,102214,NG,NGR001,,,,
Tobi store,SECONDARY,,,EMANL,Tobi,8061711531,+234,,6.5465806,3.2685786,Lagos line,,Lagos State,Ikotun,102214,NG,NGR001,,,,
Adonai Store,SECONDARY,,,EMANL,Adonai,8063239148,+234,,6.5472406,3.2695218,Lagos line ikotun market,Egbe Road,Lagos State,Ikotun,102214,NG,NGR001,,,,
Buhari store,SECONDARY,,,EMANL,Buhari,8162212396,+234,,6.4547673,3.3535897,N0 3 Rambo plaza,Boundary Market,Lagos State,Ajeromi/Ifelodun,101212,NG,NGR001,,,,
Okiki Enterprise,SECONDARY,,,EMANL,Christian,8152458068,+234,,6.455013891319367,3.352413819163261,88 LG,Malu Road,Lagos State,Alaiyabiagba,101212,NG,NGR001,,,,
Iya Aisha store,SECONDARY,,,EMANL,Iyabo,8032222492,+234,,6.4550352,3.3507467,Alu 11 store Bandry,,Lagos State,Alaiyabiagba,101212,NG,NGR001,,,,
Beuje store,SECONDARY,,,EMANL,Beuje,8137170049,+234,,6.5472263,3.2717225,Lagos line,Egbe Road,Lagos State,Ikotun,102214,NG,NGR001,,,,
Rabony Ventures,SECONDARY,,,EMANL,Doris,8038259791,+234,,6.5483233,3.2692346,Lagos line ikotun market,Egbe Road,Lagos State,Ikotun,102214,NG,NGR001,,,,
M.D store,SECONDARY,,,EMANL,Chele,8032870867,+234,,6.4538673,3.3513288,Wsm Blu 2 Bandry,Boundary Market,Lagos State,Alaiyabiagba,101212,NG,NGR001,,,,
Bilyaminu store,SECONDARY,,,EMANL,Bilyaminu store,8020780181,+234,,6.4542878,3.3537758,Alagbo line boundary,Boundary Market,Lagos State,Alaiyabiagba,101212,NG,NGR001,,,,
Mama Chioma,SECONDARY,,,EMANL,Mama Chioma,7063051663,+234,,6.4515192,3.3544779,CKK4/5,Yola Close,Lagos State,Apapa,101212,NG,NGR001,,,,
Ik Shop,SECONDARY,,,EMANL,Ik,7064715801,+234,,6.4515192,3.3544779,8 Nasamu,Yola Close,Lagos State,Apapa,101212,NG,NGR001,,,,
Alice store,SECONDARY,,,EMANL,Alice,8071805206,+234,,6.4552035,3.3503841,2 Nasamu Street,,Lagos State,Alaiyabiagba,101212,NG,NGR001,,,,
Mama Ejima,SECONDARY,,,EMANL,Mama Ejima,7044614182,+234,,6.446251,3.3466054,C159 inside market,Tolu Road,Lagos State,Alaiyabiagba,101212,NG,NGR001,,,,
Ifeoma store,SECONDARY,,,EMANL,Ifeoma,8068333565,+234,,6.4545282,3.3519586,E-0-85 boundary Market,Boundary Market,Lagos State,Alaiyabiagba,101212,NG,NGR001,,,,
Mike store,SECONDARY,,,EMANL,Mike,8100100399,+234,,6.5472263,3.2717225,Lagos line,Egbe Road,Lagos State,Ikotun,102214,NG,NGR001,,,,
Mummy Miracle,SECONDARY,,,EMANL,Stella,8060274314,+234,,6.4543746,3.3510276,887/87 Chicken line,Boundary Market,Lagos State,Ajeromi/Ifelodun,101212,NG,NGR001,,,,
Iya Gudluk store,SECONDARY,,,EMANL,Ufuoma,8080501720,+234,,6.4535369,3.3510139,ATT Bandry,Boundary Market,Lagos State,Alaiyabiagba,101212,NG,NGR001,,,,
Mummy Abeeb store,SECONDARY,,,EMANL,Yetunde Alabi,9130969156,+234,,6.455087514065086,3.35333342721225,Malu Road  34,Malu Road,Lagos State,Alaiyabiagba,101212,NG,NGR001,,,,
Iya faruk,SECONDARY,,,EMANL,Iya faruk,8076820481,+234,,6.4548607,3.3519586,Alagbo line Boundary,Malu Road,Lagos State,Alaiyabiagba,101212,NG,NGR001,,,,
Afolayo store,SECONDARY,,,EMANL,Afolayo,7057759832,+234,,6.4545282,3.3519586,E 67 boundary Market,Boundary Market,Lagos State,Alaiyabiagba,101212,NG,NGR001,,,,
Always supplier Enterprises,SECONDARY,,,EMANL,Always supplier,8101028645,+234,,6.5515781,3.2682643,Lagos line ikotun market,,Lagos State,Ikotun,102214,NG,NGR001,,,,
Tokwe store,SECONDARY,,,EMANL,Tokwe store,8129589095,+234,,6.4536676,3.3512323,E028,Boundary Market,Lagos State,Ajeromi/Ifelodun,101212,NG,NGR001,,,,
Iyanda store,SECONDARY,,,EMANL,Iyanda,7039261126,+234,,6.4545399,3.3511966,E117 boundary Market,Boundary Market,Lagos State,Alaiyabiagba,101212,NG,NGR001,,,,
Mrs Bello,SECONDARY,,,EMANL,Bello,9012263864,+234,,6.4548607,3.3519586,Tomato line boundary market,Malu Road,Lagos State,Alaiyabiagba,101212,NG,NGR001,,,,
Alpha,SECONDARY,,,EMANL,Alpha,8055360201,+234,,6.4541974,3.3502313,8 Nasamu,Nosamu Street,Lagos State,Alaiyabiagba,101212,NG,NGR001,,,,
Basirat store,SECONDARY,,,EMANL,Basirat,8105388583,+234,,6.4548607,3.3519586,Onions line boundary,Malu Road,Lagos State,Alaiyabiagba,101212,NG,NGR001,,,,
Mum promise,SECONDARY,,,EMANL,Mum promise,8034205126,+234,,6.4546582,3.3511064,EA-(0S)-29 boundary Market,Boundary Market,Lagos State,Ajeromi/Ifelodun,101212,NG,NGR001,,,,
Mummy Obiora,SECONDARY,,,EMANL,Mummy Obiora,8035091294,+234,,6.5483333,3.26899,Lagos line ikotun market,Egbe Road,Lagos State,Ikotun,102214,NG,NGR001,,,,
Mama Mourin,SECONDARY,,,EMANL,Mama Mourin,8035742408,+234,,6.4541987,3.3502247,No 7 Nasamu,Nosamu Street,Lagos State,Alaiyabiagba,101212,NG,NGR001,,,,
Mama dada,SECONDARY,,,EMANL,Mum dada,8033544933,+234,,6.4544902,3.3510153,EA-KK 23/24,Boundary Market,Lagos State,Alaiyabiagba,101212,NG,NGR001,,,,
Mummy Favour,SECONDARY,,,EMANL,Mummy Favour,7039825608,+234,,6.4535249,3.3512872,C KK 27/28,Boundary Market,Lagos State,Alaiyabiagba,101212,NG,NGR001,,,,
Chi chi of Africa store,SECONDARY,,,EMANL,Chi chi,7084716945,+234,,6.4545282,3.3519586,EA-KK(OS)-03 boundary Market,Boundary Market,Lagos State,Alaiyabiagba,101212,NG,NGR001,,,,
SM foods,SECONDARY,,,EMANL,SM foods,8056308648,+234,,6.5482437,3.268893,Lagos line,Egbe Road,Lagos State,Ikotun,102214,NG,NGR001,,,,
Fareedah stores,SECONDARY,,,EMANL,Fareedah,8052369841,+234,,6.5483287,3.2692256,Lagos line,Egbe Road,Lagos State,Ikotun,102214,NG,NGR001,,,,
Ollyviwy Tradings,SECONDARY,,,EMANL,Ollyviwy Tradings,7036845559,+234,,6.5502419,3.268893,Lagos line ikotun market,Idimu-Ikotun Road,Lagos State,Ikotun,102214,NG,NGR001,,,,
Iya Ambi,SECONDARY,,,EMANL,Toyin,8034627261,+234,,6.4542746,3.3519585,ATT cL1,Boundary Market,Lagos State,Alaiyabiagba,101212,NG,NGR001,,,,
Precious baby shop,SECONDARY,,,EMANL,Precious,8030574771,+234,,6.5481047,3.2692565,Za 22 Lagos line,Egbe Road,Lagos State,Ikotun,102214,NG,NGR001,,,,
Lolo baby shop,SECONDARY,,,EMANL,Precious,7066300237,+234,,6.5482437,3.268893,Lagos lone,Egbe Road,Lagos State,Ikotun,102214,NG,NGR001,,,,
Chibuike stores,SECONDARY,,,EMANL,Chibuike,9120972326,+234,,6.5479127,3.2685786,Lagos line,Egbe Road,Lagos State,Ikotun,102214,NG,NGR001,,,,
Kolade store,SECONDARY,,,EMANL,Kolade,9034611511,+234,,6.5485684,3.2693757,Lagos line,Egbe Road,Lagos State,Ikotun,102214,NG,NGR001,,,,
Mummy nechie,SECONDARY,,,EMANL,Mum nechie,7016658492,+234,,6.5481048,3.2692627,Lagos line,Egbe Road,Lagos State,Ikotun,102214,NG,NGR001,,,,
Aunty ijoma store,SECONDARY,,,EMANL,Ijoma,8034167367,+234,,6.4543355,3.3509419,Eo 117A boundary Market,Boundary Market,Lagos State,Alaiyabiagba,101212,NG,NGR001,,,,
Mummy Buhari,SECONDARY,,,EMANL,Mummy Buhari,8058324334,+234,,6.4541546,3.3499664,20 Nasamu,Nosamu Street,Lagos State,Alaiyabiagba,101212,NG,NGR001,,,,
Mama Ayomide,SECONDARY,,,EMANL,Mama Ayomide,9035263181,+234,,6.4533886,3.350771,WSM- CLU-1 waterside line,Boundary Market,Lagos State,Ajeromi/Ifelodun,101212,NG,NGR001,,,,
Alhaja,SECONDARY,,,EMANL,Alhaja,9065449890,+234,,6.4548607,3.3519586,Near tomomato line,Malu Road,Lagos State,Alaiyabiagba,101212,NG,NGR001,,,,
Shinning star store,SECONDARY,,,EMANL,Udoka,7066115121,+234,,6.5482457,3.2685786,Lagos,Egbe Road,Lagos State,Ikotun,102214,NG,NGR001,,,,
Victoria store,SECONDARY,,,EMANL,Victoria,8033331927,+234,,6.4545282,3.3519586,EO 178 boundary Market,Boundary Market,Lagos State,Alaiyabiagba,101212,NG,NGR001,,,,
Chidima store,SECONDARY,,,EMANL,Chidima,7039014749,+234,,6.4542893,3.350889,E-0-177 boundary Market,A1-1,Lagos State,Alaiyabiagba,101212,NG,NGR001,,,,
Mummy Bola,SECONDARY,,,EMANL,Mummy Bola,8149585537,+234,,6.4541715,3.3498706,24 NasamuStreet,Nosamu Street,Lagos State,Alaiyabiagba,101212,NG,NGR001,,,,
Ebun Store,SECONDARY,,,EMANL,Ebun,8025187599,+234,,6.4545725,3.3524585,BO-50 boundary,Boundary Market,Lagos State,Alaiyabiagba,101212,NG,NGR001,,,,
Stella stores,SECONDARY,,,EMANL,Stella,8130994118,+234,,6.5479127,3.2685786,Lagos line,Egbe Road,Lagos State,Ikotun,102214,NG,NGR001,,,,
Mummy  Ugo,SECONDARY,,,EMANL,Mummy Ugo,7068590806,+234,,6.4538447,3.3513169,C KK  18 Waterside line,Boundary Market,Lagos State,Ajeromi/Ifelodun,101212,NG,NGR001,,,,
Iya apeep,SECONDARY,,,EMANL,Iya apeep,9060094142,+234,,6.4545282,3.3519586,EA 9/10 boundary Market,Boundary Market,Lagos State,Alaiyabiagba,101212,NG,NGR001,,,,
AJoke Store,SECONDARY,,,EMANL,Ajoke,9069715094,+234,,6.5482457,3.2685786,Lagos line ikotun market,Egbe Road,Lagos State,Ikotun,102214,NG,NGR001,,,,
Blessings stores,SECONDARY,,,EMANL,Blessing,8063258497,+234,,6.5482498,3.2679499,Lagos stores,Idimu-Ikotun Road,Lagos State,Ikotun,102214,NG,NGR001,,,,
Obianujo store,SECONDARY,,,EMANL,Obianujo,8165262531,+234,,6.4538673,3.3513288,EO 52 boundary Market,Boundary Market,Lagos State,Alaiyabiagba,101212,NG,NGR001,,,,
Mama Emma,SECONDARY,,,EMANL,Mummy Emma,8091562061,+234,,6.4542706,3.3495812,21 Nasamu,Nosamu Street,Lagos State,Alaiyabiagba,101212,NG,NGR001,,,,
Madam 40-40,SECONDARY,,,EMANL,Madam 40-40,9169751735,+234,,6.4531582,3.3506431,WSM-BLU-11,Boundary Market,Lagos State,Alaiyabiagba,101212,NG,NGR001,,,,
Alubarika Olorunjedalo Store,SECONDARY,,,EMANL,Alubarika,7030102882,+234,,6.5489783,3.2694033,Lagos line ikotun market,Idimu-Ikotun Road,Lagos State,Ikotun,102214,NG,NGR001,,,,
Good luck store,SECONDARY,,,EMANL,Good luck,9033757948,+234,,6.5475899,3.2670068,Lagos line,,Lagos State,Ikotun,102214,NG,NGR001,,,,
Dad Esther store,SECONDARY,,,EMANL,Dad Esther,9153286792,+234,,6.5482396,3.2695218,Lagos line,Egbe Road,Lagos State,Ikotun,102214,NG,NGR001,,,,
Mama Joy,SECONDARY,,,EMANL,Mama Joy,8066220129,+234,,6.4540504,3.3511668,C-O-415 waterside line,Boundary Market,Lagos State,Alaiyabiagba,101212,NG,NGR001,,,,
Iya Jami store,SECONDARY,,,EMANL,Labisi,9122342483,+234,,6.4544071,3.3523933,Dkk89,Boundary Market,Lagos State,Ajeromi/Ifelodun,101212,NG,NGR001,,,,
Mama Dominion,SECONDARY,,,EMANL,Mama Dominion,8144559264,+234,,6.4547499,3.3484374,32 Nasamu,,Lagos State,Alaiyabiagba,101212,NG,NGR001,,,,
Mama Oke,SECONDARY,,,EMANL,Victoria,7066117093,+234,,6.4528739,3.350699,C-O-451,Boundary Market,Lagos State,Ajeromi/Ifelodun,101212,NG,NGR001,,,,
Stefanie store,SECONDARY,,,EMANL,Stefanie,9031618400,+234,,6.5482396,3.2695218,Lagos,Egbe Road,Lagos State,Ikotun,102214,NG,NGR001,,,,
MumEmma,SECONDARY,,,EMANL,Mum Emma,8037555930,+234,,6.5482478,3.2682643,Lagos line,Egbe Road,Lagos State,Ikotun,102214,NG,NGR001,,,,
Ebony store,SECONDARY,,,EMANL,Ebony,8037364583,+234,,6.5482396,3.2695218,Lagos line,Egbe Road,Lagos State,Ikotun,102214,NG,NGR001,,,,
Chioma Store,SECONDARY,,,EMANL,Chioma,8065513777,+234,,6.5482457,3.2685786,Lagos line ikotun market,Egbe Road,Lagos State,Ikotun,102214,NG,NGR001,,,,
Onu store,SECONDARY,,,EMANL,Onu,9116026502,+234,,6.454702,3.3529651,Shop 82 rainbow plaza,Boundary Market,Lagos State,Ajeromi/Ifelodun,101212,NG,NGR001,,,,
Sorusam store,SECONDARY,,,EMANL,Sorusam,7035374551,+234,,6.4547307,3.3529656,Shop 12g rainbow plaza,Boundary Market,Lagos State,Alaiyabiagba,101212,NG,NGR001,,,,
Iya ruka,SECONDARY,,,EMANL,Iya ruka,8086154827,+234,,6.4547027,3.3529723,13/12 boundary Market,Boundary Market,Lagos State,Alaiyabiagba,101212,NG,NGR001,,,,
Obinna store,SECONDARY,,,EMANL,Obinna,8130349065,+234,,6.5490769,3.2694269,Abuja Line ikotun market,Idimu-Ikotun Road,Lagos State,Ikotun,102214,NG,NGR001,,,,
M & Gis Store,SECONDARY,,,EMANL,Glory,7065058392,+234,,6.4543499,3.3489889,36 Nasamu Street,Nosamu Street,Lagos State,Alaiyabiagba,101212,NG,NGR001,,,,
Mama joy store,SECONDARY,,,EMANL,Joy,8032444149,+234,,6.4546616,3.3514306,ELu 70,Boundary Market,Lagos State,Alaiyabiagba,101212,NG,NGR001,,,,
Ago store,SECONDARY,,,EMANL,Ayomide,8085999417,+234,,6.4548370093901175,3.3513521273556868,Bp/LO/A29,Malu Road,Lagos State,Alaiyabiagba,101212,NG,NGR001,,,,
Mum Victor store,SECONDARY,,,EMANL,Jojina,7064451778,+234,,6.4546614,3.3513528,Elu63,Boundary Market,Lagos State,Alaiyabiagba,101212,NG,NGR001,,,,
Mama Amanda store,SECONDARY,,,EMANL,Blessing,8030547588,+234,,6.4546524,3.3513923,Elu64,Boundary Market,Lagos State,Alaiyabiagba,101212,NG,NGR001,,,,
Mama Chi Boy Enterprises,SECONDARY,,,EMANL,Mama Chi Boy,9039406306,+234,,6.4538673,3.3513288,E O 60,Boundary Market,Lagos State,Alaiyabiagba,101212,NG,NGR001,,,,
Iya ope store,SECONDARY,,,EMANL,Ajoke,8083208879,+234,,6.4546612,3.3514304,ELu  69,Boundary Market,Lagos State,Alaiyabiagba,101212,NG,NGR001,,,,
Buskods Ventures,SECONDARY,,,EMANL,Bursaries Kafayat,9010129238,+234,,6.5475756,3.2692074,Abuja Line ikotun market,,Lagos State,Ikotun,102214,NG,NGR001,,,,
Mummy J,SECONDARY,,,EMANL,Stella,8032202564,+234,,6.4538105,3.3522974,E O 59,Boundary Market,Lagos State,Ajeromi/Ifelodun,101212,NG,NGR001,,,,
Mum Anabel store,SECONDARY,,,EMANL,Obageri,8036963403,+234,,6.4546604,3.3514235,ELu62,Boundary Market,Lagos State,Alaiyabiagba,101212,NG,NGR001,,,,
Abby stores,SECONDARY,,,EMANL,Abiola,7060662569,+234,,6.45494598726108,3.3519809669695424,Opp blu 105,Malu Road,Lagos State,Alaiyabiagba,101212,NG,NGR001,,,,
Omoo Store,SECONDARY,,,EMANL,Omoo,8132598822,+234,,6.4541917,3.3507625,Nasamu opposite boundary mkt for road,Nosamu Street,Lagos State,Alaiyabiagba,101212,NG,NGR001,,,,
Mama Nonso,SECONDARY,,,EMANL,Eucharia,8039683426,+234,,6.4538611,3.3522735,E O 58,Boundary Market,Lagos State,Alaiyabiagba,101212,NG,NGR001,,,,
Ndidi store,SECONDARY,,,EMANL,Ndidi,8033859620,+234,,6.4544967,3.3514533,ELu76,Boundary Market,Lagos State,Ajeromi/Ifelodun,101212,NG,NGR001,,,,
Arahmide enterprise,SECONDARY,,,EMANL,Amram,7064048017,+234,,6.5486949,3.2694216,"Ikotun - Ejigbo Road, Alimosho, Lagos State, 100263, Nigeria",Egbe Road,Lagos State,Ikotun,102214,NG,NGR001,,,,
Mum patience store,SECONDARY,,,EMANL,Patience,8034682194,+234,,6.4537826,3.3520345,ELu 74,Boundary Market,Lagos State,Ajeromi/Ifelodun,101212,NG,NGR001,,,,
Mummy Destiny,SECONDARY,,,EMANL,Esther,8025449206,+234,,6.4535387,3.3515715,EA OS 68 free zone line,Boundary Market,Lagos State,Ajeromi/Ifelodun,101212,NG,NGR001,,,,
Austin store,SECONDARY,,,EMANL,Austin,7062658412,+234,,6.5482437,3.268893,Abuja line,Egbe Road,Lagos State,Ikotun,102214,NG,NGR001,,,,
Divine grace store,SECONDARY,,,EMANL,Divine grace,8183986189,+234,,6.5487571,3.2694187,Abuja line,Egbe Road,Lagos State,Ikotun,102214,NG,NGR001,,,,
Stellas stores,SECONDARY,,,EMANL,Stella,8068735313,+234,,6.5479147,3.2682643,Lagos line,Egbe Road,Lagos State,Ikotun,102214,NG,NGR001,,,,
Twinsfaja,SECONDARY,,,EMANL,Twinsfaja,8177369499,+234,,6.549022,3.2687083,Ibadan line,Idimu-Ikotun Road,Lagos State,Ikotun,102214,NG,NGR001,,,,
Nk store,SECONDARY,,,EMANL,Nk,7036965493,+234,,6.5487018,3.2694246,"J 11, Abuja line Ikotun - Ejigbo Road, Alimosho, Lagos State, 100263, Nigeria",Egbe Road,Lagos State,Ikotun,102214,NG,NGR001,,,,
Nwachief Store,SECONDARY,,,EMANL,Nwachief,8172869050,+234,,6.548776,3.269388,Abuja Line ikotun market,Egbe Road,Lagos State,Ikotun,102214,NG,NGR001,,,,
Alhaja Olalere,SECONDARY,,,EMANL,Olalere,8147085194,+234,,6.4538632,3.3519586,EA KK 12 freezone line,Boundary Market,Lagos State,Ajeromi/Ifelodun,101212,NG,NGR001,,,,
Uba store,SECONDARY,,,EMANL,Uba,8059176171,+234,,6.454027184464023,3.351778442892993,B LU 110,Boundary Market,Lagos State,Ajeromi/Ifelodun,101212,NG,NGR001,,,,
Mama chioma store,SECONDARY,,,EMANL,Mama chioma,8033641119,+234,,6.4536623,3.3507661,FS-Kk-17 boundary Market,A1-1,Lagos State,Alaiyabiagba,101212,NG,NGR001,,,,
Mum chioma,SECONDARY,,,EMANL,Mum chioma store,9035584771,+234,,6.5494423,3.2695218,Abuja line,Idimu-Ikotun Road,Lagos State,Ikotun,102214,NG,NGR001,,,,
Divine Treasure Store,SECONDARY,,,EMANL,Divine Treasure,9121252461,+234,,6.5482437,3.268893,Abuja Line Ikotun market,Egbe Road,Lagos State,Ikotun,102214,NG,NGR001,,,,
Gift store,SECONDARY,,,EMANL,Gift,9030965806,+234,,6.5475878,3.2673212,Abuja line,,Lagos State,Ikotun,102214,NG,NGR001,,,,
Iyabiodun store,SECONDARY,,,EMANL,Biodun,9010602238,+234,,6.5487008,3.2693855,Abuja lines Ikotun,Egbe Road,Lagos State,Ikotun,102214,NG,NGR001,,,,
Mummy Divine Divine store,SECONDARY,,,EMANL,Mummy divine,7038123437,+234,,6.5482457,3.2685786,Abuja line,Egbe Road,Lagos State,Ikotun,102214,NG,NGR001,,,,
Balol store,SECONDARY,,,EMANL,Balol,8023626638,+234,,6.5475878,3.2673212,Abuja line,,Lagos State,Ikotun,102214,NG,NGR001,,,,
Madam store,SECONDARY,,,EMANL,Madam,9072121382,+234,,6.5472385,3.2698362,Abuja line,Egbe Road,Lagos State,Ikotun,102214,NG,NGR001,,,,
Hazeem Stores,SECONDARY,,,EMANL,Hazeem,7080898961,+234,,6.5487004,3.2693852,Abuja Line ikotun market,Egbe Road,Lagos State,Ikotun,102214,NG,NGR001,,,,
Sandra store opposite market,SECONDARY,,,EMANL,Sandra,7056009273,+234,,6.4539936,3.3509182,N0 1 Nasamu,Boundary Market,Lagos State,Alaiyabiagba,101212,NG,NGR001,,,,
Mummy Fathia store,SECONDARY,,,EMANL,Mariam Jamiu,9021981718,+234,,6.454938107814099,3.3517172001607465,BP/LU B30,Malu Road,Lagos State,Alaiyabiagba,101212,NG,NGR001,,,,
Iya iyabo,SECONDARY,,,EMANL,Iya iyabo,9061401444,+234,,6.4525373,3.3513288,WSM-19 boundary Market,Boundary Market,Lagos State,Alaiyabiagba,101212,NG,NGR001,,,,
Iya Tubde,SECONDARY,,,EMANL,Iya Tunde,8038111532,+234,,6.4536598,3.3507646,No 1 Nasamu,A1-1,Lagos State,Alaiyabiagba,101212,NG,NGR001,,,,
Iya Odun store,SECONDARY,,,EMANL,Odun,8124147359,+234,,6.5485767,3.268893,"Ikotun - Ejigbo Road, Alimosho, Lagos State, 100263, Nigeria",Egbe Road,Lagos State,Ikotun,102214,NG,NGR001,,,,
Abubaka stores,SECONDARY,,,EMANL,Abubaka,8069017635,+234,,6.454936301080088,3.35169560603338,BP/ LU B27,Malu Road,Lagos State,Alaiyabiagba,101212,NG,NGR001,,,,
King joe store,SECONDARY,,,EMANL,King joe,8063458163,+234,,6.5485838,3.2694228,Abuja line,Egbe Road,Lagos State,Ikotun,102214,NG,NGR001,,,,
Iya leko,SECONDARY,,,EMANL,Alabi,8087511018,+234,,6.4536633,3.3507617,No 2 Nasamu,A1-1,Lagos State,Alaiyabiagba,101212,NG,NGR001,,,,
Mama Destiny,SECONDARY,,,EMANL,Mama Destiny,8028951883,+234,,6.4498568,3.3544779,E LU 53,Park Lane,Lagos State,Apapa,101212,NG,NGR001,,,,
Faithful Store,SECONDARY,,,EMANL,Mummy Kamsi,9033367708,+234,,6.5486708,3.2693729,Abuja Line ikotun market,Egbe Road,Lagos State,Ikotun,102214,NG,NGR001,,,,
Mama kemi,SECONDARY,,,EMANL,Mama kemi,8149509892,+234,,6.4536633,3.3507666,E041 boundary Market,A1-1,Lagos State,Alaiyabiagba,101212,NG,NGR001,,,,
Tight waist,SECONDARY,,,EMANL,Miracle,8023584152,+234,,6.5481472,3.269301,"Ikotun - Ejigbo Road, Alimosho, Lagos State, 100263, Nigeria",Egbe Road,Lagos State,Ikotun,102214,NG,NGR001,,,,
Mum ebuka store,SECONDARY,,,EMANL,Mum ebuka,8130202498,+234,,6.5483724,3.2693185,Abuja line,Egbe Road,Lagos State,Ikotun,102214,NG,NGR001,,,,
Mum miracle store,SECONDARY,,,EMANL,Mum miracle,8062274314,+234,,6.4542908,3.3508907,E88/87 boundary Market,A1-1,Lagos State,Alaiyabiagba,101212,NG,NGR001,,,,
Mummy Dominion store,SECONDARY,,,EMANL,Dominion,8032156945,+234,,6.5482437,3.268893,No 20 Abuja line Ikotun,Egbe Road,Lagos State,Ikotun,102214,NG,NGR001,,,,
Market Office,SECONDARY,,,EMANL,Sunday,8182900702,+234,,6.4539767,3.3523767,Market office inside market,Boundary Market,Lagos State,Ajeromi/Ifelodun,101212,NG,NGR001,,,,
Mama ishola nkeoluwa store,SECONDARY,,,EMANL,Ishola,7068221620,+234,,6.454923145401591,3.3516353523487674,BP/ LU /A9,Malu Road,Lagos State,Alaiyabiagba,101212,NG,NGR001,,,,
Alhaji Lawal Adamu,SECONDARY,,,EMANL,Adamu,7050511274,+234,,6.4535245,3.3529033,AOC IFD 14 waterside line,Boundary Market,Lagos State,Ajeromi/Ifelodun,101212,NG,NGR001,,,,
Blessing store,SECONDARY,,,EMANL,Blessing,8030549739,+234,,6.5479127,3.2685786,"No 18, Abuja line Ikotun",Egbe Road,Lagos State,Ikotun,102214,NG,NGR001,,,,
Royal place,SECONDARY,,,EMANL,Royal place,8084289660,+234,,6.4544024,3.35168,E-0-84A boundary Market,Boundary Market,Lagos State,Alaiyabiagba,101212,NG,NGR001,,,,
Kenny mother care center,SECONDARY,,,EMANL,Kenny,8023765195,+234,,6.454864431076452,3.3514698357083197,BP/U/A13,Malu Road,Lagos State,Alaiyabiagba,101212,NG,NGR001,,,,
Mummy Esther Store,SECONDARY,,,EMANL,Esther,8176651113,+234,,6.5483365,3.269305,"Abuja line, Ikotun - Ejigbo Road, Alimosho, Lagos State, 100263, Nigeria",Egbe Road,Lagos State,Ikotun,102214,NG,NGR001,,,,
Mum princess store,SECONDARY,,,EMANL,Mum princess,9130334480,+234,,6.5482396,3.2695218,Abuja line,Egbe Road,Lagos State,Ikotun,102214,NG,NGR001,,,,
Victor,SECONDARY,,,EMANL,Victor,7088620334,+234,,6.5482396,3.2695218,Abuja line,Egbe Road,Lagos State,Ikotun,102214,NG,NGR001,,,,
Iya Ejima,SECONDARY,,,EMANL,Iya Ejima,9119277903,+234,,6.4538461,3.3535395,A KK 138 power line,Boundary Market,Lagos State,Ajeromi/Ifelodun,101212,NG,NGR001,,,,
Ejima store,SECONDARY,,,EMANL,Ejima,8034701127,+234,,6.5479127,3.2685786,"No 10, Abuja line Ikotun market",Egbe Road,Lagos State,Ikotun,102214,NG,NGR001,,,,
Abdullahi rofiat store,SECONDARY,,,EMANL,Rofiat,7018764477,+234,,6.4547415,3.3515722,BPLH/A15 across the road,Boundary Market,Lagos State,Ajeromi/Ifelodun,101212,NG,NGR001,,,,
Mama Khadijat,SECONDARY,,,EMANL,Khadijah,8038804705,+234,,6.454037772929298,3.3526399967803404,FO 149,Boundary Market,Lagos State,Ajeromi/Ifelodun,101212,NG,NGR001,,,,
Moyosore store,SECONDARY,,,EMANL,Moyosore,9042130906,+234,,6.4548508,3.3514387,BP/LU/A27acrossthe road,Malu Road,Lagos State,Alaiyabiagba,101212,NG,NGR001,,,,
Iya idera store,SECONDARY,,,EMANL,Iya idera,8122134480,+234,,6.4547042,3.3515507,BP/LU/A13 boundary Market,Boundary Market,Lagos State,Alaiyabiagba,101212,NG,NGR001,,,,
Iya Faridat,SECONDARY,,,EMANL,Iya Faridat,9011549920,+234,,6.4549263,3.3512204,BP/OP/A10 garage line,Malu Road,Lagos State,Alaiyabiagba,101212,NG,NGR001,,,,
Iya Korede,SECONDARY,,,EMANL,Iyakorede,8058338656,+234,,6.4535883,3.352605,F0 90 close to water side,Boundary Market,Lagos State,Ajeromi/Ifelodun,101212,NG,NGR001,,,,
Mummy T Venture,SECONDARY,,,EMANL,Mummy T,8097470313,+234,,6.45497,3.3510787,BP/OP/A15 across the road,Malu Road,Lagos State,Alaiyabiagba,101212,NG,NGR001,,,,
Iya laja store,SECONDARY,,,EMANL,Kayeda,9022431824,+234,,6.4551994,3.3510139,7 ojora street,Malu Road,Lagos State,Alaiyabiagba,101212,NG,NGR001,,,,
Faith,SECONDARY,,,EMANL,Faith,9075192868,+234,,6.4550929,3.3507172,Shop 1 Boundary Roundabout,,Lagos State,Alaiyabiagba,101212,NG,NGR001,,,,
Iya Ayo,SECONDARY,,,EMANL,Ashia,8108787875,+234,,6.4551994,3.3510139,13 Ejora street,Malu Road,Lagos State,Alaiyabiagba,101212,NG,NGR001,,,,
Florida b store,SECONDARY,,,EMANL,Oyin,7067194790,+234,,6.4545747,3.3509904,4b boundary road boundary Market,Boundary Market,Lagos State,Alaiyabiagba,101212,NG,NGR001,,,,
Kafilat store,SECONDARY,,,EMANL,Kafilat,8037928920,+234,,6.4549096,3.349347,24 Bale Adeyemo street,,Lagos State,Alaiyabiagba,101212,NG,NGR001,,,,
Mama Abdulie,SECONDARY,,,EMANL,Rashidiat,8120338189,+234,,6.4552493,3.3508973,1 Boundary road,,Lagos State,Alaiyabiagba,101212,NG,NGR001,,,,
Iya Micheal store,SECONDARY,,,EMANL,Iya Micheal,8025698802,+234,,6.4536592,3.3507579,No5 Nasamu street boundary market,A1-1,Lagos State,Alaiyabiagba,101212,NG,NGR001,,,,
Suliamon stores,SECONDARY,,,EMANL,Suliamon,8031901067,+234,,6.4548691705476156,3.3514990666671336,BP/LU A28,Malu Road,Lagos State,Alaiyabiagba,101212,NG,NGR001,,,,
Abdulganiyu,SECONDARY,,,EMANL,Abdulganiyu,9062492420,+234,,6.4548669,3.3510139,No 1 Boundary Roundabout,Malu Road,Lagos State,Alaiyabiagba,101212,NG,NGR001,,,,
MustaphaMohamed,SECONDARY,,,EMANL,Mustapha,8130294195,+234,,6.4562217,3.3472352,13 Ojora street boundary,,Lagos State,Alaiyabiagba,101212,NG,NGR001,,,,
Ade store,SECONDARY,,,EMANL,Ade,8060197566,+234,,6.4552179,3.3481798,36 ojora street,,Lagos State,Alaiyabiagba,101212,NG,NGR001,,,,
Rikiola store,SECONDARY,,,EMANL,Rikiola,8023949452,+234,,6.4553551,3.3508436,Iyalode street boundary,,Lagos State,Alaiyabiagba,101212,NG,NGR001,,,,
Mama joy,SECONDARY,,,EMANL,Mum joy,8066111440,+234,,6.4535464,3.3505874,No 1 orodi street boundary Market,Amore Street,Lagos State,Alaiyabiagba,101212,NG,NGR001,,,,
Mummy cynthia,SECONDARY,,,EMANL,Cynthia,7018663514,+234,,6.4556167378087315,3.3507331722458207,12 iyalode,,Lagos State,Alaiyabiagba,101212,NG,NGR001,,,,
Chi Chi Foods,SECONDARY,,,EMANL,Chi Chi,8109426298,+234,,6.4548669,3.3510139,Shop 8 Ojora Boundary,Malu Road,Lagos State,Alaiyabiagba,101212,NG,NGR001,,,,
Iya Tunde store,SECONDARY,,,EMANL,Toyin,8022940028,+234,,6.4553752,3.349797,7 Ajora street,,Lagos State,Alaiyabiagba,101212,NG,NGR001,,,,
M.O store,SECONDARY,,,EMANL,M.O,8074033465,+234,,6.4552138,3.3488096,15ojora street boundary market,,Lagos State,Alaiyabiagba,101212,NG,NGR001,,,,
Isan Store,SECONDARY,,,EMANL,Iya ISAN,8020535577,+234,,6.4560833,3.3504883,8 Abubedike street boundary,,Lagos State,Alaiyabiagba,101212,NG,NGR001,,,,
Mama Favour,SECONDARY,,,EMANL,Mama,8120487059,+234,,6.45584147557619,3.350210109690322,10 Iyalode street,,Lagos State,Alaiyabiagba,101212,NG,NGR001,,,,
Seyi store,SECONDARY,,,EMANL,Seyi,9036675420,+234,,6.4553735,3.3498126,N0 5 ojora store,,Lagos State,Alaiyabiagba,101212,NG,NGR001,,,,
Ejike store,SECONDARY,,,EMANL,Ejike,7065766682,+234,,6.4557517,3.3497417,13 Ebubedike Street,,Lagos State,Alaiyabiagba,101212,NG,NGR001,,,,
Baba Aishat,SECONDARY,,,EMANL,Sumilia,7080163023,+234,,6.456031947549064,3.350168149892243,6 Ebube dike street off iyalode,,Lagos State,Alaiyabiagba,101212,NG,NGR001,,,,
Fakunle store,SECONDARY,,,EMANL,Fakunle store,8142273570,+234,,6.4553953,3.3501978,N0 10 ojorastrt boundary,,Lagos State,Alaiyabiagba,101212,NG,NGR001,,,,
Innocent Store,SECONDARY,,,EMANL,Innocent,8029297500,+234,,6.4567383,3.34996,13 OlowojenjejeStreet,,Lagos State,Alaiyabiagba,101212,NG,NGR001,,,,
Iyabeji store,SECONDARY,,,EMANL,Eze,8034505488,+234,,6.4536565,3.3504654,5 B orodo Stret,Orodu Street,Lagos State,Alaiyabiagba,101212,NG,NGR001,,,,
Ifeoluwastore,SECONDARY,,,EMANL,Ifeoluwa,9036440683,+234,,6.4554079,3.3502108,N0 10 ojora,,Lagos State,Alaiyabiagba,101212,NG,NGR001,,,,
Iya Malik,SECONDARY,,,EMANL,Mariam,8164058340,+234,,6.456517231876702,3.3500544303384046,5 rufia street,,Lagos State,Alaiyabiagba,101212,NG,NGR001,,,,
Mama Divine Shop,SECONDARY,,,EMANL,Helen,9136780329,+234,,6.4569562,3.3504724,7 Olowojenjeje Street,,Lagos State,Alaiyabiagba,101212,NG,NGR001,,,,
Surplus grace global ventures,SECONDARY,,,EMANL,Surplus grace,8033388074,+234,,6.4536598,3.3504015,6 Orodu street Ajegunle boundary Market,Orodu Street,Lagos State,Alaiyabiagba,101212,NG,NGR001,,,,
Madam Blessing store,SECONDARY,,,EMANL,Blessing,8034635430,+234,,6.4555431,3.35022,N0 8 ojora street boundary,,Lagos State,Alaiyabiagba,101212,NG,NGR001,,,,
Mummy P,SECONDARY,,,EMANL,Precious,8130089300,+234,,6.456668974779113,3.3503885130273576,6 Olowohehe street,,Lagos State,Alaiyabiagba,101212,NG,NGR001,,,,
Mummy Dorcas,SECONDARY,,,EMANL,Mummy Dorcas,8020762565,+234,,6.4536989,3.349434,No 19 Orodu street,Orodu Street,Lagos State,Alaiyabiagba,101212,NG,NGR001,,,,
Theophilus,SECONDARY,,,EMANL,Theophilus,8032925148,+234,,6.4566267,3.3507667,1 Olowojenje Street,,Lagos State,Alaiyabiagba,101212,NG,NGR001,,,,
Iya beji store,SECONDARY,,,EMANL,Iya beji,7014261923,+234,,6.455058,3.3503084,N0 10  ojara boundary,,Lagos State,Alaiyabiagba,101212,NG,NGR001,,,,
Mum ify store,SECONDARY,,,EMANL,Gift,8082757895,+234,,6.4546882,3.3512741,ELu59,Boundary Market,Lagos State,Ajeromi/Ifelodun,101212,NG,NGR001,,,,
Modupe Frozen Food Store,SECONDARY,,,EMANL,Modupe,9020037378,+234,,6.4565212,3.350767,No 1 Olowojenjeje Street,,Lagos State,Alaiyabiagba,101212,NG,NGR001,,,,
Danielstore,SECONDARY,,,EMANL,Daniel,7030668016,+234,,6.4524964,3.3503813,No 5 Amore street apapa,Amore Street,Lagos State,Alaiyabiagba,101212,NG,NGR001,,,,
Joshua store,SECONDARY,,,EMANL,Joshua,7077572972,+234,,6.4550737,3.3504424,N0 7 Balee street boundary,,Lagos State,Alaiyabiagba,101212,NG,NGR001,,,,
Ekenne store,SECONDARY,,,EMANL,Ekenne,7035315008,+234,,6.548163,3.2693258,Abuja Line ikotun market,Egbe Road,Lagos State,Ikotun,102214,NG,NGR001,,,,
FirstLady. Store,SECONDARY,,,EMANL,Mariam,7038911191,+234,,6.456784064916433,3.3506220876623587,Olowojeje no 4,,Lagos State,Alaiyabiagba,101212,NG,NGR001,,,,
Realone Enterprises,SECONDARY,,,EMANL,Realone,8039169313,+234,,6.4542197,3.3506935,No 2 Nosamu,Nosamu Street,Lagos State,Alaiyabiagba,101212,NG,NGR001,,,,
Mummy Nike,SECONDARY,,,EMANL,Mummy Nike,7043538367,+234,,6.4557217,3.3500217,1 Olowojenjeje,,Lagos State,Alaiyabiagba,101212,NG,NGR001,,,,
Rukayat store,SECONDARY,,,EMANL,Rukayat,9176590245,+234,,6.4535276,3.350543,No 1 oreola boundary Market,Amore Street,Lagos State,Alaiyabiagba,101212,NG,NGR001,,,,
Blessingstore,SECONDARY,,,EMANL,Blessing,9074501238,+234,,6.4538673,3.3513288,E0170 Bandry,Boundary Market,Lagos State,Alaiyabiagba,101212,NG,NGR001,,,,
Mama Jane Store,SECONDARY,,,EMANL,Mama Jane,8022888705,+234,,6.4567981,3.3507379,13B boundary road,,Lagos State,Alaiyabiagba,101212,NG,NGR001,,,,
Prosper article Store,SECONDARY,,,EMANL,Prosper,7010321975,+234,,6.5482555,3.2693312,L4 Abuja,Egbe Road,Lagos State,Ikotun,102214,NG,NGR001,,,,
Juliet store,SECONDARY,,,EMANL,Juliet,9139938638,+234,,6.4538652,3.3516437,E0 162,Boundary Market,Lagos State,Ajeromi/Ifelodun,101212,NG,NGR001,,,,
Safiat store,SECONDARY,,,EMANL,Safiat,7038257528,+234,,6.4542036,3.3505386,N0 5 Nosamu,Nosamu Street,Lagos State,Alaiyabiagba,101212,NG,NGR001,,,,
Mrs Tiawo Adekunle,SECONDARY,,,EMANL,Tiawo Adekunle,8034138117,+234,,6.4576197,3.3510352,1A Igbowangwo Street,Rufai Street,Lagos State,Alaiyabiagba,101212,NG,NGR001,,,,
Iya Maggi,SECONDARY,,,EMANL,Ligali,8027614651,+234,,6.4555476,3.348612,No 10 Ojora Boundary,,Lagos State,Alaiyabiagba,101212,NG,NGR001,,,,
Aliya store,SECONDARY,,,EMANL,Aliya,9075487730,+234,,6.4535442,3.3505853,N0 6 orodu boundary market,Amore Street,Lagos State,Alaiyabiagba,101212,NG,NGR001,,,,
Kafaya store,SECONDARY,,,EMANL,Kafaya,9061633664,+234,,6.4555514,3.3503889,No 5 ojora street,,Lagos State,Alaiyabiagba,101212,NG,NGR001,,,,
Mummy Victor store,SECONDARY,,,EMANL,Mummy Victor,8108334359,+234,,6.5480158,3.2693183,"T 18 a Abuja line,",Egbe Road,Lagos State,Ikotun,102214,NG,NGR001,,,,
Uche store,SECONDARY,,,EMANL,Uche,7033056539,+234,,6.4535023,3.3505293,N0 1 goriola boundary,Goriola Street,Lagos State,Alaiyabiagba,101212,NG,NGR001,,,,
Mrs Tessy,SECONDARY,,,EMANL,Miss Tessy,7064920472,+234,,6.5475756,3.2692074,Abuja Line ikotun market,,Lagos State,Ikotun,102214,NG,NGR001,,,,
Levi Store,SECONDARY,,,EMANL,Levi,8060935553,+234,,6.4548669,3.3510139,No 10 Aiyepe Ojora,Malu Road,Lagos State,Alaiyabiagba,101212,NG,NGR001,,,,
Bisola store,SECONDARY,,,EMANL,Bisola,8075989321,+234,,6.4573923,3.351294,1 Aruzuka Street Boundary,,Lagos State,Alaiyabiagba,101212,NG,NGR001,,,,
Rosum store,SECONDARY,,,EMANL,Rosum,8162922650,+234,,6.4546597,3.351423,ELu56,Boundary Market,Lagos State,Alaiyabiagba,101212,NG,NGR001,,,,
Adamazi stores,SECONDARY,,,EMANL,Adamazi,8083002017,+234,,6.54804,3.2692933,Abujaline,Egbe Road,Lagos State,Ikotun,102214,NG,NGR001,,,,
God'swill shop,SECONDARY,,,EMANL,God's will,8062873093,+234,,6.5481007,3.2692897,Abujaline,Egbe Road,Lagos State,Ikotun,102214,NG,NGR001,,,,
Confidence Anayo,SECONDARY,,,EMANL,Confidence,8140997228,+234,,6.5481015,3.2692671,15 abujaline,Egbe Road,Lagos State,Ikotun,102214,NG,NGR001,,,,
Triple E andH,SECONDARY,,,EMANL,Triple E and H store,8034750004,+234,,6.5482396,3.2695218,Abuja line,Egbe Road,Lagos State,Ikotun,102214,NG,NGR001,,,,
Iya kuburat store,SECONDARY,,,EMANL,Iya kuburat,8026949850,+234,,6.455915,3.3475809,No 40 iyalode street,,Lagos State,Alaiyabiagba,101212,NG,NGR001,,,,
Olardex stores,SECONDARY,,,EMANL,Olardex,8029978797,+234,,6.4556759,3.3486249,18 iyalode street off boundary road,,Lagos State,Alaiyabiagba,101212,NG,NGR001,,,,
Iya Samiat Store,SECONDARY,,,EMANL,Samiat,7063713463,+234,,6.4574983,3.35144,2 Aruzuka boundary,,Lagos State,Alaiyabiagba,101212,NG,NGR001,,,,
Iya Frank store,SECONDARY,,,EMANL,Priscilla,8067482458,+234,,6.4538529,3.3535331,Elu78,Boundary Market,Lagos State,Ajeromi/Ifelodun,101212,NG,NGR001,,,,
Toyin Store,SECONDARY,,,EMANL,Toyin,8116094555,+234,,6.4548669,3.3510139,No 32 Iyalode Street,Malu Road,Lagos State,Alaiyabiagba,101212,NG,NGR001,,,,
Missed Twins venture,SECONDARY,,,EMANL,Ola,9164932596,+234,,6.5472426,3.2692074,Abuja,,Lagos State,Ikotun,102214,NG,NGR001,,,,
Jokers store,SECONDARY,,,EMANL,John,8033299130,+234,,6.5480047,3.2693171,Unity line,Egbe Road,Lagos State,Ikotun,102214,NG,NGR001,,,,
Ij store,SECONDARY,,,EMANL,Ijeoma,8146001445,+234,,6.5468994,3.2707793,"W6, Abuja line Ikotun",Egbe Road,Lagos State,Ikotun,102214,NG,NGR001,,,,
Iya yetunde store,SECONDARY,,,EMANL,Iya  yetunde,9163928375,+234,,6.4556366,3.3486627,No 11 iyalode street,,Lagos State,Alaiyabiagba,101212,NG,NGR001,,,,
Mama chi boy store,SECONDARY,,,EMANL,Mama chi boy,8020641706,+234,,6.4562217,3.3472352,N0 32 Orodu,,Lagos State,Alaiyabiagba,101212,NG,NGR001,,,,
NonsoVenture,SECONDARY,,,EMANL,Nonso,8060349243,+234,,6.45755,3.3517533,2 Igbowangwo,,Lagos State,Alaiyabiagba,101212,NG,NGR001,,,,
Chikezie cosmetics,SECONDARY,,,EMANL,Chikezie,8052364725,+234,,6.5480686,3.2693308,Unityline,Egbe Road,Lagos State,Ikotun,102214,NG,NGR001,,,,
Glory store,SECONDARY,,,EMANL,Glory,7044810653,+234,,6.4542163,3.3488096,32 Orodu by boundary market,Nosamu Street,Lagos State,Alaiyabiagba,101212,NG,NGR001,,,,
Omowumi Store,SECONDARY,,,EMANL,Omowumi,8070852773,+234,,6.4545282,3.3519586,Opp 18 iyalode street,Boundary Market,Lagos State,Alaiyabiagba,101212,NG,NGR001,,,,
Iya Eko,SECONDARY,,,EMANL,Iya Eko,7088645878,+234,,6.4548669,3.3510139,No 28 Iyalode,Malu Road,Lagos State,Alaiyabiagba,101212,NG,NGR001,,,,
Great prosperity store,SECONDARY,,,EMANL,Great prosperity,8085313807,+234,,6.5472487,3.2682643,Unit line,,Lagos State,Ikotun,102214,NG,NGR001,,,,
OCh Store,SECONDARY,,,EMANL,Och,9068105648,+234,,6.4573921,3.3513143,10 Igbowangwo Street,,Lagos State,Alaiyabiagba,101212,NG,NGR001,,,,
Titi store,SECONDARY,,,EMANL,Titi,8122736239,+234,,6.4545282,3.3519586,No 18 iyalode street,Boundary Market,Lagos State,Alaiyabiagba,101212,NG,NGR001,,,,
Onos store,SECONDARY,,,EMANL,Onos,7014505722,+234,,6.4542163,3.3488096,27 OroduStreet boundary market,Nosamu Street,Lagos State,Alaiyabiagba,101212,NG,NGR001,,,,
Iya Azeezat,SECONDARY,,,EMANL,Iya Azeezat,8144929808,+234,,6.4548669,3.3510139,No 22 Iyalode,Malu Road,Lagos State,Alaiyabiagba,101212,NG,NGR001,,,,
Owomaraya Store,SECONDARY,,,EMANL,Mummy sal,9010481459,+234,,6.5479392,3.269407,Good news Line Ikotun market,Egbe Road,Lagos State,Ikotun,102214,NG,NGR001,,,,
Mummy miracle Store,SECONDARY,,,EMANL,Mama Miracle,9074202280,+234,,6.4562217,3.3472352,34  Orodu by boundary,,Lagos State,Alaiyabiagba,101212,NG,NGR001,,,,
Iya Malik,SECONDARY,,,EMANL,Iya Malik,7057979959,+234,,6.4572518,3.351369,2 Aruzuka Street,,Lagos State,Alaiyabiagba,101212,NG,NGR001,,,,
Baba Beji,SECONDARY,,,EMANL,Oliver,8035655630,+234,,6.4548669,3.3510139,No 2 Alayigbiagba,Malu Road,Lagos State,Alaiyabiagba,101212,NG,NGR001,,,,
Mama rejoice store,SECONDARY,,,EMANL,Vivian,8099425406,+234,,6.4562217,3.3472352,N0 38 Orodu by boundary,,Lagos State,Alaiyabiagba,101212,NG,NGR001,,,,
Mummy promise store,SECONDARY,,,EMANL,Mummy promise,8066481729,+234,,6.4548792,3.3491245,38 Orodu by boundary,,Lagos State,Alaiyabiagba,101212,NG,NGR001,,,,
Olaye store,SECONDARY,,,EMANL,Olaye,8060355501,+234,,6.4611962,3.3541055,No140  oweriro street,Anthony Agbaje Street,Lagos State,Ajeromi/Ifelodun,101212,NG,NGR001,,,,
Mama Chidinma,SECONDARY,,,EMANL,Mama Chidinma,8069811911,+234,,6.458727,3.3521162,18 B Bale Street,Uweriro Street,Lagos State,Ajeromi/Ifelodun,101212,NG,NGR001,,,,
Emitex store,SECONDARY,,,EMANL,Emeka,8066536339,+234,,6.4581296,3.3522841,No 23 bale alabi aba street,,Lagos State,Ajeromi/Ifelodun,101212,NG,NGR001,,,,
God's name Store,SECONDARY,,,EMANL,God's delight,8039705963,+234,,6.548006,3.269324,Unityline,Egbe Road,Lagos State,Ikotun,102214,NG,NGR001,,,,
A&D tradingstore,SECONDARY,,,EMANL,Augustine,8034092895,+234,,6.548051,3.2693181,"R8, Unity. line trade fair market",Egbe Road,Lagos State,Ikotun,102214,NG,NGR001,,,,
S14 stores,SECONDARY,,,EMANL,Alloyd,9062332706,+234,,6.5481089,3.2693525,Unityline,Egbe Road,Lagos State,Ikotun,102214,NG,NGR001,,,,
Kolawole store,SECONDARY,,,EMANL,Kolawole,8053627217,+234,,6.455187,3.3529033,No 78 Alayigbiagba,Malu Road,Lagos State,Alaiyabiagba,101212,NG,NGR001,,,,
Iya Ajoke,SECONDARY,,,EMANL,Romoke,8124760157,+234,,6.458575,3.351245,12 Igbowangwo,Rufai Street,Lagos State,Alaiyabiagba,101212,NG,NGR001,,,,
Tobank ventures,SECONDARY,,,EMANL,Adama,8026550561,+234,,6.5479127,3.2685786,"Ikotun - Ejigbo Road, Alimosho, Lagos State, 100263, Nigeria",Egbe Road,Lagos State,Ikotun,102214,NG,NGR001,,,,
Udinyokuns Store,SECONDARY,,,EMANL,Udinyokuns,8134049924,+234,,6.5482054,3.269367,Unity line ikotun market,Egbe Road,Lagos State,Ikotun,102214,NG,NGR001,,,,
Mama Aisha store,SECONDARY,,,EMANL,Mum Aisha,9018193308,+234,,6.4601893,3.350699,No 3 obo-one-com,,Lagos State,Alaiyabiagba,101212,NG,NGR001,,,,
Shindara store,SECONDARY,,,EMANL,Shindara,9055570477,+234,,6.5483782,3.2694722,"Unity line,Ikotun market",Egbe Road,Lagos State,Ikotun,102214,NG,NGR001,,,,
Justina Store,SECONDARY,,,EMANL,Justina,8142468278,+234,,6.4591583,3.351725,17 IgbowangwoStreet,,Lagos State,Alaiyabiagba,101212,NG,NGR001,,,,
Mum chidima,SECONDARY,,,EMANL,Mum chidima,7076889336,+234,,6.5482417,3.2692074,Unity stores,Egbe Road,Lagos State,Ikotun,102214,NG,NGR001,,,,
Mum Daniel store,SECONDARY,,,EMANL,Mum Daniel,7031682488,+234,,6.4601893,3.350699,No 16 obo-one-com,,Lagos State,Alaiyabiagba,101212,NG,NGR001,,,,
Mummy Tofunmi,SECONDARY,,,EMANL,Mummy Tofunmi,9027811383,+234,,6.4537281,3.3536506,F O 6 power line,Boundary Market,Lagos State,Ajeromi/Ifelodun,101212,NG,NGR001,,,,
Danny store,SECONDARY,,,EMANL,Daniel,9034623823,+234,,6.5483968,3.2693352,"Ikotun - Ejigbo Road, Alimosho, Lagos State, 100263, Nigeria",Egbe Road,Lagos State,Ikotun,102214,NG,NGR001,,,,
Rashidiat,SECONDARY,,,EMANL,Rashidiat,9124045502,+234,,6.4590117,3.351785,2B Igbowangwo,,Lagos State,Alaiyabiagba,101212,NG,NGR001,,,,
Iya twins,SECONDARY,,,EMANL,Mum twins,7018311981,+234,,6.4592479,3.3516482,No 26 obo-one-com street,,Lagos State,Alaiyabiagba,101212,NG,NGR001,,,,
Mummy Favour shop,SECONDARY,,,EMANL,Mummy Favour,8063863200,+234,,6.5475756,3.2692074,Unity line Ikotun market,,Lagos State,Ikotun,102214,NG,NGR001,,,,
Mum ope stores,SECONDARY,,,EMANL,Mum ope,7064311281,+234,,6.5485718,3.269373,Unity line,Egbe Road,Lagos State,Ikotun,102214,NG,NGR001,,,,
Iya Ibrahim,SECONDARY,,,EMANL,Iya Ibrahim,7013645787,+234,,6.4592484,3.351655,20 Ogbowangwo Street,,Lagos State,Alaiyabiagba,101212,NG,NGR001,,,,
Victoria store,SECONDARY,,,EMANL,Victoria,8089731499,+234,,6.4601893,3.350699,No26 obo-one-com street,,Lagos State,Alaiyabiagba,101212,NG,NGR001,,,,
Moyosore store,SECONDARY,,,EMANL,Moyosore,7067357491,+234,,6.5479127,3.2685786,"Unity line, Ikotun - Ejigbo Road, Alimosho, Lagos State, 100263, Nigeria",Egbe Road,Lagos State,Ikotun,102214,NG,NGR001,,,,
Elizabeth store,SECONDARY,,,EMANL,Elizabeth,7067772423,+234,,6.45927,3.3516483,1 Arumo Street,,Lagos State,Alaiyabiagba,101212,NG,NGR001,,,,
Iyansin,SECONDARY,,,EMANL,Yasin,8132951134,+234,,6.5479127,3.2685786,"Ikotun - Ejigbo Road, Alimosho, Lagos State, 100263, Nigeria",Egbe Road,Lagos State,Ikotun,102214,NG,NGR001,,,,
Twins Mum Store,SECONDARY,,,EMANL,Mummy Twins,8137441270,+234,,6.5493277,3.2699473,Unisex Line ikotun market,,Lagos State,Ikotun,102214,NG,NGR001,,,,
Iya ruka,SECONDARY,,,EMANL,Iya ruka,8034137026,+234,,6.4601893,3.350699,No 28 obu-one-come stree,,Lagos State,Alaiyabiagba,101212,NG,NGR001,,,,
Kike store,SECONDARY,,,EMANL,Kike,9042925024,+234,,6.5479127,3.2685786,"Carnal line Ikotun - Ejigbo Road, Alimosho, Lagos State, 100263, Nigeria",Egbe Road,Lagos State,Ikotun,102214,NG,NGR001,,,,
Mama Blessing,SECONDARY,,,EMANL,Mama Blessing,8034319789,+234,,6.4592979,3.351658,3/5 Arumoh,,Lagos State,Alaiyabiagba,101212,NG,NGR001,,,,
Iya Promo store,SECONDARY,,,EMANL,Iya Promo,8155023361,+234,,6.5490438,3.2689941,Ikotun market,Idimu-Ikotun Road,Lagos State,Ikotun,102214,NG,NGR001,,,,
Twins Sister store,SECONDARY,,,EMANL,Twins mummy,8033869888,+234,,6.5489992,3.2682591,Ibadan line ikotun market,Idimu-Ikotun Road,Lagos State,Ikotun,102214,NG,NGR001,,,,
Happiness store,SECONDARY,,,EMANL,Happiness,8032566925,+234,,6.5488561,3.2685927,Promised line,Idimu-Ikotun Road,Lagos State,Ikotun,102214,NG,NGR001,,,,
Aolat stores,SECONDARY,,,EMANL,Aolat,9031952086,+234,,6.549046,3.2688505,Road stores,Idimu-Ikotun Road,Lagos State,Ikotun,102214,NG,NGR001,,,,
Lyda store,SECONDARY,,,EMANL,Lyda,8036254780,+234,,6.5490427,3.2688498,Road market,Idimu-Ikotun Road,Lagos State,Ikotun,102214,NG,NGR001,,,,
Iya beji,SECONDARY,,,EMANL,Iyabeji,7011924389,+234,,6.5486967,3.2694126,Unityline,Egbe Road,Lagos State,Ikotun,102214,NG,NGR001,,,,
Jesus reignventure,SECONDARY,,,EMANL,Ikye,7064573306,+234,,6.5489159,3.2679499,New building,Idimu - Ikotun Road,Lagos State,Ikotun,102214,NG,NGR001,,,,
Olajesu Store,SECONDARY,,,EMANL,Madam Cash,8028153416,+234,,6.5493548,3.2685515,New 2nd building ikotun market,Idimu-Ikotun Road,Lagos State,Ikotun,102214,NG,NGR001,,,,
My baby and I,SECONDARY,,,EMANL,Mercy,8084572178,+234,,6.5493149,3.2686584,New building,Idimu-Ikotun Road,Lagos State,Ikotun,102214,NG,NGR001,,,,
Iya faith,SECONDARY,,,EMANL,Iya faith,9056216042,+234,,6.5492962,3.2687039,Gods favour line,Idimu-Ikotun Road,Lagos State,Ikotun,102214,NG,NGR001,,,,
Mexlas Store,SECONDARY,,,EMANL,Ayinde,8061614754,+234,,6.5496708,3.2684397,Bb 23 ibadan line 2nd ikotun market,Idimu-Ikotun Road,Lagos State,Ikotun,102214,NG,NGR001,,,,
AyomiStore,SECONDARY,,,EMANL,Ayo,7039923366,+234,,6.5493399,3.2689238,Wazobia line,Idimu-Ikotun Road,Lagos State,Ikotun,102214,NG,NGR001,,,,
Debbie store,SECONDARY,,,EMANL,Debbie,8094893968,+234,,6.5490097,3.268598,Wazobia line,Idimu-Ikotun Road,Lagos State,Ikotun,102214,NG,NGR001,,,,
Lady B store,SECONDARY,,,EMANL,Bose,9161611797,+234,,6.5490111,3.2685975,Gods favor line,Idimu-Ikotun Road,Lagos State,Ikotun,102214,NG,NGR001,,,,
Titi store,SECONDARY,,,EMANL,Deborah,9021350845,+234,,6.5483869,3.2688429,Wazobia line,Egbe Road,Lagos State,Ikotun,102214,NG,NGR001,,,,
Sekinat,SECONDARY,,,EMANL,Sekinat,8069066134,+234,,6.5489935,3.2685607,Trade fair line,Idimu-Ikotun Road,Lagos State,Ikotun,102214,NG,NGR001,,,,
Damdam store,SECONDARY,,,EMANL,Dammy,9072659735,+234,,6.5485747,3.2692074,TradeFair line,Egbe Road,Lagos State,Ikotun,102214,NG,NGR001,,,,
Priscy store,SECONDARY,,,EMANL,Priscilla,7047144722,+234,,6.5483765,3.2689145,Wazobia line,Egbe Road,Lagos State,Ikotun,102214,NG,NGR001,,,,
Mummy Double Twins,SECONDARY,,,EMANL,Mummy Twins,8039398860,+234,,6.5493453,3.2689758,King of kings line ikotun market,Idimu-Ikotun Road,Lagos State,Ikotun,102214,NG,NGR001,,,,
NWakire store,SECONDARY,,,EMANL,Ogech,7039100910,+234,,6.5493465,3.2689758,"Kings of Kings line, Ikotun market",Idimu-Ikotun Road,Lagos State,Ikotun,102214,NG,NGR001,,,,
Babs store,SECONDARY,,,EMANL,Tunde,9023662390,+234,,6.5483964,3.2689212,Wazobia line,Egbe Road,Lagos State,Ikotun,102214,NG,NGR001,,,,
Omolola ventures,SECONDARY,,,EMANL,Lola,9164944263,+234,,6.5483756,3.2689083,Wazobia line,Egbe Road,Lagos State,Ikotun,102214,NG,NGR001,,,,
Mummy chidalu,SECONDARY,,,EMANL,Mum chidalu,8063254598,+234,,6.5493719,3.2689707,Gods victory line,Idimu-Ikotun Road,Lagos State,Ikotun,102214,NG,NGR001,,,,
Ashantte store,SECONDARY,,,EMANL,Aisha,9061818777,+234,,6.548962,3.2690219,Trade Fair line,Idimu-Ikotun Road,Lagos State,Ikotun,102214,NG,NGR001,,,,
Oluwadamilare Store,SECONDARY,,,EMANL,Oluwadamilare,9056889264,+234,,6.5482437,3.268893,Blessed line ikotun market,Egbe Road,Lagos State,Ikotun,102214,NG,NGR001,,,,
Anuoluwapo store,SECONDARY,,,EMANL,Anu,9038980084,+234,,6.5487368,3.2690965,Unity line,Egbe Road,Lagos State,Ikotun,102214,NG,NGR001,,,,
Erisco store,SECONDARY,,,EMANL,Erico,8028117779,+234,,6.5482478,3.2682643,Blessedline,Egbe Road,Lagos State,Ikotun,102214,NG,NGR001,,,,
Jane store,SECONDARY,,,EMANL,Jane,7072788294,+234,,6.5486469,3.2690966,Unity line,Egbe Road,Lagos State,Ikotun,102214,NG,NGR001,,,,
Mummy kc,SECONDARY,,,EMANL,Mum kc,8052369421,+234,,6.5493057,3.2691084,Blessedline,Idimu-Ikotun Road,Lagos State,Ikotun,102214,NG,NGR001,,,,
AZ store,SECONDARY,,,EMANL,Mummy Israel,7017090571,+234,,6.5493183,3.2691075,"Idimu-Ikotun Road, Idimu, Alimosho, Lagos State, 100263, Nigeria",Idimu-Ikotun Road,Lagos State,Ikotun,102214,NG,NGR001,,,,
AAA store,SECONDARY,,,EMANL,AAA,8082408362,+234,,6.5482396,3.2695218,Blessed line,Egbe Road,Lagos State,Ikotun,102214,NG,NGR001,,,,
Madam chialuka,SECONDARY,,,EMANL,Monica,7071575544,+234,,6.5486645,3.2691272,Idumota line,Egbe Road,Lagos State,Ikotun,102214,NG,NGR001,,,,
Chisom Store,SECONDARY,,,EMANL,Chisom,8033961890,+234,,6.5485849,3.2676355,Blessed line ikotun market,Idimu - Ikotun Road,Lagos State,Ikotun,102214,NG,NGR001,,,,
Sewa babystore,SECONDARY,,,EMANL,Sewa,8060273794,+234,,6.5493081,3.2691078,Prosperity line,Idimu-Ikotun Road,Lagos State,Ikotun,102214,NG,NGR001,,,,
Perpetual store,SECONDARY,,,EMANL,Perpetual,8035787179,+234,,6.5482396,3.2695218,Blessed line,Egbe Road,Lagos State,Ikotun,102214,NG,NGR001,,,,
Mummy Ayo store,SECONDARY,,,EMANL,Mummy Ayo,8038545723,+234,,6.5493084,3.2691084,Prosperity line ikotun market,Idimu-Ikotun Road,Lagos State,Ikotun,102214,NG,NGR001,,,,
Ade olastore,SECONDARY,,,EMANL,Adeola,9040460678,+234,,6.5484669,3.2691037,Idumota line,Egbe Road,Lagos State,Ikotun,102214,NG,NGR001,,,,
Madam Alice store,SECONDARY,,,EMANL,Alice,8120574415,+234,,6.5486622,3.2691261,Idumota line,Egbe Road,Lagos State,Ikotun,102214,NG,NGR001,,,,
Oluwakemi store,SECONDARY,,,EMANL,Kemi,8088754366,+234,,6.5485023,3.2691008,Trade Fair line,Egbe Road,Lagos State,Ikotun,102214,NG,NGR001,,,,
Fatty queen stores,SECONDARY,,,EMANL,Alimah,9022315421,+234,,6.5493105,3.2691123,"Idimu-Ikotun Road, Idimu, Alimosho, Lagos State, 100263, Nigeria",Idimu-Ikotun Road,Lagos State,Ikotun,102214,NG,NGR001,,,,
Fatima stores,SECONDARY,,,EMANL,Fatima,8023425704,+234,,6.5490672,3.2692305,Opp Jesus line,Idimu-Ikotun Road,Lagos State,Ikotun,102214,NG,NGR001,,,,
God is able Store,SECONDARY,,,EMANL,Adetunji,9034137957,+234,,6.5490873,3.2692961,Alubarika line ikotun market,Idimu-Ikotun Road,Lagos State,Ikotun,102214,NG,NGR001,,,,
Dubem store,SECONDARY,,,EMANL,Ndubem,8036694781,+234,,6.5484946,3.2690885,Idumota line,Egbe Road,Lagos State,Ikotun,102214,NG,NGR001,,,,
Muna store,SECONDARY,,,EMANL,Muna,7085800740,+234,,6.5491074,3.2692241,Opposite Jesus line,Idimu-Ikotun Road,Lagos State,Ikotun,102214,NG,NGR001,,,,
Iya ibeji store,SECONDARY,,,EMANL,Iya ibeji,8056076885,+234,,6.548711,3.2689777,Idumota line,Idimu-Ikotun Road,Lagos State,Ikotun,102214,NG,NGR001,,,,
Akinbos Store,SECONDARY,,,EMANL,Akinbos,8034990627,+234,,6.5490615,3.2692303,Alubarika line ikotun market,Idimu-Ikotun Road,Lagos State,Ikotun,102214,NG,NGR001,,,,
Amaka  store,SECONDARY,,,EMANL,Amaka,7033917800,+234,,6.5490877,3.2693034,opposite Jesus line,Idimu-Ikotun Road,Lagos State,Ikotun,102214,NG,NGR001,,,,
Oluchukwu nig ent,SECONDARY,,,EMANL,Oluchukwu,9132743240,+234,,6.5491561,3.2696622,opp tarmac line,,Lagos State,Ikotun,102214,NG,NGR001,,,,
Mum chimobi store,SECONDARY,,,EMANL,Mum chimobi,9134237818,+234,,6.5475899,3.2670068,Arubarika line,,Lagos State,Ikotun,102214,NG,NGR001,,,,
Biola store,SECONDARY,,,EMANL,Biola,7082447572,+234,,6.5491147,3.2692073,Jesus line,Idimu-Ikotun Road,Lagos State,Ikotun,102214,NG,NGR001,,,,
Zainab store,SECONDARY,,,EMANL,Zainab,8120921483,+234,,6.4555113,3.354163,Boundary road,,Lagos State,Ajeromi/Ifelodun,101212,NG,NGR001,,,,
Amy beauty pavilion,SECONDARY,,,EMANL,Stella Amaka,8113037661,+234,,6.5482457,3.2685786,Opposite X Abuja line new building Ikotun market,Egbe Road,Lagos State,Ikotun,102214,NG,NGR001,,,,
Ahmed,SECONDARY,,,EMANL,Ahmed,9077735457,+234,,6.4538529,3.3535331,Shop 38 new plaza,Boundary Market,Lagos State,Ajeromi/Ifelodun,101212,NG,NGR001,,,,
Mum korede,SECONDARY,,,EMANL,Mum korede,8105693065,+234,,6.453641,3.3504957,Boundary market,Orodu Street,Lagos State,Alaiyabiagba,101212,NG,NGR001,,,,
Adebayo  babies store,SECONDARY,,,EMANL,Rashidat,8030831709,+234,,6.5489059,3.2693956,Opposite X Abuja,Egbe Road,Lagos State,Ikotun,102214,NG,NGR001,,,,
Iya Amira Store,SECONDARY,,,EMANL,Iya Anira,8060737229,+234,,6.4556583,3.3529833,10 BaleAlayaboagbe,,Lagos State,Alaiyabiagba,101212,NG,NGR001,,,,
OluStores,SECONDARY,,,EMANL,Olu,8145718284,+234,,6.5489118,3.2685786,Blessedline,Idimu-Ikotun Road,Lagos State,Ikotun,102214,NG,NGR001,,,,
Kudurat store,SECONDARY,,,EMANL,Kudurat,8080068557,+234,,6.4528067,3.350345,1 Ayeke market,Amore Street,Lagos State,Alaiyabiagba,101212,NG,NGR001,,,,
Chidinma store,SECONDARY,,,EMANL,Chidinma,8062586261,+234,,6.4505567,3.3491245,40 orodu boundary market,Tolu Road,Lagos State,Alaiyabiagba,101212,NG,NGR001,,,,
Iya Yusuf,SECONDARY,,,EMANL,Iya Yusuf,7072552136,+234,,6.4552748,3.3539796,Total filling station,Malu Road,Lagos State,Alaiyabiagba,101212,NG,NGR001,,,,
Mide store,SECONDARY,,,EMANL,Ayo,8102505222,+234,,6.5479127,3.2685786,Opposite Abuja line,Egbe Road,Lagos State,Ikotun,102214,NG,NGR001,,,,
Uche Store,SECONDARY,,,EMANL,Uche,8120226557,+234,,6.4555031,3.3554227,16 Bale Aladeagbaa Street,Malu Road,Lagos State,Alaiyabiagba,101212,NG,NGR001,,,,
Iya Amade,SECONDARY,,,EMANL,Ade,7063961977,+234,,6.4517115,3.3501617,5 Amiro street,Amore Street,Lagos State,Alaiyabiagba,101212,NG,NGR001,,,,
Mummy suliya store,SECONDARY,,,EMANL,Mummy suliya store,9118793976,+234,,6.455018,3.3478793,53 Nosamu boundary market,,Lagos State,Alaiyabiagba,101212,NG,NGR001,,,,
Kudira stores,SECONDARY,,,EMANL,Kudira,8023594852,+234,,6.5493646,3.2697375,Democracyline,,Lagos State,Ikotun,102214,NG,NGR001,,,,
Tripple H,SECONDARY,,,EMANL,H,9036771396,+234,,6.451926447878884,3.35018947275881,6 Amore street,Amore Street,Lagos State,Alaiyabiagba,101212,NG,NGR001,,,,
Queen store,SECONDARY,,,EMANL,Mary,8121838006,+234,,6.5485849,3.2676355,Alubaruka line Ikotun,Idimu - Ikotun Road,Lagos State,Ikotun,102214,NG,NGR001,,,,
Iya bisola store,SECONDARY,,,EMANL,Iya bisola,8080540427,+234,,6.4545611,3.3469203,N0 55 Nosamu by Boundary,Nosamu Street,Lagos State,Alaiyabiagba,101212,NG,NGR001,,,,
Alhaji,SECONDARY,,,EMANL,Alhaji,9029854100,+234,,6.4554877,3.3544989,LAG CEN 06163 navy road,,Lagos State,Ajeromi/Ifelodun,101212,NG,NGR001,,,,
Iya biyodu,SECONDARY,,,EMANL,Iya biyodu,8063115754,+234,,6.4560306,3.3535869,No14 bale alayabiagba Street,Tieda Close,Lagos State,Ajeromi/Ifelodun,101212,NG,NGR001,,,,
Eniola,SECONDARY,,,EMANL,Eniola,7049753239,+234,,6.5489138,3.2682643,"Idimu-Ikotun Road, Idimu, Alimosho, Lagos State, 100263, Nigeria",Idimu-Ikotun Road,Lagos State,Ikotun,102214,NG,NGR001,,,,
G.t. enterprise,SECONDARY,,,EMANL,Mum great,8052163975,+234,,6.550165,3.2694061,Blessedline,Idimu-Ikotun Road,Lagos State,Ikotun,102214,NG,NGR001,,,,
Iya chiboy store,SECONDARY,,,EMANL,Ukwa amaka,7073754148,+234,,6.4508831,3.3500692,21 Amori street,,Lagos State,Alaiyabiagba,101212,NG,NGR001,,,,
Mama quadril,SECONDARY,,,EMANL,Mama,7015623829,+234,,6.451907037454252,3.3501234556073864,18 amore street,Amore Street,Lagos State,Alaiyabiagba,101212,NG,NGR001,,,,
EL-bilal supermarket,SECONDARY,,,EMANL,Bilal,9053934287,+234,,6.4558692,3.3543212,3 Navy road off bale alayabiagba Street,Tieda Close,Lagos State,Ajeromi/Ifelodun,101212,NG,NGR001,,,,
Mum amaka,SECONDARY,,,EMANL,Loveth,8025927580,+234,,6.5482478,3.2682643,Democracyline,Egbe Road,Lagos State,Ikotun,102214,NG,NGR001,,,,
Mummy Abdul,SECONDARY,,,EMANL,Fatima,8062341585,+234,,6.4559955,3.3544444,S-07 Navy road,,Lagos State,Ajeromi/Ifelodun,101212,NG,NGR001,,,,
Ugochukwu store,SECONDARY,,,EMANL,Ugochukwu,8033971320,+234,,6.4507911,3.3499505,20 Amore Street,,Lagos State,Alaiyabiagba,101212,NG,NGR001,,,,
Iya Ayisha,SECONDARY,,,EMANL,Iya Ayisha,9060219390,+234,,6.455856,3.3543693,S14 Navy Road,Tieda Close,Lagos State,Ajeromi/Ifelodun,101212,NG,NGR001,,,,
Divine stores,SECONDARY,,,EMANL,Divine,7052051630,+234,,6.451907037454252,3.3501234556073864,23 Amore,Amore Street,Lagos State,Alaiyabiagba,101212,NG,NGR001,,,,
Mum ifechukwu,SECONDARY,,,EMANL,Mun ifechukwu,8062278884,+234,,6.5494255,3.2698989,Democracyline,,Lagos State,Ikotun,102214,NG,NGR001,,,,
Bela store,SECONDARY,,,EMANL,Bela,8137529344,+234,,6.4558622,3.354353,No 3 Navy road off bale alayabiagba Street,Tieda Close,Lagos State,Ajeromi/Ifelodun,101212,NG,NGR001,,,,
Unkempt Store,SECONDARY,,,EMANL,Wunkem,8035196551,+234,,6.5500379,3.2687378,"Idimu-Ikotun Road, Idimu, Alimosho, Lagos State, 100263, Nigeria",Idimu-Ikotun Road,Lagos State,Ikotun,102214,NG,NGR001,,,,
Mummy Tosin,SECONDARY,,,EMANL,Tosin,9073355041,+234,,6.452411177120266,3.350078925668092,2 Awore market boundary,Tolu Road,Lagos State,Alaiyabiagba,101212,NG,NGR001,,,,
Rss magi store,SECONDARY,,,EMANL,Rss magi,7065564248,+234,,6.5500388,3.2687374,"Ikotun Alimosho, Lagos State, 100263, Nigeria",Idimu-Ikotun Road,Lagos State,Ikotun,102214,NG,NGR001,,,,
Mum aliya store,SECONDARY,,,EMANL,Mum aliya,7083416682,+234,,6.5494894,3.2696364,Tamak line,,Lagos State,Ikotun,102214,NG,NGR001,,,,
Basira stores,SECONDARY,,,EMANL,Basira,8058321236,+234,,6.5476407,3.2687837,Blessedline,Egbe Road,Lagos State,Ikotun,102214,NG,NGR001,,,,
Orete prosper,SECONDARY,,,EMANL,Fatima,8035831827,+234,,6.5472345,3.2704649,"Bc 20,Ikotun",Egbe Road,Lagos State,Ikotun,102214,NG,NGR001,,,,
Rita Store,SECONDARY,,,EMANL,Rita,8062802757,+234,,6.549429,3.2698997,Democracy line ikotun market,,Lagos State,Ikotun,102214,NG,NGR001,,,,
Wraps and bags store,SECONDARY,,,EMANL,Wraps and bags,8066534647,+234,,6.5494264,3.2699054,Democracy line,,Lagos State,Ikotun,102214,NG,NGR001,,,,
Fatiyah store,SECONDARY,,,EMANL,Fatiyah,8062590062,+234,,6.5500346,3.2687411,"Idimu-Ikotun Road, Idimu, Alimosho, Lagos State, 100263, Nigeria",Idimu-Ikotun Road,Lagos State,Ikotun,102214,NG,NGR001,,,,
Rastad store,SECONDARY,,,EMANL,Rastad,8055124517,+234,,6.5494265,3.2699066,Democracy line,,Lagos State,Ikotun,102214,NG,NGR001,,,,
Jola fatia store,SECONDARY,,,EMANL,Fatia,8029502729,+234,,6.5500427,3.2681365,Onikotun line Mushin market,BRT lane,Lagos State,Ikotun,102214,NG,NGR001,,,,
Hassan store,SECONDARY,,,EMANL,Hassan,7051887673,+234,,6.5494233,3.2699043,Democracy line,,Lagos State,Ikotun,102214,NG,NGR001,,,,
Motunrayo store,SECONDARY,,,EMANL,Motunrayo,8103141693,+234,,6.5500188,3.2687799,OnIkotun line,Idimu-Ikotun Road,Lagos State,Ikotun,102214,NG,NGR001,,,,
Abisola children store,SECONDARY,,,EMANL,Abisola,8158488432,+234,,6.5500382,3.2687379,"AB , 19 Onikotun line,",Idimu-Ikotun Road,Lagos State,Ikotun,102214,NG,NGR001,,,,
Goodness store,SECONDARY,,,EMANL,Goodness,7038380208,+234,,6.5475756,3.2692074,Democracy line ikotun market,,Lagos State,Ikotun,102214,NG,NGR001,,,,
Lasbaby and Assesories,SECONDARY,,,EMANL,Mirabel,7035297616,+234,,6.549896,3.2691914,"A 11, Onikotun line Inside Ikotun market",Idimu-Ikotun Road,Lagos State,Ikotun,102214,NG,NGR001,,,,
Prisca Cosmetics,SECONDARY,,,EMANL,Cynthia,9040403587,+234,,6.5475756,3.2692074,Democracy Line ikotun market,,Lagos State,Ikotun,102214,NG,NGR001,,,,
Moore foodstore,SECONDARY,,,EMANL,Stella,8030753623,+234,,6.5498762,3.2691728,"Ac 15, onikotun line",Idimu-Ikotun Road,Lagos State,Ikotun,102214,NG,NGR001,,,,
God's gift place,SECONDARY,,,EMANL,God's gift,8036868767,+234,,6.5482396,3.2695218,Onikotun line,Egbe Road,Lagos State,Ikotun,102214,NG,NGR001,,,,
MumStanley store,SECONDARY,,,EMANL,Mum Stanley,7047294054,+234,,6.5489793,3.2699225,Democracy line,,Lagos State,Ikotun,102214,NG,NGR001,,,,
Monachisom store,SECONDARY,,,EMANL,Monachisom,9137788068,+234,,6.5494254,3.269899,Democracy line,,Lagos State,Ikotun,102214,NG,NGR001,,,,
Omotolani visa venture,SECONDARY,,,EMANL,Omotolani,8081542771,+234,,6.5496654,3.2695557,Onikotun line,Idimu-Ikotun Road,Lagos State,Ikotun,102214,NG,NGR001,,,,
Lola store,SECONDARY,,,EMANL,Lola,8033562019,+234,,6.5501643,3.2694006,Onikotun,Idimu-Ikotun Road,Lagos State,Ikotun,102214,NG,NGR001,,,,
GT enterprise,SECONDARY,,,EMANL,Gift,8130906370,+234,,6.5482478,3.2682643,"AJ 25, New building Ikotun",Egbe Road,Lagos State,Ikotun,102214,NG,NGR001,,,,
Mum chiamaka store,SECONDARY,,,EMANL,Mum chiamaka,9160117176,+234,,6.5497165,3.2708217,Onikotun line,,Lagos State,Ikotun,102214,NG,NGR001,,,,
Alhaja giwa store,SECONDARY,,,EMANL,Alhaja giwa,8025120994,+234,,6.5494799,3.2700042,Onikotun,,Lagos State,Ikotun,102214,NG,NGR001,,,,
God's light store,SECONDARY,,,EMANL,Ruth,8065717423,+234,,6.455187,3.3529033,B-LU -32 Council line,Malu Road,Lagos State,Alaiyabiagba,101212,NG,NGR001,,,,
Mummy Ernest,SECONDARY,,,EMANL,Mummy Ernest,7066031051,+234,,6.4504998,3.3520397,D 50 Oluwole Market Apapa,boundary (apapa)/number 3 (apapa) waterside,Lagos State,Apapa,101212,NG,NGR001,,,,
Chidiz Business Enterprise,SECONDARY,,,EMANL,Charity,9064325799,+234,,6.4512053,3.3516437,67 Oluwole Market,,Lagos State,Alaiyabiagba,101212,NG,NGR001,,,,
Best kadir store,SECONDARY,,,EMANL,Iya kadir,7066462796,+234,,6.4609247,3.3239907,G2/G3 first gate baracks line,,Lagos State,Alaiyabiagba,102102,NG,NGR001,,,,
Tony,SECONDARY,,,EMANL,Tony,8074933109,+234,,6.4503417,3.3517817,C40,boundary (apapa)/number 3 (apapa) waterside,Lagos State,Apapa,101212,NG,NGR001,,,,
Zara Mart,SECONDARY,,,EMANL,Zara,9043000661,+234,,6.464734716665315,3.3258557932454536,Pep 64,Lagos-Badagry Expressway,Lagos State,Alaiyabiagba,102102,NG,NGR001,,,,
Obi son and stores,SECONDARY,,,EMANL,Obi,8132782919,+234,,6.6073047,3.2553767,"13 a , ipaja market,",,Lagos State,Ashipa,,NG,NGR001,,,,
Adebisi store,SECONDARY,,,EMANL,Adebisi,8062515038,+234,,6.4435454,3.3689329,N0 2 tijani st ajorin market,Randle Avenue,Lagos State,Apapa,100242,NG,NGR001,,,,
Advancement store,SECONDARY,,,EMANL,Daniel,9065105681,+234,,6.6069746,3.2555948,J 13,,Lagos State,Alimosho,100276,NG,NGR001,,,,
Dynamic Moppy Ventures,SECONDARY,,,EMANL,Babalola,7030280612,+234,,6.6076759,3.2553924,Block C shop 1 owode market Ipaja,,Lagos State,Ashipa,,NG,NGR001,,,,
UC store,SECONDARY,,,EMANL,Uchenna,9074534218,+234,,6.6076321,3.2553868,"Alimosho, Lagos State, Nigeria",,Lagos State,Ashipa,,NG,NGR001,,,,
Iya ajoke,SECONDARY,,,EMANL,Iya ajoke,7083709609,+234,,6.461019,3.3239862,B247 first gate suru alaba,,Lagos State,Alaiyabiagba,102102,NG,NGR001,,,,
MIC NEWARD,SECONDARY,,,EMANL,Mic Neward,8024472161,+234,,6.4645812,3.3259925,Shop L230 Alaba market suru,,Lagos State,Alaiyabiagba,102102,NG,NGR001,,,,
Mummy Richard,SECONDARY,,,EMANL,Mummy Richard,9069303461,+234,,6.4505017,3.3519933,D 55 Oluwole Market,boundary (apapa)/number 3 (apapa) waterside,Lagos State,Apapa,101212,NG,NGR001,,,,
Iya destiny,SECONDARY,,,EMANL,Iya destiny,8052369821,+234,,6.606982,3.2556201,Ipaja market,,Lagos State,Alimosho,100276,NG,NGR001,,,,
Comfort store,SECONDARY,,,EMANL,Comfort,8160919823,+234,,6.4431734,3.3694851,461 ajorin market apapa,,Lagos State,Apapa,100242,NG,NGR001,,,,
Okiki stores,SECONDARY,,,EMANL,Okiki,8023620656,+234,,6.464818514515742,3.325784274126956,1415 pwp,Lagos-Badagry Expressway,Lagos State,Alaiyabiagba,102102,NG,NGR001,,,,
MummyBlessed store,SECONDARY,,,EMANL,Blessed,9039509980,+234,,6.464841931372586,3.3258034936836194,PWP 113,Lagos-Badagry Expressway,Lagos State,Alaiyabiagba,102102,NG,NGR001,,,,
Faith store,SECONDARY,,,EMANL,Faith,9134850399,+234,,6.4619935,3.3235238,B259 ojo road alaba suru,Suru Alaba Road,Lagos State,Alaiyabiagba,102102,NG,NGR001,,,,
God's Promise Store,SECONDARY,,,EMANL,Ige,8026855866,+234,,6.607633,3.2553947,A shop owode market ipaja,,Lagos State,Ashipa,,NG,NGR001,,,,
Mama Uche,SECONDARY,,,EMANL,Mama Uche,8038263309,+234,,6.4522171,3.3494394,C39 Oluwole Market,,Lagos State,Alaiyabiagba,101212,NG,NGR001,,,,
Iya Ashia store,SECONDARY,,,EMANL,Ronke,7044961057,+234,,6.4644451,3.3260017,Face 1 Alaba close to mosque,,Lagos State,Alaiyabiagba,102102,NG,NGR001,,,,
Misty store,SECONDARY,,,EMANL,Mistuea,8052753837,+234,,6.606596,3.2562024,Ipaja market,,Lagos State,Alimosho,100276,NG,NGR001,,,,
Mama ike store,SECONDARY,,,EMANL,Mama ike,7010758501,+234,,6.4620106,3.3235257,B265 mammy market barracks suru alaba,Suru Alaba Road,Lagos State,Alaiyabiagba,102102,NG,NGR001,,,,
Prince and princess,SECONDARY,,,EMANL,Prince and princess,8063040777,+234,,6.45061,3.3521,C38 Oluwole Market Apapa,Marine Road,Lagos State,Apapa,101212,NG,NGR001,,,,
Alfa Jamiu store,SECONDARY,,,EMANL,Alfa jamiu,9078431500,+234,,6.4429616,3.3695967,108 APLG/Anjorin market,,Lagos State,Apapa,100242,NG,NGR001,,,,
Thalimat,SECONDARY,,,EMANL,Halimat,8032101314,+234,,6.6073047,3.2553767,Inside ipaja market,,Lagos State,Ashipa,,NG,NGR001,,,,
G.O store,SECONDARY,,,EMANL,Glory okori,8067924019,+234,,6.4644051,3.3260523,Kk 18,,Lagos State,Alaiyabiagba,102102,NG,NGR001,,,,
Mummy Ella,SECONDARY,,,EMANL,Mummy Ella,8038658778,+234,,6.6062986,3.2563196,Owode market ipajaj lagos,,Lagos State,Alimosho,100276,NG,NGR001,,,,
Mama chioma store,SECONDARY,,,EMANL,Mama chioma,7064573396,+234,,6.4620127,3.3235216,D169 mammy market alaba suru,Suru Alaba Road,Lagos State,Alaiyabiagba,102102,NG,NGR001,,,,
Iya Seyi store,SECONDARY,,,EMANL,Ramat,8034811859,+234,,6.464839249584079,3.3258168903239134,758,Lagos-Badagry Expressway,Lagos State,Alaiyabiagba,102102,NG,NGR001,,,,
Taiba store,SECONDARY,,,EMANL,Taiba,8059341343,+234,,6.442776,3.3695966,106 Ajorin marketApapa,,Lagos State,Apapa,100242,NG,NGR001,,,,
Adebayo store,SECONDARY,,,EMANL,Adebayo store,7035855546,+234,,6.4643066,3.3261512,Kk Attachment,,Lagos State,Alaiyabiagba,102102,NG,NGR001,,,,
Mummy Baraka,SECONDARY,,,EMANL,Mummy Baraka,7052561852,+234,,6.4508433,3.3518033,D 37 Oluwole MarketApapa,boundary (apapa)/number 3 (apapa) waterside,Lagos State,Apapa,101212,NG,NGR001,,,,
Joe Blessing Store,SECONDARY,,,EMANL,Joe Blessing,7039775708,+234,,6.6076258,3.2572625,Owode market Ipaja lagos,,Lagos State,Alimosho,100276,NG,NGR001,,,,
Mama Kamsi,SECONDARY,,,EMANL,Angela,8060510097,+234,,6.4648408905345205,3.325813156755223,C 100,Lagos-Badagry Expressway,Lagos State,Alaiyabiagba,102102,NG,NGR001,,,,
Mummy peace store,SECONDARY,,,EMANL,Rosemary,8079072502,+234,,6.6073047,3.2553767,20D ipaja market,,Lagos State,Ashipa,,NG,NGR001,,,,
Mum blessing,SECONDARY,,,EMANL,Mum blessing,7072046393,+234,,6.4619943,3.323513,B172 alaba suru,Suru Alaba Road,Lagos State,Alaiyabiagba,102102,NG,NGR001,,,,
Iya kofo store,SECONDARY,,,EMANL,Iya kofo,8033736379,+234,,6.442776,3.3695966,Shop 501 Ajorin market Apapa,,Lagos State,Apapa,100242,NG,NGR001,,,,
Delight stores,SECONDARY,,,EMANL,Delight,8027881518,+234,,6.6076381,3.2553767,G 11 ipaja market,,Lagos State,Ashipa,,NG,NGR001,,,,
Mama chinelo store,SECONDARY,,,EMANL,Grace,8033538868,+234,,6.4643129,3.3261799,Kk 21,,Lagos State,Alaiyabiagba,102102,NG,NGR001,,,,
Onyin store,SECONDARY,,,EMANL,Onyi,9035436546,+234,,6.464840331128349,3.3258139446941213,PWP 49,Lagos-Badagry Expressway,Lagos State,Alaiyabiagba,102102,NG,NGR001,,,,
Eternity cosmetics,SECONDARY,,,EMANL,Chris,8060516473,+234,,6.6069969,3.2556093,19,,Lagos State,Alimosho,100276,NG,NGR001,,,,
Adenike store,SECONDARY,,,EMANL,Adeniyi adenike,8027610647,+234,,6.4431084,3.3695966,Shop 552 Ajorin market Apapa,,Lagos State,Apapa,100242,NG,NGR001,,,,
Awotunde store,SECONDARY,,,EMANL,Awotunde,8023681330,+234,,6.4624358,3.3237693,Shop 2 face 3 suru alaba,Suru Alaba Road,Lagos State,Alaiyabiagba,102102,NG,NGR001,,,,
Elizabeth store,SECONDARY,,,EMANL,Elizabeth,7031824596,+234,,6.6116447,3.2536963,"In frontof  18d , ipajamsrjet",,Lagos State,Alimosho,100276,NG,NGR001,,,,
Grace store,SECONDARY,,,EMANL,Grace,8168949836,+234,,6.6069982,3.2556112,17,,Lagos State,Alimosho,100276,NG,NGR001,,,,
IDOWU STORE,SECONDARY,,,EMANL,Idowu,7060574349,+234,,6.4548429,3.3515099,D 31 Oluwole Market,Malu Road,Lagos State,Alaiyabiagba,101212,NG,NGR001,,,,
Furstina Empire,SECONDARY,,,EMANL,Furstina,9124736634,+234,,6.6116433,3.2536975,24db Owode market ipaja lagos,,Lagos State,Alimosho,100276,NG,NGR001,,,,
Anuoluwapo stores,SECONDARY,,,EMANL,Anuoluwapo,9030034477,+234,,6.464842898608177,3.325805938782428,92/93,Lagos-Badagry Expressway,Lagos State,Alaiyabiagba,102102,NG,NGR001,,,,
Mandela store,SECONDARY,,,EMANL,Mandela,8026550108,+234,,6.462501,3.3238114,No 5 face 3 suru alaba,Suru Alaba Road,Lagos State,Alaiyabiagba,102102,NG,NGR001,,,,
Freaky store,SECONDARY,,,EMANL,Mummy peter,9115053738,+234,,6.6069836,3.2557539,Olori Line,,Lagos State,Alimosho,100276,NG,NGR001,,,,
Iya mirian,SECONDARY,,,EMANL,Shakirat,7085477965,+234,,6.4644189,3.3262354,Kk 136,,Lagos State,Alaiyabiagba,102102,NG,NGR001,,,,
Sukura store,SECONDARY,,,EMANL,Sukura,8037259492,+234,,6.4431084,3.3695966,Shop 78Ajorin marketApapa,,Lagos State,Apapa,100242,NG,NGR001,,,,
SkT olanrewaju Global venture,SECONDARY,,,EMANL,Oluwatoyin,8034922017,+234,,6.6079694,3.255691,"63, Alhaji mogagi market, Ipaja",,Lagos State,Ashipa,,NG,NGR001,,,,
Omotuyi store,SECONDARY,,,EMANL,Omotuyi,8145136527,+234,,6.608634,3.2560053,267,,Lagos State,Alimosho,100276,NG,NGR001,,,,
Iya Rodiat,SECONDARY,,,EMANL,Iya Rodiat,8162052662,+234,,6.464817532685684,3.3262799079119905,47 A suru,Lagos-Badagry Expressway,Lagos State,Alaiyabiagba,102102,NG,NGR001,,,,
Iya mubarak store,SECONDARY,,,EMANL,Iya mubarak,8083897626,+234,,6.4625145,3.3238733,No 21/22 Face 2 suru alaba,Suru Alaba Road,Lagos State,Alaiyabiagba,102102,NG,NGR001,,,,
Molanbolt enterprise,SECONDARY,,,EMANL,Bolabolt enterprise,8080446677,+234,,6.4431084,3.3695966,408Ajorin marketApapa,,Lagos State,Apapa,100242,NG,NGR001,,,,
Rahmat Store,SECONDARY,,,EMANL,Ramaht,9057583636,+234,,6.45062,3.352165,C 34 Oluwole Market Apapa,Marine Road,Lagos State,Apapa,101212,NG,NGR001,,,,
Mama kaycee,SECONDARY,,,EMANL,Mama kaycee,8034144163,+234,,6.464857752106592,3.326046253418016,PWP 44,Lagos-Badagry Expressway,Lagos State,Alaiyabiagba,102102,NG,NGR001,,,,
Mama Chijioke,SECONDARY,,,EMANL,Jennifer,7037527103,+234,,6.464779989101185,3.326281762173874,111 inside plaza,,Lagos State,Alaiyabiagba,102102,NG,NGR001,,,,
Fazz ventures,SECONDARY,,,EMANL,Kadiri,8099839930,+234,,6.6072,3.2560326,224,,Lagos State,Alimosho,100276,NG,NGR001,,,,
Oluchi stores,SECONDARY,,,EMANL,Oluchi,8031931105,+234,,6.6073047,3.2553767,"No 10 , Alhaja  mogagi owode Market ipaja",,Lagos State,Ashipa,,NG,NGR001,,,,
Iya aisha,SECONDARY,,,EMANL,Iya aisha,8028352807,+234,,6.4624918,3.3235778,No 3 Suru alaba mammy market,Suru Alaba Road,Lagos State,Alaiyabiagba,102102,NG,NGR001,,,,
Usman store,SECONDARY,,,EMANL,Usman,8106613903,+234,,6.4431084,3.3695966,At/476Ajorin marketApapa,,Lagos State,Apapa,100242,NG,NGR001,,,,
Iya Ayomide store,SECONDARY,,,EMANL,Adejoke,8072912188,+234,,6.4644856,3.3262943,Kk 124,,Lagos State,Alaiyabiagba,102102,NG,NGR001,,,,
Toyin Store,SECONDARY,,,EMANL,Toyin,8030423783,+234,,6.6116463,3.2536963,Shop 8 Owode market ipaja,,Lagos State,Alimosho,100276,NG,NGR001,,,,
Mama chi,SECONDARY,,,EMANL,Chijioke,8039439135,+234,,6.464779420703037,3.3262841290257765,BD 144,,Lagos State,Alaiyabiagba,102102,NG,NGR001,,,,
Alaja store,SECONDARY,,,EMANL,Alaja,8035394866,+234,,6.4431084,3.3695966,Shop 404 Anjorin market,,Lagos State,Apapa,100242,NG,NGR001,,,,
Nelson Chydy Nigeria Enterprises,SECONDARY,,,EMANL,Nelson,8067829117,+234,,6.4439381,3.3444014,Shop 28/29 Alakoto Market,,Lagos State,Alaiyabiagba,102102,NG,NGR001,,,,
Mama Amaka,SECONDARY,,,EMANL,Mama amaka,8054713505,+234,,6.4625824,3.3235511,"Shop f1,f2,f3,gi,g2 Naowa plaza suru alaba",Suru Alaba Road,Lagos State,Alaiyabiagba,102102,NG,NGR001,,,,
Ifeaco store,SECONDARY,,,EMANL,Ifeaco,7034496407,+234,,6.606879,3.2559893,235,,Lagos State,Alimosho,100276,NG,NGR001,,,,
Mama Orobo,SECONDARY,,,EMANL,Mama Orobo,9034699262,+234,,6.4548421,3.3515089,D 08 Oluwole market,Malu Road,Lagos State,Alaiyabiagba,101212,NG,NGR001,,,,
Iya ijebu,SECONDARY,,,EMANL,Ije,8071790312,+234,,6.464840128730373,3.3258153635693697,48 suru,Lagos-Badagry Expressway,Lagos State,Alaiyabiagba,102102,NG,NGR001,,,,
Bukola store,SECONDARY,,,EMANL,Bukola,8163636057,+234,,6.443059,3.3700628,Shop 481Anjorin marketApapa,Akure Street,Lagos State,Apapa,100242,NG,NGR001,,,,
Nkechi Store,SECONDARY,,,EMANL,Eze Favour,8069071851,+234,,6.4548429,3.3515098,N6 Oluwole market,Malu Road,Lagos State,Alaiyabiagba,101212,NG,NGR001,,,,
Iya Esupu,SECONDARY,,,EMANL,Iya Esupu,9031460244,+234,,6.4645651,3.3263027,Block k 6,,Lagos State,Alaiyabiagba,102102,NG,NGR001,,,,
Nikky store,SECONDARY,,,EMANL,Nneka,8020990941,+234,,6.6075895,3.2554495,Inside,,Lagos State,Ashipa,,NG,NGR001,,,,
Limotallai Store,SECONDARY,,,EMANL,Limotallai,7033699094,+234,,6.6075858,3.2554469,6C Owode market ipaja Lagos,,Lagos State,Ashipa,,NG,NGR001,,,,
Iya sherrife store,SECONDARY,,,EMANL,Iya sherrife,8029787772,+234,,6.6072741,3.2559533,116,,Lagos State,Alimosho,100276,NG,NGR001,,,,
Mama wale shop,SECONDARY,,,EMANL,Mama wale,8029243559,+234,,6.44287,3.3687701,Att/487 Ajorin market Apapa,Randle Avenue,Lagos State,Apapa,100242,NG,NGR001,,,,
Mota dep store,SECONDARY,,,EMANL,Bola,7083493612,+234,,6.4642747,3.3259688,Block 6 Alaba suru,,Lagos State,Alaiyabiagba,102102,NG,NGR001,,,,
Alaja ayoke,SECONDARY,,,EMANL,Ayoke,7033811248,+234,,6.4625479,3.3240202,Block m 25 Face 2 suru alaba,Suru Alaba Road,Lagos State,Alaiyabiagba,102102,NG,NGR001,,,,
Mama samad store,SECONDARY,,,EMANL,Mama samad,8028551015,+234,,6.4431084,3.3695966,Shop 488 Ajorin market,,Lagos State,Apapa,100242,NG,NGR001,,,,
Eze Favoi Store,SECONDARY,,,EMANL,Eze Favour,9069699768,+234,,6.4548438,3.3515106,D5 Oluwole Store 2 in One Store 5/6 joined together,Malu Road,Lagos State,Alaiyabiagba,101212,NG,NGR001,,,,
Mum miracle,SECONDARY,,,EMANL,Mum miracle,9079495440,+234,,6.6069431,3.2557553,Beside oge baker paja market,,Lagos State,Alimosho,100276,NG,NGR001,,,,
Odusanya store,SECONDARY,,,EMANL,Odusanya,8023261585,+234,,6.6071772,3.2560462,Ipaja market,,Lagos State,Alimosho,100276,NG,NGR001,,,,
Mummy benny,SECONDARY,,,EMANL,Mum benita,8037118124,+234,,6.6069735,3.2559912,233 Ipaja market,,Lagos State,Alimosho,100276,NG,NGR001,,,,
OssyStore,SECONDARY,,,EMANL,Osita,8033205641,+234,,6.6069417,3.2557564,Ipaja market,,Lagos State,Alimosho,100276,NG,NGR001,,,,
Skin solutions,SECONDARY,,,EMANL,Nwabueze,8146338229,+234,,6.608634,3.2560053,43 ipaja market,,Lagos State,Alimosho,100276,NG,NGR001,,,,
Iya kelvin,SECONDARY,,,EMANL,Iya kelvin,9164294560,+234,,6.6069432,3.2557574,Beside skin care solutions,,Lagos State,Alimosho,100276,NG,NGR001,,,,
Rich lovestores,SECONDARY,,,EMANL,Richlove,8129289963,+234,,6.6069781,3.2555914,G21,,Lagos State,Alimosho,100276,NG,NGR001,,,,
Mum bokola,SECONDARY,,,EMANL,Mum bokola,8062488426,+234,,6.4625526,3.3240113,Along bako line opp alaji ajoke suru alaba,Suru Alaba Road,Lagos State,Alaiyabiagba,102102,NG,NGR001,,,,
Iya doyin,SECONDARY,,,EMANL,Doyin,8089839285,+234,,6.4643359,3.3259764,Shop 28,,Lagos State,Alaiyabiagba,102102,NG,NGR001,,,,
Aramide store,SECONDARY,,,EMANL,Aramide,9130941241,+234,,6.6075884,3.2554501,"Alimosho, Lagos State, Nigeria",,Lagos State,Ashipa,,NG,NGR001,,,,
Al-haqq global ent,SECONDARY,,,EMANL,Ganiyat,8025857194,+234,,6.6075868,3.2554501,Owode market ipaja,,Lagos State,Ashipa,,NG,NGR001,,,,
Iya faruk store,SECONDARY,,,EMANL,Iya faruk,8034733542,+234,,6.4423383,3.3694349,Shop 83 Ajorin market,,Lagos State,Apapa,100242,NG,NGR001,,,,
Reminekun,SECONDARY,,,EMANL,Reminekun,8023101029,+234,,6.4506993,3.3526686,A01 Oluwole market apapa,Marine Road,Lagos State,Apapa,101212,NG,NGR001,,,,
Chosen Stores,SECONDARY,,,EMANL,Onyeka,9035541903,+234,,6.447314,3.3365305,Shop 56 Alakoto mrkt,Idewu Street,Lagos State,Alaiyabiagba,102102,NG,NGR001,,,,
Tope anny store,SECONDARY,,,EMANL,Tope anny,8034616151,+234,,6.4423365,3.3694334,Shop 59Ajorin market Apapa,,Lagos State,Apapa,100242,NG,NGR001,,,,
Iya jamal,SECONDARY,,,EMANL,Iya jamal,7039298185,+234,,6.4627675,3.324468,Suru bako street alabasuru,Suru Alaba Road,Lagos State,Alaiyabiagba,102102,NG,NGR001,,,,
LinkSky Store,SECONDARY,,,EMANL,Boluwatife,8161150774,+234,,6.6083089,3.2557209,Ono plaza,,Lagos State,Alimosho,100276,NG,NGR001,,,,
Reaone ventures,SECONDARY,,,EMANL,Amusat rilwan,8055158525,+234,,6.6077165,3.2557726,1 iliogun street,,Lagos State,Alimosho,100276,NG,NGR001,,,,
Abanisha store,SECONDARY,,,EMANL,Jumoke,8166556086,+234,,6.4644619,3.3262061,Kk 111,,Lagos State,Alaiyabiagba,102102,NG,NGR001,,,,
Sanusi Store,SECONDARY,,,EMANL,Sanusi,8031323185,+234,,6.4548416,3.3515058,B 05 Oluwole Market,Malu Road,Lagos State,Alaiyabiagba,101212,NG,NGR001,,,,
Twin success store,SECONDARY,,,EMANL,Twin success,8088151570,+234,,6.4424134,3.3693635,Shop 575Ajorin market Apapa,,Lagos State,Apapa,100242,NG,NGR001,,,,
Igbrude Store,SECONDARY,,,EMANL,Kate,7032253026,+234,,6.447314,3.3365305,Shop 52 Alakoto,Idewu Street,Lagos State,Alaiyabiagba,102102,NG,NGR001,,,,
Mum kalid,SECONDARY,,,EMANL,Mum kalid,7082954883,+234,,6.4629083,3.3249286,LU/A/01 bako street suru alaba,Lagos-Badagry Expressway,Lagos State,Alaiyabiagba,102102,NG,NGR001,,,,
Aunty Ngozi store,SECONDARY,,,EMANL,Ngozi,8030712795,+234,,6.4643367,3.3262794,Kk34,,Lagos State,Alaiyabiagba,102102,NG,NGR001,,,,
Tiawo Store,SECONDARY,,,EMANL,Tiawo,9030420213,+234,,6.451115,3.3522033,B35 Oluwole market apapa,Marine Road,Lagos State,Apapa,101212,NG,NGR001,,,,
Adroitfinserve,SECONDARY,,,EMANL,Nike,8135984682,+234,,6.6082715,3.2561586,Shop 13 shopping acade,,Lagos State,Alimosho,100276,NG,NGR001,,,,
Layo betty enterprise,SECONDARY,,,EMANL,Layo betty,8038577541,+234,,6.4423375,3.3694346,586 Ajorin market Apapa,,Lagos State,Apapa,100242,NG,NGR001,,,,
Shamsu store,SECONDARY,,,EMANL,Shamsu,9164549817,+234,,6.4625719,3.3235789,No 7 tiba garage suru alaba,Suru Alaba Road,Lagos State,Alaiyabiagba,102102,NG,NGR001,,,,
Maps ventures,SECONDARY,,,EMANL,Muhammad isha,8168774100,+234,,6.6071029,3.2560059,Back of Market,,Lagos State,Alimosho,100276,NG,NGR001,,,,
Oluwatoyin stores,SECONDARY,,,EMANL,Oluwatoyin,9073903645,+234,,6.607343,3.2561593,Back of market,,Lagos State,Alimosho,100276,NG,NGR001,,,,
Mama Precious Store,SECONDARY,,,EMANL,Mama Precious,7067195224,+234,,6.447314,3.3365305,Shop 50,Idewu Street,Lagos State,Alaiyabiagba,102102,NG,NGR001,,,,
Temitope store,SECONDARY,,,EMANL,Iya Asisat,9036289747,+234,,6.6082983,3.2565533,Ile ogbo str ipaja market,,Lagos State,Alimosho,100276,NG,NGR001,,,,
Abdul store,SECONDARY,,,EMANL,Abdullahi,9127692773,+234,,6.6073432,3.2561586,Back of ipaja  market,,Lagos State,Alimosho,100276,NG,NGR001,,,,
Iya hassan enterprises,SECONDARY,,,EMANL,Iya hassan,8023813674,+234,,6.442447,3.3693278,362 Ajorin store,,Lagos State,Apapa,100242,NG,NGR001,,,,
Iya Nikemo,SECONDARY,,,EMANL,Abibath,8024936316,+234,,6.4643112,3.3268795,Kk 7980,,Lagos State,Alaiyabiagba,102102,NG,NGR001,,,,
Joy store,SECONDARY,,,EMANL,Joy,9137112947,+234,,6.4627673,3.3244673,Shop ab26 suru alaba,Suru Alaba Road,Lagos State,Alaiyabiagba,102102,NG,NGR001,,,,
Fast 2k store,SECONDARY,,,EMANL,Fast 2k,8145940316,+234,,6.6071936,3.256262,Back of the market,,Lagos State,Alimosho,100276,NG,NGR001,,,,
B40 Oluwole Market Apapa,SECONDARY,,,EMANL,Alhaja Akeem,8131183588,+234,,6.4510466,3.3521889,Alhaja Akeem,Marine Road,Lagos State,Apapa,101212,NG,NGR001,,,,
Iya Amira Store,SECONDARY,,,EMANL,Iya Amira,8140984373,+234,,6.606666,3.2561494,Oja owode market ipaja,,Lagos State,Alimosho,100276,NG,NGR001,,,,
Iya Basola,SECONDARY,,,EMANL,Oluwa kemi,9129528629,+234,,6.464174,3.3255112,Bk 5 st 10,,Lagos State,Alaiyabiagba,102102,NG,NGR001,,,,
Lady B store,SECONDARY,,,EMANL,Lady B,8029902965,+234,,6.4423496,3.3692654,Shop 577 Ajorin market Apapa,,Lagos State,Apapa,100242,NG,NGR001,,,,
Maga joy store,SECONDARY,,,EMANL,Maga joy,7016763302,+234,,6.46283,3.3248734,No 75 alaba suru,Lagos-Badagry Expressway,Lagos State,Alaiyabiagba,102102,NG,NGR001,,,,
Olasubomi stores,SECONDARY,,,EMANL,Olasubomi,8081903838,+234,,6.6078849,3.2553806,E2 front line ipaja market,,Lagos State,Ashipa,,NG,NGR001,,,,
Adedonyi,SECONDARY,,,EMANL,Doyin,8159072105,+234,,6.4644517,3.3264942,Kk82,,Lagos State,Alaiyabiagba,102102,NG,NGR001,,,,
Arike store,SECONDARY,,,EMANL,Arike,7069244432,+234,,6.4423496,3.3692654,Shop 354 Ajorin market apapa,,Lagos State,Apapa,100242,NG,NGR001,,,,
Oyedepo store,SECONDARY,,,EMANL,Damilolo,9033172126,+234,,6.6076774,3.2554002,"No 132, Ipaja ayobo market",,Lagos State,Ashipa,,NG,NGR001,,,,
Moni mi ma,SECONDARY,,,EMANL,Monimi,8021088113,+234,,6.608964,3.2555311,Front ipaja market,,Lagos State,Ashipa,,NG,NGR001,,,,
Delight baby store,SECONDARY,,,EMANL,Delight,8122703834,+234,,6.6076457,3.2552444,Front of market,,Lagos State,Ashipa,,NG,NGR001,,,,
Divine Compass venture,SECONDARY,,,EMANL,Racheal,8133021842,+234,,6.6071373,3.2550823,129 Ipaja Ayobo ipaja market,,Lagos State,Alimosho,100276,NG,NGR001,,,,
EBY Enterprises,SECONDARY,,,EMANL,Eby Blessing,7039664736,+234,,6.447314,3.3365305,Shop 18 Babatunde Street,Idewu Street,Lagos State,Alaiyabiagba,102102,NG,NGR001,,,,
Omi yemi store,SECONDARY,,,EMANL,Omi yemi,8038565763,+234,,6.6076438,3.2551318,Ipaja market,,Lagos State,Alimosho,100276,NG,NGR001,,,,
Ononuju store,SECONDARY,,,EMANL,Ononuju,8081078153,+234,,6.4607785,3.3238477,IFLCDA WPE 08/09 suru alaba,,Lagos State,Alaiyabiagba,102102,NG,NGR001,,,,
Iya Aliya Store,SECONDARY,,,EMANL,Iya Aliya,7035953068,+234,,6.45102,3.3521072,B37  Oluwole Market Apapa,Marine Road,Lagos State,Apapa,101212,NG,NGR001,,,,
Ajike store,SECONDARY,,,EMANL,Ajike,8051594710,+234,,6.4634083,3.3250338,No 1261 suru alaba,Lagos-Badagry Expressway,Lagos State,Alaiyabiagba,102102,NG,NGR001,,,,
MamaIfeanyi,SECONDARY,,,EMANL,Loveth,7038459252,+234,,6.450788,3.3522445,B 35 Oluwole Marketplace,Marine Road,Lagos State,Apapa,101212,NG,NGR001,,,,
Iya fayida store,SECONDARY,,,EMANL,Orile,7088523100,+234,,6.4644036,3.3265845,Kk 71,,Lagos State,Alaiyabiagba,102102,NG,NGR001,,,,
Lateefat store,SECONDARY,,,EMANL,Lateefat,8176334637,+234,,6.4443095,3.3384194,Shop 5 Babatunde Street,,Lagos State,Alaiyabiagba,102102,NG,NGR001,,,,
Emekus shop,SECONDARY,,,EMANL,Emeka,9112817142,+234,,6.6064632,3.2551917,Front of market,,Lagos State,Ashipa,,NG,NGR001,,,,
Delmart hygine,SECONDARY,,,EMANL,Tosin,7055486359,+234,,6.6065854,3.2551874,Ipaja ayobo market road,,Lagos State,Ashipa,,NG,NGR001,,,,
Leadrose Stores,SECONDARY,,,EMANL,Kehinde,8034063605,+234,,6.6059775,3.2544339,Owode ipaja market,,Lagos State,Alimosho,100276,NG,NGR001,,,,
With God ventures,SECONDARY,,,EMANL,With God,8147670860,+234,,6.6064729,3.2550984,Ipaja market,,Lagos State,Ashipa,,NG,NGR001,,,,
Sherit divine,SECONDARY,,,EMANL,Kudirat,8070737200,+234,,6.6065558,3.2552307,132 ipaja road,,Lagos State,Ashipa,,NG,NGR001,,,,
Nikky Foodstore,SECONDARY,,,EMANL,Nikky,8102907575,+234,,6.60642,3.2553047,Owode ipaja market,,Lagos State,Ashipa,,NG,NGR001,,,,
Iya Alieo store,SECONDARY,,,EMANL,Rasida,8022513303,+234,,6.464453,3.326496,Block 81,,Lagos State,Alaiyabiagba,102102,NG,NGR001,,,,
Idrera oluwa baby store,SECONDARY,,,EMANL,Hikamah,8065084866,+234,,6.6062073,3.2549241,"Oja Ipaja road  beside vitafoam, Alimosho, Lagos State, Nigeria",,Lagos State,Ashipa,,NG,NGR001,,,,
Allahu samadi,SECONDARY,,,EMANL,Allahu samadi,8030471307,+234,,6.6065558,3.2552307,"Ipaja road, ipaja market",,Lagos State,Ashipa,,NG,NGR001,,,,
Mama Ruka,SECONDARY,,,EMANL,Mummy Ruka,7041052880,+234,,6.4506646,3.3525085,In front of Mosque by the front gate Oluwole Market Apapa,Marine Road,Lagos State,Apapa,101212,NG,NGR001,,,,
Zanu Store,SECONDARY,,,EMANL,Arinola,8083687637,+234,,6.6063668,3.2553761,128 ipaja ayobo ipaja market,,Lagos State,Ashipa,,NG,NGR001,,,,
Mummy Chi Boy,SECONDARY,,,EMANL,Mummy Chi Boy,8029710349,+234,,6.4454858,3.3375718,Shop 3 Babatunde Street,,Lagos State,Alaiyabiagba,102102,NG,NGR001,,,,
Amazing global Enterprises,SECONDARY,,,EMANL,Olajumoke,9139211720,+234,,6.6065872,3.2549607,130 ipaja ayobo ipaja market,,Lagos State,Ashipa,,NG,NGR001,,,,
Mummy Tony,SECONDARY,,,EMANL,Mummy Tony,8133869480,+234,,6.4507208,3.3517032,D52 Oluwole Market Apapa,boundary (apapa)/number 3 (apapa) waterside,Lagos State,Apapa,101212,NG,NGR001,,,,
Okafor store,SECONDARY,,,EMANL,Okafor,8034371645,+234,,6.6067297,3.255155,"Ipaja ayobo road, Oja bus stop ,Alimosho, Lagos State, Nigeria",,Lagos State,Ashipa,,NG,NGR001,,,,
Myrah-Mee Store,SECONDARY,,,EMANL,Myrah,8164659689,+234,,6.4443095,3.3384194,Shop 3,,Lagos State,Alaiyabiagba,102102,NG,NGR001,,,,
Sezanteez global nig,SECONDARY,,,EMANL,Titi,8140005655,+234,,6.6065233,3.2550433,127 delic plaza ipaja,,Lagos State,Ashipa,,NG,NGR001,,,,
Iya chino store,SECONDARY,,,EMANL,Jamal,7041512322,+234,,6.4644583,3.3264977,Kk 75,,Lagos State,Alaiyabiagba,102102,NG,NGR001,,,,
KACHIBLISS MINIMART,SECONDARY,,,EMANL,Kachi,9047364684,+234,,6.4449063,3.3379212,Shop 1 Babatunde Street,,Lagos State,Alaiyabiagba,102102,NG,NGR001,,,,
Adenike store,SECONDARY,,,EMANL,Adenike,9022732840,+234,,6.6064362,3.2552805,Ipaja market,,Lagos State,Ashipa,,NG,NGR001,,,,
Flourish stores,SECONDARY,,,EMANL,Rose ann,9132245105,+234,,6.6075856,3.2558964,G 11 ipaja market,,Lagos State,Alimosho,100276,NG,NGR001,,,,
Sevuvi store,SECONDARY,,,EMANL,Florence,8102326632,+234,,6.6065885,3.254975,"127, Delic plaza ipaja ayobo road",,Lagos State,Ashipa,,NG,NGR001,,,,
Abraham store,SECONDARY,,,EMANL,Abraham,7081086276,+234,,6.6063655,3.25537,Ipaja market,,Lagos State,Ashipa,,NG,NGR001,,,,
Croks Store,SECONDARY,,,EMANL,Iya afin Adebayo,8069186677,+234,,6.6065578,3.2550239,126,,Lagos State,Ashipa,,NG,NGR001,,,,
Olamide store,SECONDARY,,,EMANL,Olamide,9063530291,+234,,6.6065524,3.255005,Ipaja market,,Lagos State,Ashipa,,NG,NGR001,,,,
Two brothers,SECONDARY,,,EMANL,Ibrahim,7030585876,+234,,6.6070447,3.2551051,Bso ipaja market,,Lagos State,Ashipa,,NG,NGR001,,,,
BLESSING OF GOD STORES,SECONDARY,,,EMANL,Julius,8033261518,+234,,6.4455061,3.3381698,Shop 1 Babatunde roundabout,,Lagos State,Alaiyabiagba,102102,NG,NGR001,,,,
Janet store,SECONDARY,,,EMANL,Janet,8104927263,+234,,6.6065683,3.2550062,"Alimosho, Lagos State, Nigeria",,Lagos State,Ashipa,,NG,NGR001,,,,
Iya chidinma store,SECONDARY,,,EMANL,Amaka,7066984267,+234,,6.4640138,3.3251987,Kk 46,Lagos-Badagry Expressway,Lagos State,Alaiyabiagba,102102,NG,NGR001,,,,
Victoria store,SECONDARY,,,EMANL,Victoria,8125653190,+234,,6.6065938,3.2549781,Ipaja store,,Lagos State,Ashipa,,NG,NGR001,,,,
Nikccy goods,SECONDARY,,,EMANL,Nike,9025417563,+234,,6.6062969,3.2550121,136 Ipaja ayobo ipaja market,,Lagos State,Ashipa,,NG,NGR001,,,,
Mama sayide,SECONDARY,,,EMANL,Opeyemi,7057646569,+234,,6.4646014,3.3266411,Kk57,,Lagos State,Alaiyabiagba,102102,NG,NGR001,,,,
Ade ventures,SECONDARY,,,EMANL,Ade,8026393224,+234,,6.6069714,3.2553767,Maborukoje plaza shop14 owode ipaja market,,Lagos State,Alimosho,100276,NG,NGR001,,,,
Grace Super Store,SECONDARY,,,EMANL,Grace,7034341183,+234,,6.4443095,3.3384194,Shop 1 Rashidi,,Lagos State,Alaiyabiagba,102102,NG,NGR001,,,,
Amakin venture,SECONDARY,,,EMANL,Amaka,8034344504,+234,,6.607006,3.2555991,Maborukoje plaza inside ipaja market,,Lagos State,Alimosho,100276,NG,NGR001,,,,
Ukia Baby Store,SECONDARY,,,EMANL,Ukia,8061426223,+234,,6.4443095,3.3384194,Shop 1A Rashidi,,Lagos State,Alaiyabiagba,102102,NG,NGR001,,,,
Fola Store,SECONDARY,,,EMANL,Fola,8125222366,+234,,6.6077042,3.2553948,Owode market ipaja lagos,,Lagos State,Ashipa,,NG,NGR001,,,,
Vedee world enterprise,SECONDARY,,,EMANL,Vivian,8037057279,+234,,6.6079694,3.255691,"Alimosho, Lagos State, Nigeria",,Lagos State,Ashipa,,NG,NGR001,,,,
Elizabeth store,SECONDARY,,,EMANL,Elizabeth,7048919726,+234,,6.6082054,3.2553451,Ipaja market,,Lagos State,Ashipa,,NG,NGR001,,,,
Teebrass Store,SECONDARY,,,EMANL,Teebrass,8055075158,+234,,6.4455423,3.3381141,Shop 26 Alakoto model mrkt,,Lagos State,Alaiyabiagba,102102,NG,NGR001,,,,
Dara mora store,SECONDARY,,,EMANL,Dara mora,7081523142,+234,,6.6081878,3.2553669,Ipaja market,,Lagos State,Ashipa,,NG,NGR001,,,,
Mummy Victoria,SECONDARY,,,EMANL,Promise,8072833855,+234,,6.4443095,3.3384194,Shop 46 Alakoto mrkt,,Lagos State,Alaiyabiagba,102102,NG,NGR001,,,,
Oshopi enterprise,SECONDARY,,,EMANL,Abimbola,9169984193,+234,,6.6083872,3.2556391,"Alimosho, Lagos State, Nigeria",,Lagos State,Ashipa,,NG,NGR001,,,,
Shomuyiwa store,SECONDARY,,,EMANL,Shomuyiwa,8079418117,+234,,6.6089717,3.2554117,137 Ayobo road ipaja market,,Lagos State,Ashipa,,NG,NGR001,,,,
Hassan Store,SECONDARY,,,EMANL,Deborah,9135873706,+234,,6.4456271,3.3403084,Shop 13 Alakoto,,Lagos State,Alaiyabiagba,102102,NG,NGR001,,,,
Toheeb store,SECONDARY,,,EMANL,Toheeb,7054347735,+234,,6.6084983,3.2552973,Ipaja ayobo road,,Lagos State,Ashipa,,NG,NGR001,,,,
Rodeye associates,SECONDARY,,,EMANL,Rodeye,8122015574,+234,,6.6084526,3.2555435,Ipaja market,,Lagos State,Ashipa,,NG,NGR001,,,,
Mercy store,SECONDARY,,,EMANL,Mercy,8023637377,+234,,6.6077211,3.2553946,"Alimosho, Lagos State, Nigeria",,Lagos State,Ashipa,,NG,NGR001,,,,
Favour Store,SECONDARY,,,EMANL,Favour,8020595247,+234,,6.4456353,3.339049,Shop 38 Alakoto,,Lagos State,Alaiyabiagba,102102,NG,NGR001,,,,
Mama Chidi,SECONDARY,,,EMANL,Chidi,8037099429,+234,,6.4456816,3.3389667,Shop 37 Alakoto,,Lagos State,Alaiyabiagba,102102,NG,NGR001,,,,
Blessing Store,SECONDARY,,,EMANL,Blessing,8062789430,+234,,6.4454894,3.3393892,Shop 30 Alakoto,,Lagos State,Alaiyabiagba,102102,NG,NGR001,,,,
Iya Jumoke Store,SECONDARY,,,EMANL,Jumoke,9132581201,+234,,6.4460946,3.3390818,Shop 5 Alakoto,,Lagos State,Alaiyabiagba,102102,NG,NGR001,,,,
Iya Meta store,SECONDARY,,,EMANL,Chiwendu,8162593789,+234,,6.4648401476753685,3.325815358766649,PWP55,Lagos-Badagry Expressway,Lagos State,Alaiyabiagba,102102,NG,NGR001,,,,
Richac ventures,SECONDARY,,,EMANL,Richac,8096980013,+234,,6.4643699,3.3250237,Shop 2 face 2 suru alaba,Lagos-Badagry Expressway,Lagos State,Alaiyabiagba,102102,NG,NGR001,,,,
Tony stores,SECONDARY,,,EMANL,Tony,8098016426,+234,,6.464836787226744,3.3258228351293884,Sc 17,Lagos-Badagry Expressway,Lagos State,Alaiyabiagba,102102,NG,NGR001,,,,
Eze store,SECONDARY,,,EMANL,Eze,8106652713,+234,,6.4645149,3.3265001,Kk53,,Lagos State,Alaiyabiagba,102102,NG,NGR001,,,,
Alhaja stores,SECONDARY,,,EMANL,Alhaja,8033357587,+234,,6.465039476727811,3.3266434190167025,PWP 23,Alaba Oro Road,Lagos State,Alaiyabiagba,102102,NG,NGR001,,,,
Choosen store,SECONDARY,,,EMANL,Choosen store,8033526019,+234,,6.4645445,3.3252306,Face 2 suru alaba,Lagos-Badagry Expressway,Lagos State,Alaiyabiagba,102102,NG,NGR001,,,,
Iyabeji store,SECONDARY,,,EMANL,Anorefu,8063594775,+234,,6.4637259,3.3277157,Way house 19 B,,Lagos State,Alaiyabiagba,102102,NG,NGR001,,,,
Mum kcee store,SECONDARY,,,EMANL,Mum kcee,8130407819,+234,,6.4642641,3.3253791,"Shop 3, 2 face alaba suru",Lagos-Badagry Expressway,Lagos State,Alaiyabiagba,102102,NG,NGR001,,,,
Iya quadril stores,SECONDARY,,,EMANL,Tawa Yinka,7068192321,+234,,6.464884427946478,3.326576257992174,PWP 24,Alaba Oro Road,Lagos State,Alaiyabiagba,102102,NG,NGR001,,,,
Lizzy store,SECONDARY,,,EMANL,Lizzy,7064609876,+234,,6.4642533,3.3253876,Shop 253 face 2 suru alaba,Lagos-Badagry Expressway,Lagos State,Alaiyabiagba,102102,NG,NGR001,,,,
Hand of God,SECONDARY,,,EMANL,Blessing,8035196213,+234,,6.4645198,3.3269119,Way house 20,,Lagos State,Alaiyabiagba,102102,NG,NGR001,,,,
Mummy amaka store,SECONDARY,,,EMANL,Mummy amaka,7037933770,+234,,6.6007644,3.2871302,66,,Lagos State,Alimosho,102213,NG,NGR001,,,,
God's goodness mothercare baby store,SECONDARY,,,EMANL,Sylvia,8169686418,+234,,6.5990711,3.2912188,24b egbeda market,Egbeda-Idimu Road,Lagos State,Ikotun,102213,NG,NGR001,,,,
Mum blessing store,SECONDARY,,,EMANL,Mum blessing,8033914872,+234,,6.4642321,3.3254495,Shop 255 Face 2 suru alaba,Lagos-Badagry Expressway,Lagos State,Alaiyabiagba,102102,NG,NGR001,,,,
Blessed beginning,SECONDARY,,,EMANL,Abike,7043742651,+234,,6.6004022,3.2915333,Shop 7 Aregbesola shopping complex Gowon estate Egbeda,Egbeda-Idimu Road,Lagos State,Ikotun,102213,NG,NGR001,,,,
God's faithfulness mother care,SECONDARY,,,EMANL,Faith,8060431780,+234,,6.6014,3.2918478,Shop 11 block b,Egbeda-Idimu Road,Lagos State,Ikotun,102213,NG,NGR001,,,,
Iya femi mike store,SECONDARY,,,EMANL,Esther,8059628335,+234,,6.4645124,3.3269591,Kk 7,,Lagos State,Alaiyabiagba,102102,NG,NGR001,,,,
Nonso store,SECONDARY,,,EMANL,Nonso,8035834764,+234,,6.4640166,3.3254568,No 5 face 2 suru  alaba,,Lagos State,Alaiyabiagba,102102,NG,NGR001,,,,
Leppard brothers baking,SECONDARY,,,EMANL,Leopard brothers,9132827239,+234,,6.6013979,3.2921624,Beside Gods faithfulness,Egbeda-Idimu Road,Lagos State,Ikotun,102213,NG,NGR001,,,,
Munakay  store,SECONDARY,,,EMANL,Precious,8106069436,+234,,6.6007541,3.2887027,10,,Lagos State,Alimosho,102213,NG,NGR001,,,,
Iya Quadri store,SECONDARY,,,EMANL,Misturat,7068191295,+234,,6.464883132655767,3.326576558132348,40 suru,Alaba Oro Road,Lagos State,Alaiyabiagba,102102,NG,NGR001,,,,
Ujunwa store,SECONDARY,,,EMANL,Ujunwa,7034399375,+234,,6.4645542,3.3269999,Attachment 6 jujin plaza,,Lagos State,Alaiyabiagba,102102,NG,NGR001,,,,
God is able store,SECONDARY,,,EMANL,Mummy Amarachi,9035793289,+234,,6.6004352,3.2865012,"No 11, Gowon estate shopping plaza  Egbeda, Alimosho, Lagos State, 100276, Nigeria",,Lagos State,Alimosho,102213,NG,NGR001,,,,
Oge rice store,SECONDARY,,,EMANL,Oga rice,8168825517,+234,,6.4640173,3.3254577,Shop 8 face 2 suru alaba,,Lagos State,Alaiyabiagba,102102,NG,NGR001,,,,
Pure and sure resources,SECONDARY,,,EMANL,Pure and sure,9153060110,+234,,6.6009612,3.2910963,12,,Lagos State,Alimosho,102213,NG,NGR001,,,,
Adugo Cosmetics,SECONDARY,,,EMANL,Adugo,9167731933,+234,,6.5987378,3.2912188,Shop 21 new complex egbeda,Egbeda-Idimu Road,Lagos State,Ikotun,102213,NG,NGR001,,,,
Iya okada,SECONDARY,,,EMANL,Okada,8024082769,+234,,6.464522,3.3270714,Bk 7 126,,Lagos State,Alaiyabiagba,102102,NG,NGR001,,,,
Iya rukiba store,SECONDARY,,,EMANL,Iya rukiba,8027013927,+234,,6.463395,3.3254724,61/62 alaba face 2,,Lagos State,Alaiyabiagba,102102,NG,NGR001,,,,
Abiola stores,SECONDARY,,,EMANL,Abiola,7046066066,+234,,6.465272801915622,3.3267654413010437,PWP 1,Alaba Oro Road,Lagos State,Alaiyabiagba,102102,NG,NGR001,,,,
Nkechi Store,SECONDARY,,,EMANL,Nkechi,8135273724,+234,,6.6010201,3.2911225,Shop 17 new complex egbeda market,,Lagos State,Alimosho,102213,NG,NGR001,,,,
Mummy Sharon store,SECONDARY,,,EMANL,Mummy Sharon,7068464298,+234,,6.5987399,3.2909043,"Gowon estate market Egbeda-Idimu Road, Alimosho, Lagos State, Nigeria",Egbeda-Idimu Road,Lagos State,Ikotun,102213,NG,NGR001,,,,
Ojinnka store,SECONDARY,,,EMANL,Ojinnka,8068513063,+234,,6.6011224,3.290968,42,,Lagos State,Alimosho,102213,NG,NGR001,,,,
Bola nice store,SECONDARY,,,EMANL,Bola,8034945917,+234,,6.4631022,3.3255491,No 63 Face 2 alaba suru,,Lagos State,Alaiyabiagba,102102,NG,NGR001,,,,
Iya Ashia store,SECONDARY,,,EMANL,Ashia,8135826636,+234,,6.4647095,3.3257272,Shop A close to Gate,,Lagos State,Alaiyabiagba,102102,NG,NGR001,,,,
Ever green baby,SECONDARY,,,EMANL,Esther,8064759490,+234,,6.46510357192155,3.326780068430946,3 suru,Alaba Oro Road,Lagos State,Alaiyabiagba,102102,NG,NGR001,,,,
Mama Chioma Store,SECONDARY,,,EMANL,Mama Chioma,7066229881,+234,,6.6017292,3.2924769,Shop 19 new complex egbeda,,Lagos State,Alimosho,102213,NG,NGR001,,,,
James store,SECONDARY,,,EMANL,James,8124840133,+234,,6.6007437,3.2902753,Gowon estate market road,,Lagos State,Alimosho,102213,NG,NGR001,,,,
Mamanastires,SECONDARY,,,EMANL,Mama nna,8034369751,+234,,6.6006178,3.2916408,Fifth Avenue gowon estate,,Lagos State,Alimosho,102213,NG,NGR001,,,,
Basma global,SECONDARY,,,EMANL,Basma,7064026594,+234,,6.6010098,3.2911159,19 rauf aregbesola complex,,Lagos State,Alimosho,102213,NG,NGR001,,,,
Easy gain store,SECONDARY,,,EMANL,Yusuf,8066244884,+234,,6.4629772,3.3257906,No 48 face 2 alaba suru,,Lagos State,Alaiyabiagba,102102,NG,NGR001,,,,
Oyins stores,SECONDARY,,,EMANL,Oyin,8128225202,+234,,6.600769,3.2907652,"Alimosho, Lagos State, 100276, Nigeria",,Lagos State,Alimosho,102213,NG,NGR001,,,,
Mum vera,SECONDARY,,,EMANL,Mum vera,7039477305,+234,,6.6007153,3.2897498,12 gowon estate road market,,Lagos State,Alimosho,102213,NG,NGR001,,,,
Miracle store,SECONDARY,,,EMANL,Mircle,8024840133,+234,,6.600795,3.2906116,"No, 1 and 2 Gowon market, Egbeda",,Lagos State,Alimosho,102213,NG,NGR001,,,,
Iyabeji store,SECONDARY,,,EMANL,Iyabeji,9016514600,+234,,6.4647066,3.3257273,Shop 1 close to mosque,,Lagos State,Alaiyabiagba,102102,NG,NGR001,,,,
Iya bola store,SECONDARY,,,EMANL,Iya bola,7061000473,+234,,6.4431043,3.3702266,Shop 393 Ajorin market Apapa,Akure Street,Lagos State,Apapa,100242,NG,NGR001,,,,
Chosen mopol stores,SECONDARY,,,EMANL,Justina,8034053840,+234,,6.465071160707739,3.3265989276899717,30 pwp,Alaba Oro Road,Lagos State,Alaiyabiagba,102102,NG,NGR001,,,,
Islamiyat store,SECONDARY,,,EMANL,Islamiyat sulaimon,8161839882,+234,,6.6013808,3.291923,Aregbesola complex in front of leopard brothers,Egbeda-Idimu Road,Lagos State,Ikotun,102213,NG,NGR001,,,,
Mummy caleb,SECONDARY,,,EMANL,Mum caleb,8169703662,+234,,6.6007337,3.2897176,Gown estate market road,,Lagos State,Alimosho,102213,NG,NGR001,,,,
Iya mimi store,SECONDARY,,,EMANL,Iya mimi,8143173178,+234,,6.4640162,3.3254561,No 179 suru alaba,,Lagos State,Alaiyabiagba,102102,NG,NGR001,,,,
Soluchukwu,SECONDARY,,,EMANL,Soluchukwu,8067022239,+234,,6.4458546,3.3384277,Shop 16 Alakoto,,Lagos State,Alaiyabiagba,102102,NG,NGR001,,,,
Iyabeji store,SECONDARY,,,EMANL,Nike,9079814646,+234,,6.4647083,3.3257285,Shop 2 close  to mosque,,Lagos State,Alaiyabiagba,102102,NG,NGR001,,,,
Jk store,SECONDARY,,,EMANL,Juliet,8064421180,+234,,6.6008078,3.2906108,"Gowon estate , Alimosho, Lagos State, 100276, Nigeria",,Lagos State,Alimosho,102213,NG,NGR001,,,,
Iya Usman store,SECONDARY,,,EMANL,Iya usman,8021112625,+234,,6.4425712,3.3690362,Att/ 600 Ajorin market Apapa,,Lagos State,Apapa,100242,NG,NGR001,,,,
Mama yusuf,SECONDARY,,,EMANL,Mama yusuf,8038623763,+234,,6.4593682,3.323625,No 168 face 2 suru alaba,,Lagos State,Alaiyabiagba,102102,NG,NGR001,,,,
Dorcas store,SECONDARY,,,EMANL,Dorcas,8037852335,+234,,6.6008129,3.2906128,Divine plaza,,Lagos State,Alimosho,102213,NG,NGR001,,,,
Jk frozen food,SECONDARY,,,EMANL,Jk,8029105962,+234,,6.6006245,3.2916634,Bishop Street,,Lagos State,Alimosho,102213,NG,NGR001,,,,
Iya aisha,SECONDARY,,,EMANL,Iya a' i,7041031210,+234,,6.4639303,3.3252741,No 248 face 2 suru alaba,Lagos-Badagry Expressway,Lagos State,Alaiyabiagba,102102,NG,NGR001,,,,
SMD Food mart,SECONDARY,,,EMANL,Omodara,7088957023,+234,,6.4461645,3.3391295,Shop 41 Alakoto,,Lagos State,Alaiyabiagba,102102,NG,NGR001,,,,
Sakirat store,SECONDARY,,,EMANL,Shakirat,8083931255,+234,,6.44257,3.3690358,Shop 343 Ajorin market,,Lagos State,Apapa,100242,NG,NGR001,,,,
Rufia store,SECONDARY,,,EMANL,Rufia,8122976701,+234,,6.4645795,3.3258259,Shop 5 close to mosque,,Lagos State,Alaiyabiagba,102102,NG,NGR001,,,,
Chibest Beauty store,SECONDARY,,,EMANL,Chibest,9078956915,+234,,6.600766,3.2896054,"Shop 44, Gowon estate, Egbeda",,Lagos State,Alimosho,102213,NG,NGR001,,,,
Ebunoluwa store,SECONDARY,,,EMANL,Ebunoluwa,9021655151,+234,,6.4646836,3.3257511,Shop 8,,Lagos State,Alaiyabiagba,102102,NG,NGR001,,,,
Mrs Ibrahim store,SECONDARY,,,EMANL,Ibrahim,7087225548,+234,,6.4425696,3.3690359,Shop 171 Ajorin market,,Lagos State,Apapa,100242,NG,NGR001,,,,
Up Jesus store,SECONDARY,,,EMANL,Up Jesus,8037343880,+234,,6.600658,3.2916659,Bishop Street,,Lagos State,Alimosho,102213,NG,NGR001,,,,
112 trove venture,SECONDARY,,,EMANL,Trove venture,8052369745,+234,,6.6006413,3.2919629,Egbeda market road,Egbeda-Idimu Road,Lagos State,Ikotun,102213,NG,NGR001,,,,
Prince nnana & Bros Enterprises,SECONDARY,,,EMANL,Nnanna,8033341899,+234,,6.464673240871392,3.325905674916752,Block A 19,,Lagos State,Alaiyabiagba,102102,NG,NGR001,,,,
Peace and Trust Stores,SECONDARY,,,EMANL,Alhaja,8028125149,+234,,6.6007607,3.2914628,Ararat street egbeda market,,Lagos State,Alimosho,102213,NG,NGR001,,,,
Mum pelumi,SECONDARY,,,EMANL,Mum pelumi,7046222597,+234,,6.462976,3.3257876,No 156 face 2 suru alaba,,Lagos State,Alaiyabiagba,102102,NG,NGR001,,,,
Iya Aruke store,SECONDARY,,,EMANL,Aruke,7083866220,+234,,6.4646498,3.3258087,Shop 12 close to mosque,,Lagos State,Alaiyabiagba,102102,NG,NGR001,,,,
Sheu saida enterprise,SECONDARY,,,EMANL,Sheu saida,8114449361,+234,,6.4425672,3.3690233,Shop 135 Ajorin market,,Lagos State,Apapa,100242,NG,NGR001,,,,
Prince stores,SECONDARY,,,EMANL,Prince,8102700329,+234,,6.464543435543167,3.3259563214991905,20 block A,,Lagos State,Alaiyabiagba,102102,NG,NGR001,,,,
Dami store,SECONDARY,,,EMANL,Dami,8060082551,+234,,6.4643054,3.3255542,Shop 13 close to mosque,,Lagos State,Alaiyabiagba,102102,NG,NGR001,,,,
NimotaAndrews oil stores,SECONDARY,,,EMANL,Nimota,9076292827,+234,,6.6002626,3.2918613,Egbeda market road,Egbeda-Idimu Road,Lagos State,Ikotun,102213,NG,NGR001,,,,
Grace and Grace Store 183 Kirikiri Road by People's  Bus bus,SECONDARY,,,EMANL,Grace and Grace,8035082015,+234,,6.4479655,3.3269262,183 Kirikiri Road by Peoples Bus Stop,,Lagos State,Alaiyabiagba,102102,NG,NGR001,,,,
Cyntone herbal skincare,SECONDARY,,,EMANL,Cyntone,7082108610,+234,,6.5996521,3.2926663,Egbeda,Akowonjo Road,Lagos State,Alimosho,102213,NG,NGR001,,,,
IYA BEJI,SECONDARY,,,EMANL,Iya Beji,9161123110,+234,,6.4456353,3.339049,Shop 39 Alakoto,,Lagos State,Alaiyabiagba,102102,NG,NGR001,,,,
Mama Twins store,SECONDARY,,,EMANL,Mama  twins,8022834381,+234,,6.4423526,3.3691873,Shop 639 Ajorin narket,,Lagos State,Apapa,100242,NG,NGR001,,,,
Iya Muturah store,SECONDARY,,,EMANL,Ojurongbe,8156091903,+234,,6.4644032,3.325718,Shop 14 close to mosque,,Lagos State,Alaiyabiagba,102102,NG,NGR001,,,,
A.A oluwaseyi NG Enterprises,SECONDARY,,,EMANL,Oluwaseyi,8032807718,+234,,6.464554730524587,3.325966045858008,Block A 17,,Lagos State,Alaiyabiagba,102102,NG,NGR001,,,,
Mutiyat store,SECONDARY,,,EMANL,Mutiyat,8145713555,+234,,6.4422028,3.3691425,146 Ajorin market,,Lagos State,Apapa,100242,NG,NGR001,,,,
God's Favour,SECONDARY,,,EMANL,God's Favour,8034292115,+234,,6.4476109,3.326997,172 Nwaibee Street Apapa,,Lagos State,Alaiyabiagba,102102,NG,NGR001,,,,
Mum Efe store,SECONDARY,,,EMANL,Efenuku,8162709114,+234,,6.4628067,3.3251954,Shop 16 close to mosque,Lagos-Badagry Expressway,Lagos State,Alaiyabiagba,102102,NG,NGR001,,,,
Fg store,SECONDARY,,,EMANL,Rachel,9026887365,+234,,6.5990328,3.2920505,1 karimu street,,Lagos State,Alimosho,102213,NG,NGR001,,,,
Mallam Muhamed kiosk,SECONDARY,,,EMANL,Mallam muhammed,9076353460,+234,,6.5987378,3.2912188,Karimu laka egbeda,Egbeda-Idimu Road,Lagos State,Ikotun,102213,NG,NGR001,,,,
Jessys world,SECONDARY,,,EMANL,Mummy Jessy,8057056748,+234,,6.464703946619539,3.325883245031366,152 suru,,Lagos State,Alaiyabiagba,102102,NG,NGR001,,,,
Bukun oluwa store,SECONDARY,,,EMANL,Bukun oluwa store,8023994156,+234,,6.4421673,3.3690691,No 9 bukunleAjorin market apapa,,Lagos State,Apapa,100242,NG,NGR001,,,,
Iya iruke,SECONDARY,,,EMANL,Eruke,7082116389,+234,,6.4644094,3.3256847,Shop 15 close to mosque,,Lagos State,Alaiyabiagba,102102,NG,NGR001,,,,
Dammysam stores,SECONDARY,,,EMANL,Dammy,7077061894,+234,,6.6006619,3.291985,Egbeda market road,Egbeda-Idimu Road,Lagos State,Ikotun,102213,NG,NGR001,,,,
Mama Ebuka Store,SECONDARY,,,EMANL,Mama Ebuka,8033794512,+234,,6.4473699,3.3269006,172 Kirikiri Road,,Lagos State,Alaiyabiagba,102102,NG,NGR001,,,,
Foladayo food and beverages,SECONDARY,,,EMANL,Fola,9051770725,+234,,6.5986193,3.2923009,Karimu street egbeda market,,Lagos State,Alimosho,102213,NG,NGR001,,,,
Letter f baby variety store,SECONDARY,,,EMANL,F baby,8023204680,+234,,6.5985738,3.292211,Karimu,,Lagos State,Alimosho,102213,NG,NGR001,,,,
Olaoluwa store,SECONDARY,,,EMANL,Olaoluwa,8075144019,+234,,6.4422064,3.3691597,Shop 635 Ajorin market,,Lagos State,Apapa,100242,NG,NGR001,,,,
Adamu store,SECONDARY,,,EMANL,Adamu,9169452292,+234,,6.4630689,3.3254116,No 48  face 2 suru alaba,Lagos-Badagry Expressway,Lagos State,Alaiyabiagba,102102,NG,NGR001,,,,
Mummy Bisi Store,SECONDARY,,,EMANL,Mummy Bisi Store,7010842608,+234,,6.4474496,3.3269351,2 Place Road Kirikiri,,Lagos State,Alaiyabiagba,102102,NG,NGR001,,,,
Bukky store,SECONDARY,,,EMANL,Bukky,7077323412,+234,,6.4421601,3.3688855,Shop 163 Ajorin market,,Lagos State,Apapa,100242,NG,NGR001,,,,
Alhaji Munira store,SECONDARY,,,EMANL,Munira,9167665317,+234,,6.464703946619539,3.325883245031366,126 suru,,Lagos State,Alaiyabiagba,102102,NG,NGR001,,,,
Iya shaki store,SECONDARY,,,EMANL,Iya shaki,8109689336,+234,,6.4593682,3.323625,No 48 face 3 suru alaba,,Lagos State,Alaiyabiagba,102102,NG,NGR001,,,,
Baker's spot,SECONDARY,,,EMANL,Jennifer,9137393081,+234,,6.5983002,3.2922879,Karimu street,,Lagos State,Alimosho,102213,NG,NGR001,,,,
JNT store,SECONDARY,,,EMANL,Mummy Nike,7068725922,+234,,6.5983826,3.2923441,Karimu laka street egbeda,,Lagos State,Alimosho,102213,NG,NGR001,,,,
Vine stores,SECONDARY,,,EMANL,Chinwe,7047640777,+234,,6.5980754,3.2905898,1 apostle ruafi egbeda,Egbeda-Idimu Road,Lagos State,Ikotun,102213,NG,NGR001,,,,
Onyi Best Supermarket,SECONDARY,,,EMANL,Onyinye,8066071313,+234,,6.4484405,3.3269899,"174 kirikiri, peoples market",,Lagos State,Alaiyabiagba,102102,NG,NGR001,,,,
Obikem store,SECONDARY,,,EMANL,Ann,8035825741,+234,,6.5993442,3.2927706,"Akinsanya Ogunlana Street, Alimosho, Lagos State, Nigeria",Akinsanya Ogunlana Street,Lagos State,Alimosho,102213,NG,NGR001,,,,
Oueen London,SECONDARY,,,EMANL,Queen London,8033334776,+234,,6.4472111,3.3253784,"Muyibi Street, Ajegunle.",Muyibi Street,Lagos State,Alaiyabiagba,102102,NG,NGR001,,,,
Mum treasure store,SECONDARY,,,EMANL,Mum treasure,8107083114,+234,,6.4635798,3.3245631,No 6 face 3 alaba suru,Lagos-Badagry Expressway,Lagos State,Alaiyabiagba,102102,NG,NGR001,,,,
Treasure Cosmetics,SECONDARY,,,EMANL,Odubela,9033868776,+234,,6.5987357,3.2915333,Karimu laka street egbeda,,Lagos State,Alimosho,102213,NG,NGR001,,,,
Mummy Kelechi store,SECONDARY,,,EMANL,Cordelia,9031115752,+234,,6.4477242,3.3245692,174b kirikiri peoples mrkt,Kirikiri Road,Lagos State,Alaiyabiagba,102102,NG,NGR001,,,,
Comfortstore,SECONDARY,,,EMANL,Comfort,8132739653,+234,,6.5986327,3.2915337,Apostle rauf street,,Lagos State,Alimosho,102213,NG,NGR001,,,,
Mummy Precious Store,SECONDARY,,,EMANL,Mummy Precious,8023006981,+234,,6.447254,3.3254676,17 palace road,Muyibi Street,Lagos State,Alaiyabiagba,102102,NG,NGR001,,,,
Chosen glory store,SECONDARY,,,EMANL,Chosen glory,9125092784,+234,,6.4635801,3.3245636,"Shop no 1 block A, face 2 plaza alaba suru",Lagos-Badagry Expressway,Lagos State,Alaiyabiagba,102102,NG,NGR001,,,,
Gifted hand store,SECONDARY,,,EMANL,Sumonu,8147477120,+234,,6.5985349,3.2915804,Apostle rufia street,,Lagos State,Alimosho,102213,NG,NGR001,,,,
Adex store,SECONDARY,,,EMANL,Olayiwole,7016005177,+234,,6.5978698,3.2921939,Karimu street,,Lagos State,Alimosho,102213,NG,NGR001,,,,
Fine choice store,SECONDARY,,,EMANL,Fine choice,9063215325,+234,,6.4421218,3.3693216,N0 11 ibikunle Ajorin market,,Lagos State,Apapa,100242,NG,NGR001,,,,
Midetee honey ventures,SECONDARY,,,EMANL,Ayodele,8033188994,+234,,6.598003,3.2922038,Karimu laka street egbeda market,,Lagos State,Alimosho,102213,NG,NGR001,,,,
Gift store,SECONDARY,,,EMANL,Gift,9033900544,+234,,6.4462639,3.3274138,3 palai Road,,Lagos State,Alaiyabiagba,102102,NG,NGR001,,,,
Chibest stores,SECONDARY,,,EMANL,Madam chi,7033292331,+234,,6.464918121278759,3.3260559263418585,148 blockD,Lagos-Badagry Expressway,Lagos State,Alaiyabiagba,102102,NG,NGR001,,,,
Mum Ejima,SECONDARY,,,EMANL,Mum Ejima,8067898884,+234,,6.4637859,3.324473,No 87 face 3 suru alaba,Lagos-Badagry Expressway,Lagos State,Alaiyabiagba,102102,NG,NGR001,,,,
Ranti Store,SECONDARY,,,EMANL,Ranti,9073614048,+234,,6.5984809,3.2910074,Orelope plaza,Egbeda-Idimu Road,Lagos State,Ikotun,102213,NG,NGR001,,,,
Joy stores,SECONDARY,,,EMANL,Joy,8083660438,+234,,6.464742435458348,3.325672598118119,147 block,,Lagos State,Alaiyabiagba,102102,NG,NGR001,,,,
Francis Store,SECONDARY,,,EMANL,Francis,7055489574,+234,,6.4533582,3.3274019,Shop 21 arowoyabuna peoples,,Lagos State,Alaiyabiagba,102102,NG,NGR001,,,,
Temitope store,SECONDARY,,,EMANL,Temitope,8120008329,+234,,6.4413342,3.3700705,Shop A1 ibikunle Ajorin market Apapa,,Lagos State,Apapa,100242,NG,NGR001,,,,
Mum Nmesu,SECONDARY,,,EMANL,Mum Nmesu,8130935938,+234,,6.4593682,3.323625,No 3 face alaba suru,,Lagos State,Alaiyabiagba,102102,NG,NGR001,,,,
Iya Abibe,SECONDARY,,,EMANL,Iya Abibe,7032794771,+234,,6.4473033,3.326595,4 Palace Road,Muyibi Street,Lagos State,Alaiyabiagba,102102,NG,NGR001,,,,
Iya kasara store,SECONDARY,,,EMANL,Kasara,9079797454,+234,,6.4645265,3.3257513,Shop 5 close to mosque,,Lagos State,Alaiyabiagba,102102,NG,NGR001,,,,
Aishat sherifat store,SECONDARY,,,EMANL,Aishat sherifat isa,8039328259,+234,,6.5978673,3.2920532,Razak street,,Lagos State,Alimosho,102213,NG,NGR001,,,,
Mama Ajoke stores,SECONDARY,,,EMANL,Mummy Ajoke,8054663853,+234,,6.464878866233297,3.326158521355519,Block D 164,Lagos-Badagry Expressway,Lagos State,Alaiyabiagba,102102,NG,NGR001,,,,
Sarah store,SECONDARY,,,EMANL,Sarah,9057579837,+234,,6.4406505,3.3689898,"N0 8 adele,  Apapa",,Lagos State,Apapa,100242,NG,NGR001,,,,
Iya Amira,SECONDARY,,,EMANL,Basira,8125387001,+234,,6.4645633,3.325743,Face 2 Alaba suru,,Lagos State,Alaiyabiagba,102102,NG,NGR001,,,,
Aramide store,SECONDARY,,,EMANL,Aramide,8060372008,+234,,6.5980174,3.2917976,2 lazan,,Lagos State,Alimosho,102213,NG,NGR001,,,,
Cy-Mac Multi Concept,SECONDARY,,,EMANL,Cy,8066643731,+234,,6.4469162,3.3269875,210 Idewu Road by Peoples Bus Stop Ajegunle,,Lagos State,Alaiyabiagba,102102,NG,NGR001,,,,
Mama Ejima baby shop,SECONDARY,,,EMANL,Ejima,8064392524,+234,,6.464870757636983,3.3258782924724004,Block D 163,Lagos-Badagry Expressway,Lagos State,Alaiyabiagba,102102,NG,NGR001,,,,
IFECO,SECONDARY,,,EMANL,Ifeanyi,8034646046,+234,,6.4492663,3.3267682,Shop 22 Arowoyabuna peoples,,Lagos State,Alaiyabiagba,102102,NG,NGR001,,,,
Folarin Store,SECONDARY,,,EMANL,Remilekun,7061464294,+234,,6.5978753,3.2920397,2 Alhaji razaq egbeda,,Lagos State,Alimosho,102213,NG,NGR001,,,,
Iya Ajoke store,SECONDARY,,,EMANL,Ajoke,8029092705,+234,,6.4646799,3.3257785,Entrance of face two Alaba suru,,Lagos State,Alaiyabiagba,102102,NG,NGR001,,,,
Laide store,SECONDARY,,,EMANL,Laide,7035878747,+234,,6.4422187,3.3691449,Shop 635 Ajorin market,,Lagos State,Apapa,100242,NG,NGR001,,,,
Mummy Ejima,SECONDARY,,,EMANL,Mummy Ejima,8103297175,+234,,6.4466317,3.3267283,161 Idowu palace road,Idewu Street,Lagos State,Alaiyabiagba,102102,NG,NGR001,,,,
Yah-lateef yaa-salam,SECONDARY,,,EMANL,Alhaja,8032403140,+234,,6.598053,3.2917594,Apos Rufai street Egbeda,,Lagos State,Alimosho,102213,NG,NGR001,,,,
Iya kafaya store,SECONDARY,,,EMANL,Kafaya,9014381765,+234,,6.4644069,3.3260438,Bk 6,,Lagos State,Alaiyabiagba,102102,NG,NGR001,,,,
Iya lukmon store,SECONDARY,,,EMANL,Iya lukman,8021479950,+234,,6.4424456,3.3692816,358 Ajorin market Apapa,,Lagos State,Apapa,100242,NG,NGR001,,,,
Zeanas store,SECONDARY,,,EMANL,Lydia,9024695739,+234,,6.5980671,3.2918478,Alhaji razak,,Lagos State,Alimosho,102213,NG,NGR001,,,,
Felicia Store,SECONDARY,,,EMANL,Felicia,8061641101,+234,,6.4466662,3.3268148,210 Idowu,Idewu Street,Lagos State,Alaiyabiagba,102102,NG,NGR001,,,,
Mama Chidinma store,SECONDARY,,,EMANL,Chidinma,8139446790,+234,,6.463761035980082,3.3242483328704786,197 opp block d,Lagos-Badagry Expressway,Lagos State,Alaiyabiagba,102102,NG,NGR001,,,,
Bola store,SECONDARY,,,EMANL,Bola,9016693853,+234,,6.4424456,3.3692816,Shop 570 Ajorin Market Apapa,,Lagos State,Apapa,100242,NG,NGR001,,,,
Darasimi store,SECONDARY,,,EMANL,Darasimi,7066992307,+234,,6.4646959299925815,3.3256040533302036,BlockD 162,,Lagos State,Alaiyabiagba,102102,NG,NGR001,,,,
Chrismed Venture,SECONDARY,,,EMANL,Christian,8050735135,+234,,6.5978007,3.2916308,Alhaji razaq str egbeda,,Lagos State,Alimosho,102213,NG,NGR001,,,,
Shade store,SECONDARY,,,EMANL,Shade,7046371307,+234,,6.4430441,3.3689547,Shop 252 Ajorin market Apapa,Randle Avenue,Lagos State,Apapa,100242,NG,NGR001,,,,
Adebike store,SECONDARY,,,EMANL,Adebike,8080759350,+234,,6.4645907,3.3263705,Bk 5 106,,Lagos State,Alaiyabiagba,102102,NG,NGR001,,,,
Okikiola food store,SECONDARY,,,EMANL,Okikioka,8026369493,+234,,6.5980646,3.291777,Razaq street egbeda,,Lagos State,Alimosho,102213,NG,NGR001,,,,
Amaka stores,SECONDARY,,,EMANL,Amaka,7049121716,+234,,6.4637527942899276,3.324236207888027,195 ooo block D,Lagos-Badagry Expressway,Lagos State,Alaiyabiagba,102102,NG,NGR001,,,,
Iya Rodai,SECONDARY,,,EMANL,Rodia,8058249060,+234,,6.4645945,3.3263701,Kk 21,,Lagos State,Alaiyabiagba,102102,NG,NGR001,,,,
Mama Ezechi,SECONDARY,,,EMANL,onyekachi Josephine,7025472857,+234,,6.464640275984137,3.326613598273086,D 157,,Lagos State,Alaiyabiagba,102102,NG,NGR001,,,,
Ajola store,SECONDARY,,,EMANL,Tama,8027608211,+234,,6.4644201,3.3261734,Bq 80,,Lagos State,Alaiyabiagba,102102,NG,NGR001,,,,
Temtolag store,SECONDARY,,,EMANL,Florence,8034332431,+234,,6.5978923,3.2920177,Razat street,,Lagos State,Alimosho,102213,NG,NGR001,,,,
Iya kanu food Stufg,SECONDARY,,,EMANL,Olutade,8136325000,+234,,6.5978041,3.2916307,4 alhaji Hassan,,Lagos State,Alimosho,102213,NG,NGR001,,,,
Mama Igbaja,SECONDARY,,,EMANL,Igbaja mum,8036916462,+234,,6.464702077046919,3.3258893758513883,B 44 Alaba,,Lagos State,Alaiyabiagba,102102,NG,NGR001,,,,
Ojole store,SECONDARY,,,EMANL,Wole,8062651249,+234,,6.5978764,3.2920066,Razaq street egbeda market,,Lagos State,Alimosho,102213,NG,NGR001,,,,
Bola store,SECONDARY,,,EMANL,Bola,8023053904,+234,,6.4432019,3.3694968,Shop 781 Ajorin market,Akure Street,Lagos State,Apapa,100242,NG,NGR001,,,,
Toafeek store,SECONDARY,,,EMANL,Toafeek,8127585784,+234,,6.4432293,3.3694695,Shop 779 Ajorin Market,Akure Street,Lagos State,Apapa,100242,NG,NGR001,,,,
Iya kwalumi,SECONDARY,,,EMANL,Bukola,7055541562,+234,,6.4645155,3.3266047,Kk 45 A,,Lagos State,Alaiyabiagba,102102,NG,NGR001,,,,
Jedzeem global ventures,SECONDARY,,,EMANL,Jedzeem,9077503654,+234,,6.5983739,3.2923244,Karimu street,,Lagos State,Alimosho,102213,NG,NGR001,,,,
Mrs ojora store,SECONDARY,,,EMANL,Ojora,9016605474,+234,,6.4431443,3.3699338,Entrance Ajorin market,Akure Street,Lagos State,Apapa,100242,NG,NGR001,,,,
Sulamu store,SECONDARY,,,EMANL,Sulamu,8162633565,+234,,6.4645426,3.3266314,Kk 49,,Lagos State,Alaiyabiagba,102102,NG,NGR001,,,,
Chidera stores,SECONDARY,,,EMANL,Chidera,7034628495,+234,,6.46483686651267,3.3258078909129165,193 OPP block D,Lagos-Badagry Expressway,Lagos State,Alaiyabiagba,102102,NG,NGR001,,,,
Divine stores,SECONDARY,,,EMANL,Divine,8027979079,+234,,6.46483686651267,3.3258078909129165,D 155,Lagos-Badagry Expressway,Lagos State,Alaiyabiagba,102102,NG,NGR001,,,,
Onyema,SECONDARY,,,EMANL,Onyema,8038254146,+234,,6.4645129,3.3266084,SC 26,,Lagos State,Alaiyabiagba,102102,NG,NGR001,,,,
Hand and finger of God store,SECONDARY,,,EMANL,Mummy ejima,8063857948,+234,,6.5990708,3.2915835,Egbeda idemu road,Akowonjo Road,Lagos State,Alimosho,102213,NG,NGR001,,,,
Dora Richard Ventures,SECONDARY,,,EMANL,Dora,8088385617,+234,,6.4643951,3.3265355,Shop 239,,Lagos State,Alaiyabiagba,102102,NG,NGR001,,,,
Madam Chika,SECONDARY,,,EMANL,Chika,7032953373,+234,,6.4645164,3.3266081,SC 24  Line F,,Lagos State,Alaiyabiagba,102102,NG,NGR001,,,,
Fullmercy store,SECONDARY,,,EMANL,Mercy,9029651544,+234,,6.5987357,3.2915333,Egbeda market,,Lagos State,Alimosho,102213,NG,NGR001,,,,
Surprise store,SECONDARY,,,EMANL,Alhaja,9072804356,+234,,6.6008279,3.2906704,Egbeda market,,Lagos State,Alimosho,102213,NG,NGR001,,,,
Abike store,SECONDARY,,,EMANL,Abike,8185370701,+234,,6.4647022,3.326459,Shop 203,,Lagos State,Alaiyabiagba,102102,NG,NGR001,,,,
Blessed mother store,SECONDARY,,,EMANL,Blessed,8039090645,+234,,6.4646226,3.3265921,Block G 292,,Lagos State,Alaiyabiagba,102102,NG,NGR001,,,,
Iya Alade store,SECONDARY,,,EMANL,Iya Alade,8034485879,+234,,6.46487,3.326412,Shop 203b,Alaba Oro Road,Lagos State,Alaiyabiagba,102102,NG,NGR001,,,,
Victoria stores,SECONDARY,,,EMANL,Victoria john,8067090712,+234,,6.6008523,3.2906228,Egbeda market,,Lagos State,Alimosho,102213,NG,NGR001,,,,
Mrs Ofor stores,SECONDARY,,,EMANL,Ofor,8034884420,+234,,6.4647901198153965,3.326026747813159,PWP 41,Lagos-Badagry Expressway,Lagos State,Alaiyabiagba,102102,NG,NGR001,,,,
TR store,SECONDARY,,,EMANL,Rafath,8055831504,+234,,6.4645546,3.3265943,Block f 257,,Lagos State,Alaiyabiagba,102102,NG,NGR001,,,,
Best choice,SECONDARY,,,EMANL,Nkiru,8066935112,+234,,6.4645109,3.3266069,Block f 258,,Lagos State,Alaiyabiagba,102102,NG,NGR001,,,,
Tunde store,SECONDARY,,,EMANL,Tunde,7011995943,+234,,6.4652892,3.3262709,Shop 205,Lagos-Badagry Expressway,Lagos State,Alaiyabiagba,102102,NG,NGR001,,,,
Divine Favour Stores,SECONDARY,,,EMANL,Mummy Agatha,7068851720,+234,,6.6008502,3.2906172,Egbeda market,,Lagos State,Alimosho,102213,NG,NGR001,,,,
Gods favour store,SECONDARY,,,EMANL,Favour,8055655341,+234,,6.4646671,3.3265919,Block G 291,,Lagos State,Alaiyabiagba,102102,NG,NGR001,,,,
Kenny store,SECONDARY,,,EMANL,Kehinde,7015550003,+234,,6.4656705,3.3261429,Shop 206,Lagos-Badagry Expressway,Lagos State,Surulere,102102,NG,NGR001,,,,
Mystical Rose,SECONDARY,,,EMANL,Rose,8148033013,+234,,6.4647901198153965,3.326026747813159,Block D 164,Lagos-Badagry Expressway,Lagos State,Alaiyabiagba,102102,NG,NGR001,,,,
Shining star,SECONDARY,,,EMANL,Akadi,9033225041,+234,,6.4646525,3.3265945,Block f 256,,Lagos State,Alaiyabiagba,102102,NG,NGR001,,,,
Shaaban haladu Store,SECONDARY,,,EMANL,Shaaban haladu,8075414748,+234,,6.6012848,3.2912161,Egbeda,,Lagos State,Alimosho,102213,NG,NGR001,,,,
Oge store,SECONDARY,,,EMANL,Oge,8126234450,+234,,6.4646981,3.3265743,Block G 289,,Lagos State,Alaiyabiagba,102102,NG,NGR001,,,,
Iya Barakat,SECONDARY,,,EMANL,Iya Barakat,8138674574,+234,,6.465555,3.3260881,Shop 207,Lagos-Badagry Expressway,Lagos State,Surulere,102102,NG,NGR001,,,,
Iya Jennifer store,SECONDARY,,,EMANL,Jennifer,8183824985,+234,,6.46468,3.3265814,Block G 290,,Lagos State,Alaiyabiagba,102102,NG,NGR001,,,,
Iya Mahdiayah store,SECONDARY,,,EMANL,Iya Mahdiayah,7045022244,+234,,6.4656705,3.3261429,Shop 208,Lagos-Badagry Expressway,Lagos State,Surulere,102102,NG,NGR001,,,,
Blessing store,SECONDARY,,,EMANL,Emmanuela,8062744461,+234,,6.4646422,3.3265935,Block 251,,Lagos State,Alaiyabiagba,102102,NG,NGR001,,,,
MFA store,SECONDARY,,,EMANL,Iya busayo,8034657928,+234,,6.463527831185061,3.323866602709715,87A suru,Lagos-Badagry Expressway,Lagos State,Alaiyabiagba,102102,NG,NGR001,,,,
Alimoh Store,SECONDARY,,,EMANL,Alimoh,7050428413,+234,,6.4650074,3.3258281,Shop SC-22,Lagos-Badagry Expressway,Lagos State,Alaiyabiagba,102102,NG,NGR001,,,,
Mama UD,SECONDARY,,,EMANL,Florence,8089029894,+234,,6.4647289,3.3265632,Block 253,,Lagos State,Alaiyabiagba,102102,NG,NGR001,,,,
Hadijat Store,SECONDARY,,,EMANL,Hadijat,8102644739,+234,,6.4594998,3.3516896,Shop SC 22A,,Lagos State,Alaiyabiagba,101212,NG,NGR001,,,,
Honey pour ventures,SECONDARY,,,EMANL,Oyinda,7032838103,+234,,6.6009008,3.2920817,Egbeda bustop egbeda market,Egbeda-Idimu Road,Lagos State,Ikotun,102213,NG,NGR001,,,,
Loveth store,SECONDARY,,,EMANL,Loveth,9060745057,+234,,6.4648316,3.3265543,Block G 294,Alaba Oro Road,Lagos State,Alaiyabiagba,102102,NG,NGR001,,,,
Iya Chelsea,SECONDARY,,,EMANL,Vivian,8136420258,+234,,6.464887410519079,3.326576057768609,Block Gb 232,Alaba Oro Road,Lagos State,Alaiyabiagba,102102,NG,NGR001,,,,
Chima Store,SECONDARY,,,EMANL,Chima,9075128804,+234,,6.4648207,3.3266156,Shop 25,Alaba Oro Road,Lagos State,Alaiyabiagba,102102,NG,NGR001,,,,
Bukky Store,SECONDARY,,,EMANL,Bukky,8030754379,+234,,6.4656705,3.3261429,Shop 328A,Lagos-Badagry Expressway,Lagos State,Surulere,102102,NG,NGR001,,,,
Aunty Ogochukwu store,SECONDARY,,,EMANL,Ogochukwu,8038901372,+234,,6.4656705,3.3261429,Shop 330 A,Lagos-Badagry Expressway,Lagos State,Surulere,102102,NG,NGR001,,,,
Amarachi stores,SECONDARY,,,EMANL,Amarachi blessing,9039459748,+234,,6.5999635,3.238342,Kaka street opp deeper life ch ayobo market,,Lagos State,Ashipa,,NG,NGR001,,,,
Ade Store,SECONDARY,,,EMANL,Ade,8155777883,+234,,6.599417,3.2380939,Ayobo market,,Lagos State,Ashipa,,NG,NGR001,,,,
Chair lady,SECONDARY,,,EMANL,Ndidi,7016006253,+234,,6.4647711,3.3269898,340A H Line,,Lagos State,Alaiyabiagba,102102,NG,NGR001,,,,
Iya Esther,SECONDARY,,,EMANL,Afolabi,8033952601,+234,,6.4644805,3.3265143,B q 4 79,,Lagos State,Alaiyabiagba,102102,NG,NGR001,,,,
Mum joshua Food store,SECONDARY,,,EMANL,Mum Joshua,8155121298,+234,,6.599743,3.2382954,Shop 2 Ayobo market,,Lagos State,Ashipa,,NG,NGR001,,,,
Iya peter store,SECONDARY,,,EMANL,Peter,8033789844,+234,,6.464469,3.3264811,Bq 73,,Lagos State,Alaiyabiagba,102102,NG,NGR001,,,,
Iya chiboy,SECONDARY,,,EMANL,Amaka,8033941847,+234,,6.4641762,3.3255291,Bq 54,,Lagos State,Alaiyabiagba,102102,NG,NGR001,,,,
Luqman store,SECONDARY,,,EMANL,Luqman,8060751637,+234,,6.4626876,3.3245692,402 alaba suru,Suru Alaba Road,Lagos State,Alaiyabiagba,102102,NG,NGR001,,,,
Mercy store,SECONDARY,,,EMANL,Mercy,9116365011,+234,,6.4593682,3.323625,No 56 face 2 alaba suru,,Lagos State,Alaiyabiagba,102102,NG,NGR001,,,,
Iya Kofa store,SECONDARY,,,EMANL,Ogunbanjo,7066142748,+234,,6.5993367,3.238527,Ayobo market,,Lagos State,Ashipa,,NG,NGR001,,,,
Mummy jesssy store,SECONDARY,,,EMANL,Joy,9074879205,+234,,6.462968255789742,3.3249042103914297,Suru Alaba pako line,Lagos-Badagry Expressway,Lagos State,Alaiyabiagba,102102,NG,NGR001,,,,
Kodija store,SECONDARY,,,EMANL,Kodija,9130575403,+234,,6.4626876,3.3245692,323 suru alaba market,Suru Alaba Road,Lagos State,Alaiyabiagba,102102,NG,NGR001,,,,
Iya Buki,SECONDARY,,,EMANL,Buki,8062731812,+234,,6.4653338,3.3267724,Bq 76,Alaba Oro Road,Lagos State,Alaiyabiagba,102102,NG,NGR001,,,,
Iya Demola,SECONDARY,,,EMANL,Demola,8029400044,+234,,6.464335,3.3267917,BQ3,,Lagos State,Alaiyabiagba,102102,NG,NGR001,,,,
Bola ventures,SECONDARY,,,EMANL,Bola,8183011920,+234,,6.4626066,3.3235477,No 1 face 3 alaba suru,Suru Alaba Road,Lagos State,Alaiyabiagba,102102,NG,NGR001,,,,
MamaEmmanuel,SECONDARY,,,EMANL,Mama Emmanuel,8062517856,+234,,6.4633507,3.3248839,Shop 196 suru alaba,Lagos-Badagry Expressway,Lagos State,Alaiyabiagba,102102,NG,NGR001,,,,
Mrs T. Felix Shop,SECONDARY,,,EMANL,T. Felix,8032600050,+234,,6.4650775,3.3268206,Shop331 H Line,Alaba Oro Road,Lagos State,Alaiyabiagba,102102,NG,NGR001,,,,
Iya wasu store,SECONDARY,,,EMANL,Wasu,8066491114,+234,,6.4646728,3.3261429,BQ3 44,,Lagos State,Alaiyabiagba,102102,NG,NGR001,,,,
Bj Testimony store,SECONDARY,,,EMANL,Iya Kutonu,7042979605,+234,,6.5993382,3.2385284,D9 d10 stall ayobo ipaja,,Lagos State,Ashipa,,NG,NGR001,,,,
KKK  store,SECONDARY,,,EMANL,KKK,8031186541,+234,,6.4626876,3.3245692,162B suru alaba market,Suru Alaba Road,Lagos State,Alaiyabiagba,102102,NG,NGR001,,,,
Iya okiki,SECONDARY,,,EMANL,Okiki,8062659112,+234,,6.4645883,3.3268917,BQ2 shop 24,,Lagos State,Alaiyabiagba,102102,NG,NGR001,,,,
Olamide store,SECONDARY,,,EMANL,Olamide,9032396036,+234,,6.4613655,3.3233103,Barracks line suru alaba,Suru Alaba Road,Lagos State,Alaiyabiagba,102102,NG,NGR001,,,,
Mama ogo store,SECONDARY,,,EMANL,Ogo,8129319124,+234,,6.462957771619976,3.3249913430488953,1276 pako,Lagos-Badagry Expressway,Lagos State,Alaiyabiagba,102102,NG,NGR001,,,,
Precious Store,SECONDARY,,,EMANL,Precious,8062303741,+234,,6.5993374,3.2385278,Shop H9 ayobo ipaja market,,Lagos State,Ashipa,,NG,NGR001,,,,
Mama Sunday store,SECONDARY,,,EMANL,Mama sunday,9134665089,+234,,6.4633507,3.3248839,399 suru alaba,Lagos-Badagry Expressway,Lagos State,Alaiyabiagba,102102,NG,NGR001,,,,
Mummy Destiny,SECONDARY,,,EMANL,Mummy Destiny,7065720661,+234,,6.463912,3.325478,338 H Line,,Lagos State,Alaiyabiagba,102102,NG,NGR001,,,,
Bolala store,SECONDARY,,,EMANL,Bolala,9116072795,+234,,6.4614934,3.323371,A7 mammy market barracks alaba suru,Suru Alaba Road,Lagos State,Alaiyabiagba,102102,NG,NGR001,,,,
Mariam ayawolowo food stuffs,SECONDARY,,,EMANL,Mariam,8028369799,+234,,6.463625286335155,3.324744972953487,Block 142 alaba,Lagos-Badagry Expressway,Lagos State,Alaiyabiagba,102102,NG,NGR001,,,,
Uchi store,SECONDARY,,,EMANL,Uchi,8082139268,+234,,6.4612903,3.3231921,A23 barracks line suru alaba,Suru Alaba Road,Lagos State,Alaiyabiagba,102102,NG,NGR001,,,,
Iya Bobo store,SECONDARY,,,EMANL,Iya Bobo,7080059993,+234,,6.5994191,3.2377797,Shop Ayobo ipaja market,,Lagos State,Ashipa,,NG,NGR001,,,,
Madam joy store,SECONDARY,,,EMANL,Madam joy,8132035840,+234,,6.4637252,3.3251991,521 suru alaba market,Lagos-Badagry Expressway,Lagos State,Alaiyabiagba,102102,NG,NGR001,,,,
Ayoola global foodstuff,SECONDARY,,,EMANL,Ayoola,8109487233,+234,,6.4613454,3.3232521,Shop A60 mammy market suru alaba,Suru Alaba Road,Lagos State,Alaiyabiagba,102102,NG,NGR001,,,,
Iya kofy,SECONDARY,,,EMANL,Kofy,8028365270,+234,,6.4653338,3.3267724,BQ3 shop 46,Alaba Oro Road,Lagos State,Alaiyabiagba,102102,NG,NGR001,,,,
Mummy Meso store,SECONDARY,,,EMANL,Mummy meso,9065305292,+234,,6.5991855,3.238516,Shop 12 ayobo ipaja market,,Lagos State,Ashipa,,NG,NGR001,,,,
Baraka store,SECONDARY,,,EMANL,Baraka,8139540598,+234,,6.4645281,3.3265255,BQ500,,Lagos State,Alaiyabiagba,102102,NG,NGR001,,,,
Mummy K stores,SECONDARY,,,EMANL,Umeh,8060359775,+234,,6.4637587775532115,3.3241722441899424,Shop 14,Lagos-Badagry Expressway,Lagos State,Alaiyabiagba,102102,NG,NGR001,,,,
Grace Store,SECONDARY,,,EMANL,Grace,8088871913,+234,,6.4645118,3.3269003,Shop18 Phase 1,,Lagos State,Alaiyabiagba,102102,NG,NGR001,,,,
Iya Aisha store,SECONDARY,,,EMANL,Iya aisha,9071028238,+234,,6.4626876,3.3245692,320suru alaba,Suru Alaba Road,Lagos State,Alaiyabiagba,102102,NG,NGR001,,,,
Nnaji store,SECONDARY,,,EMANL,Nnaji,8030784459,+234,,6.464016421037856,3.32440284088623,Shop 133,Lagos-Badagry Expressway,Lagos State,Alaiyabiagba,102102,NG,NGR001,,,,
Lady B spice stores,SECONDARY,,,EMANL,Bridget,8135840049,+234,,6.4637400802829035,3.3241768773217113,Shop 38 phase2,Lagos-Badagry Expressway,Lagos State,Alaiyabiagba,102102,NG,NGR001,,,,
Mama T,SECONDARY,,,EMANL,Mama T,8066305219,+234,,6.4613287,3.3239345,Shop 264 ojo road suru alaba,,Lagos State,Alaiyabiagba,102102,NG,NGR001,,,,
Immaculate Store,SECONDARY,,,EMANL,Immaculate,9169701729,+234,,6.6004149,3.238408,Ayobo,,Lagos State,Ashipa,,NG,NGR001,,,,
Mark Vera,SECONDARY,,,EMANL,Mark Vera,8034466294,+234,,6.4647344,3.3269538,Bank line Shop 15,,Lagos State,Alaiyabiagba,102102,NG,NGR001,,,,
Mummy Favour Store,SECONDARY,,,EMANL,Mummy Favour,8056853681,+234,,6.5991809,3.2385153,Shop 7 ayobo ipaja market,,Lagos State,Ashipa,,NG,NGR001,,,,
Amere stores,SECONDARY,,,EMANL,Amere,8038734182,+234,,6.464016421037856,3.32440284088623,Shop 41,Lagos-Badagry Expressway,Lagos State,Alaiyabiagba,102102,NG,NGR001,,,,
Ifeanyi Store,SECONDARY,,,EMANL,Ifeanyi,8122808920,+234,,6.4645084,3.3269951,23 Bank line,,Lagos State,Alaiyabiagba,102102,NG,NGR001,,,,
Grace shop,SECONDARY,,,EMANL,Grace,8105267961,+234,,6.599417,3.2380939,Shop H5 Ayobo ipaja market,,Lagos State,Ashipa,,NG,NGR001,,,,
Modupe store,SECONDARY,,,EMANL,Modupe,7039795206,+234,,6.4636832,3.3248839,WP158 suru alaba market,Lagos-Badagry Expressway,Lagos State,Alaiyabiagba,102102,NG,NGR001,,,,
Opeyemi store,SECONDARY,,,EMANL,Opeyemi,9074776426,+234,,6.46457,3.3267533,Kk 72a,,Lagos State,Alaiyabiagba,102102,NG,NGR001,,,,
Mum ike store,SECONDARY,,,EMANL,Mum ike,7044282299,+234,,6.4593682,3.323625,G1 mammy market suru alaba,,Lagos State,Alaiyabiagba,102102,NG,NGR001,,,,
Mummy chi store,SECONDARY,,,EMANL,Benedith,8027787242,+234,,6.464016421037856,3.32440284088623,Shop 74,Lagos-Badagry Expressway,Lagos State,Alaiyabiagba,102102,NG,NGR001,,,,
King Jenny cosmetics,SECONDARY,,,EMANL,Kingsley,8029459449,+234,,6.5297948,3.3813843,Iyana Ipaja market,Akoka,Lagos State,Bariga,102216,NG,NGR001,,,,
Mummy Ruka,SECONDARY,,,EMANL,Mummy Ruka,8039664769,+234,,6.5991716,3.2394999,Shop F11 Ayobo market,,Lagos State,Ashipa,,NG,NGR001,,,,
Friday,SECONDARY,,,EMANL,Friday,8135268795,+234,,6.4646499,3.3270569,1 Bank Line,,Lagos State,Alaiyabiagba,102102,NG,NGR001,,,,
Iya Mary store,SECONDARY,,,EMANL,Mary,8083933690,+234,,6.4644814,3.3265154,BQ 4 shop 78,,Lagos State,Alaiyabiagba,102102,NG,NGR001,,,,
Mrs chizob okoli store,SECONDARY,,,EMANL,Chizoba okoli,9032503814,+234,,6.6177464,3.2995372,19 iyana ipaja,Ipaja Road,Lagos State,Abule Egba,102213,NG,NGR001,,,,
Mummy kaima store,SECONDARY,,,EMANL,Mummy kaima,9015234929,+234,,6.4600251,3.3248839,662 alaba market,,Lagos State,Alaiyabiagba,102102,NG,NGR001,,,,
Okolie shop,SECONDARY,,,EMANL,Okolie,9133639545,+234,,6.5297937,3.3813807,Iyana-Ipaja market,Akoka,Lagos State,Bariga,102216,NG,NGR001,,,,
Idrera store,SECONDARY,,,EMANL,Idera,8033196779,+234,,6.6176136,3.2992758,Inside iyana ipaja market,Ipaja Road,Lagos State,Abule Egba,102213,NG,NGR001,,,,
Iya aisha,SECONDARY,,,EMANL,Mum aisha,9082765972,+234,,6.4619573,3.3235226,No B248 mammy barracks suru alaba,Suru Alaba Road,Lagos State,Alaiyabiagba,102102,NG,NGR001,,,,
Adorable store,SECONDARY,,,EMANL,Miriam,8167998837,+234,,6.6180605,3.2993951,J 5,Ipaja Road,Lagos State,Abule Egba,102213,NG,NGR001,,,,
Yaya store,SECONDARY,,,EMANL,Yaya,8037271129,+234,,6.4650691,3.3268194,BQc 16,Alaba Oro Road,Lagos State,Alaiyabiagba,102102,NG,NGR001,,,,
De Amazing Grace Mother care Store,SECONDARY,,,EMANL,Daddy becky,8032535115,+234,,6.599417,3.2380939,Shop 7 Ayobo market,,Lagos State,Ashipa,,NG,NGR001,,,,
Adekola stores,SECONDARY,,,EMANL,Adekola,8023218850,+234,,6.6172002,3.2990053,02Iyana-Ipaja market,Ipaja Road,Lagos State,Abule Egba,102213,NG,NGR001,,,,
Alaja iya soliq store,SECONDARY,,,EMANL,Alaja,8033431766,+234,,6.4649083,3.3267784,BQ2 shop 18,Alaba Oro Road,Lagos State,Alaiyabiagba,102102,NG,NGR001,,,,
Mama Udaga,SECONDARY,,,EMANL,Mummy Udaga,8062101541,+234,,6.464617,3.3269726,BQ7,,Lagos State,Alaiyabiagba,102102,NG,NGR001,,,,
divine grace store,SECONDARY,,,EMANL,Divine,8038300286,+234,,6.6173796,3.2990708,"No 18, Iyana ipaja Market",Ipaja Road,Lagos State,Abule Egba,102213,NG,NGR001,,,,
Iya leken store,SECONDARY,,,EMANL,Iya lekon,8067269515,+234,,6.4619458,3.3233555,D 100 mammy market suru alaba,Suru Alaba Road,Lagos State,Alaiyabiagba,102102,NG,NGR001,,,,
Iya wasiu store,SECONDARY,,,EMANL,Wasiu,8023913031,+234,,6.6170506,3.2989574,58,,Lagos State,Abule Egba,102213,NG,NGR001,,,,
Ashabi store,SECONDARY,,,EMANL,Ashabi,8020535241,+234,,6.464350220527783,3.324893153026888,Shop 185,Lagos-Badagry Expressway,Lagos State,Alaiyabiagba,102102,NG,NGR001,,,,
Nnenna,SECONDARY,,,EMANL,Nnenna,8064174277,+234,,6.4649302,3.3269389,15 Bank line,Alaba Oro Road,Lagos State,Alaiyabiagba,102102,NG,NGR001,,,,
Iya salam,SECONDARY,,,EMANL,Omolola,8060745188,+234,,6.4645185,3.3269068,Kk 62,,Lagos State,Alaiyabiagba,102102,NG,NGR001,,,,
MummyGift store,SECONDARY,,,EMANL,Mummy Gift,8030511181,+234,,6.599417,3.2380939,Shop j5 ayobo market,,Lagos State,Ashipa,,NG,NGR001,,,,
Mama Ejime Store,SECONDARY,,,EMANL,Mama Ejime,8033307934,+234,,6.599417,3.2380939,Shop 9 ayobo market,,Lagos State,Ashipa,,NG,NGR001,,,,
Iya adam store,SECONDARY,,,EMANL,Iya adam,9078772127,+234,,6.4624563,3.3235722,B294 mammy market suru alaba,Suru Alaba Road,Lagos State,Alaiyabiagba,102102,NG,NGR001,,,,
Kaosara onifade store,SECONDARY,,,EMANL,Kaosara,9043629294,+234,,6.4636177,3.3250529,143 suru alaba,Lagos-Badagry Expressway,Lagos State,Alaiyabiagba,102102,NG,NGR001,,,,
Iya tope store,SECONDARY,,,EMANL,Iya tope,8028114462,+234,,6.6170507,3.2989577,52,,Lagos State,Abule Egba,102213,NG,NGR001,,,,
Mum prevail stores,SECONDARY,,,EMANL,Mum prevail,7039561932,+234,,6.6170474,3.2989596,2 ipaja road,,Lagos State,Abule Egba,102213,NG,NGR001,,,,
Oyin store,SECONDARY,,,EMANL,Oyin,7060538428,+234,,6.4621326,3.3235304,B271 mammy market suru alaba,Suru Alaba Road,Lagos State,Alaiyabiagba,102102,NG,NGR001,,,,
Fola stores,SECONDARY,,,EMANL,Fola,8060726568,+234,,6.6170474,3.2989596,4 oldIpajaroad,,Lagos State,Abule Egba,102213,NG,NGR001,,,,
Dayo store,SECONDARY,,,EMANL,Dayo,8162621480,+234,,6.6173275,3.2991359,BLK 53s Iyana ipaja market,Ipaja Road,Lagos State,Abule Egba,102213,NG,NGR001,,,,
MamiStore,SECONDARY,,,EMANL,Mami stores,7030109677,+234,,6.6170474,3.2989596,Old Ipaja road,,Lagos State,Abule Egba,102213,NG,NGR001,,,,
Iya mudiya,SECONDARY,,,EMANL,Iya mudiya,7086538824,+234,,6.4625005,3.3235644,mammy market opp mama amaka,Suru Alaba Road,Lagos State,Alaiyabiagba,102102,NG,NGR001,,,,
Kings Co,SECONDARY,,,EMANL,Oluwafolakemi,8141229760,+234,,6.6180173,3.299397,Old ijapa road,Ipaja Road,Lagos State,Abule Egba,102213,NG,NGR001,,,,
Iya fuward,SECONDARY,,,EMANL,Fuward,8127729258,+234,,6.4646683,3.32643,BQ6364,,Lagos State,Alaiyabiagba,102102,NG,NGR001,,,,
OgaChi Store,SECONDARY,,,EMANL,Chi,7060102584,+234,,6.4640517,3.3254783,25 Phase 2,,Lagos State,Alaiyabiagba,102102,NG,NGR001,,,,
Iya habib store,SECONDARY,,,EMANL,Iya habib,9124050988,+234,,6.4628482,3.3236737,Suru alaba opp mammy market,Suru Alaba Road,Lagos State,Alaiyabiagba,102102,NG,NGR001,,,,
ND best,SECONDARY,,,EMANL,Esther,8122061001,+234,,6.464064084448333,3.3257172765497027,Shop 9,,Lagos State,Alaiyabiagba,102102,NG,NGR001,,,,
Tommy purchasing stores,SECONDARY,,,EMANL,Tommy,8030509262,+234,,6.6180173,3.299397,old Ipajaroad,Ipaja Road,Lagos State,Abule Egba,102213,NG,NGR001,,,,
Gift store,SECONDARY,,,EMANL,Gift,9045667376,+234,,6.6171588,3.299357,"Ipaja Road, Alimosho, Lagos State, 100276, Nigeria",Ipaja Road,Lagos State,Abule Egba,102213,NG,NGR001,,,,
Divine favour store,SECONDARY,,,EMANL,Divine favour store,7037760021,+234,,6.4649214,3.3242241,125/126 suru alaba market,Lagos-Badagry Expressway,Lagos State,Animshaun,102102,NG,NGR001,,,,
Genesis store,SECONDARY,,,EMANL,Kenneth,8106403101,+234,,6.4641245,3.3254439,256 beside pedestrian bridge phase2,Lagos-Badagry Expressway,Lagos State,Alaiyabiagba,102102,NG,NGR001,,,,
De abiber resources,SECONDARY,,,EMANL,Esther,9122295447,+234,,6.6180194,3.2990824,53 b,Iyana-Ipaja New Road,Lagos State,Abule Egba,102213,NG,NGR001,,,,
Iya meta store,SECONDARY,,,EMANL,Iya meta,8037557585,+234,,6.4642817,3.3252657,Face 2 ask of iya meta,Lagos-Badagry Expressway,Lagos State,Alaiyabiagba,102102,NG,NGR001,,,,
Mummy Amanda store,SECONDARY,,,EMANL,Mama Amanda,7039019914,+234,,6.4641589,3.325276,Shop 87 suru alaba,Lagos-Badagry Expressway,Lagos State,Alaiyabiagba,102102,NG,NGR001,,,,
Segun store,SECONDARY,,,EMANL,Seun,7063049423,+234,,6.464356933666195,3.3249128938488908,Shop 182,Lagos-Badagry Expressway,Lagos State,Alaiyabiagba,102102,NG,NGR001,,,,
Anuoluwa adedoyinStore,SECONDARY,,,EMANL,Anuoluwa,8106856231,+234,,6.6170835,3.2990789,old Ipaja road,,Lagos State,Abule Egba,102213,NG,NGR001,,,,
Goke stores,SECONDARY,,,EMANL,Goke,7067406530,+234,,6.6173419,3.2994233,Old ijapa road,Ipaja Road,Lagos State,Abule Egba,102213,NG,NGR001,,,,
Morin stores,SECONDARY,,,EMANL,Morin,7081437006,+234,,6.464360421042235,3.3249246468680944,Along the road used packing store,Lagos-Badagry Expressway,Lagos State,Alaiyabiagba,102102,NG,NGR001,,,,
Acho cosmetics,SECONDARY,,,EMANL,Acho cosmetics,8034470239,+234,,6.463689,3.3255572,L24 suru alaba,,Lagos State,Alaiyabiagba,102102,NG,NGR001,,,,
Mayo investment,SECONDARY,,,EMANL,Mayowa,7033607625,+234,,6.6176818,3.2997116,Old Ipaja road,Ipaja Road,Lagos State,Abule Egba,102213,NG,NGR001,,,,
Mama ugo,SECONDARY,,,EMANL,Mama ugo,8034470807,+234,,6.464358923137022,3.3249084367981747,Shop 160,Lagos-Badagry Expressway,Lagos State,Alaiyabiagba,102102,NG,NGR001,,,,
Toyosi store,SECONDARY,,,EMANL,Toyosi,7088954179,+234,,6.6190092,3.3006553,"Before Fiyin bookstore, iyana ipaja market  Ipaja Road, Alimosho, Lagos State, 100276, Nigeria",Ipaja Road,Lagos State,Abule Egba,102213,NG,NGR001,,,,
James,SECONDARY,,,EMANL,Mrs James,8119956735,+234,,6.4640583,3.3250083,132 Aleron side,Lagos-Badagry Expressway,Lagos State,Alaiyabiagba,102102,NG,NGR001,,,,
God's favour mother care,SECONDARY,,,EMANL,God's favour,8037650815,+234,,6.6179823,3.3003238,G shop 47 B behind iyana ipaja market,Ipaja Road,Lagos State,Abule Egba,102213,NG,NGR001,,,,
Ada Zion store,SECONDARY,,,EMANL,Ada,8034641576,+234,,6.464357097083659,3.3249136342401173,Shop 214,Lagos-Badagry Expressway,Lagos State,Alaiyabiagba,102102,NG,NGR001,,,,
Gozie baby mother care shop,SECONDARY,,,EMANL,Chigozie,7069605068,+234,,6.6180468,3.3002491,Behind iyana ipaja market,Ipaja Road,Lagos State,Abule Egba,102213,NG,NGR001,,,,
Kikis Kidies,SECONDARY,,,EMANL,Kiki,9048810034,+234,,6.618042,3.3003349,"Block F, shop 29, iyana Ipaja",Ipaja Road,Lagos State,Abule Egba,102213,NG,NGR001,,,,
Mary stores,SECONDARY,,,EMANL,Mary,8134383346,+234,,6.464404217594341,3.3249341366783516,Shop 91/92,Lagos-Badagry Expressway,Lagos State,Alaiyabiagba,102102,NG,NGR001,,,,
Miriam store,SECONDARY,,,EMANL,Iya kabirat,9114366798,+234,,6.6188057,3.3004828,Iyana ipaja,Ipaja Road,Lagos State,Abule Egba,102213,NG,NGR001,,,,
Ruby Gold cosmetics,SECONDARY,,,EMANL,Blessing,8028634983,+234,,6.6183928,3.3005779,3 rosh jidam shopping complex,Ipaja Road,Lagos State,Abule Egba,102213,NG,NGR001,,,,
Ndubisi Store,SECONDARY,,,EMANL,Ndubusi,8023592883,+234,,6.6183297,3.3004315,"Ipaja Road, Alimosho, Lagos State, 100276, Nigeria",Ipaja Road,Lagos State,Abule Egba,102213,NG,NGR001,,,,
Iya idowu store,SECONDARY,,,EMANL,Iya idowu,8160729415,+234,,6.4643888,3.3258672,Kkk 2 and 3 near mosque suru alaba,,Lagos State,Alaiyabiagba,102102,NG,NGR001,,,,
IJ Store,SECONDARY,,,EMANL,IJ,7063476309,+234,,6.4644486,3.3255638,Front of Mosque,,Lagos State,Alaiyabiagba,102102,NG,NGR001,,,,
Mummy Daniel,SECONDARY,,,EMANL,Mummy Daniel,8032291725,+234,,6.5997189,3.2391123,Ayobo market road,,Lagos State,Ashipa,,NG,NGR001,,,,
Bolanle Asake store,SECONDARY,,,EMANL,Bolanle Asake,9018338314,+234,,6.599746,3.238752,Line18 19 ayoba market road,,Lagos State,Ashipa,,NG,NGR001,,,,
Akinlade Store,SECONDARY,,,EMANL,Alhaja Akinlade,8128304235,+234,,6.5992165,3.2394573,Ayobo market,,Lagos State,Ashipa,,NG,NGR001,,,,
Saint Micheal Store,SECONDARY,,,EMANL,Micheal,8026442530,+234,,6.5994231,3.2371513,Ayobo market,,Lagos State,Ashipa,,NG,NGR001,,,,
Mummy Joy,SECONDARY,,,EMANL,Mummy joy,8138216629,+234,,6.599417,3.2380939,ShopAyobo market,,Lagos State,Ashipa,,NG,NGR001,,,,
Mummy P,SECONDARY,,,EMANL,Gladness,7030413300,+234,,6.599417,3.2380939,Shop Ayobo market,,Lagos State,Ashipa,,NG,NGR001,,,,
Mummy Vico,SECONDARY,,,EMANL,Mummy Vico,7063107138,+234,,6.5991849,3.238515,Shop J6 ayobo market,,Lagos State,Ashipa,,NG,NGR001,,,,
Mum ope store,SECONDARY,,,EMANL,Iya ope,8035664941,+234,,6.4621384,3.3238917,No 264 ojo road suru alaba,Suru Alaba Road,Lagos State,Alaiyabiagba,102102,NG,NGR001,,,,
Big game ventures,SECONDARY,,,EMANL,Bidemi,8124970022,+234,,6.6183962,3.3005752,7/8 old Ipaja road,Ipaja Road,Lagos State,Abule Egba,102213,NG,NGR001,,,,
Mummy Ify,SECONDARY,,,EMANL,Mummy Ify,8033445070,+234,,6.4644106,3.3253817,100 front of Mosque,Lagos-Badagry Expressway,Lagos State,Alaiyabiagba,102102,NG,NGR001,,,,
Bola store,SECONDARY,,,EMANL,Bola,8056716201,+234,,6.464524,3.32559,Phase 2 alaba market,,Lagos State,Alaiyabiagba,102102,NG,NGR001,,,,
Iya sarath store,SECONDARY,,,EMANL,Sarath,8026231640,+234,,6.4645933,3.325705,Shop 4 close to mosque,,Lagos State,Alaiyabiagba,102102,NG,NGR001,,,,
Mr Biggy Store,SECONDARY,,,EMANL,Biggy Ayobo,9118157960,+234,,6.5997564,3.2385811,Ayobo market oja,,Lagos State,Ashipa,,NG,NGR001,,,,
Uchenna store,SECONDARY,,,EMANL,Uchenna,8062677873,+234,,6.619031,3.3007938,"Ipaja Road, Alimosho, Lagos State, 100276, Nigeria",Ipaja Road,Lagos State,Abule Egba,102213,NG,NGR001,,,,
Innoma store,SECONDARY,,,EMANL,Chiwendu,8026378773,+234,,6.5996573,3.2393267,New plaza ayobo market,,Lagos State,Ashipa,,NG,NGR001,,,,
Mum azim,SECONDARY,,,EMANL,Mum azim,8055424964,+234,,6.618009,3.3006553,Abeokuta street,,Lagos State,Abule Egba,102213,NG,NGR001,,,,
Emaco store,SECONDARY,,,EMANL,Emmanuel,8140619545,+234,,6.618009,3.3006553,Iyana ipaja,,Lagos State,Abule Egba,102213,NG,NGR001,,,,
Chibest store,SECONDARY,,,EMANL,Chibest,8165922222,+234,,6.6183884,3.3007065,"No ,8, Abeokuta street Ipaja Road, Alimosho, Lagos State, 100276, Nigeria",Ipaja Road,Lagos State,Abule Egba,102213,NG,NGR001,,,,
Saulatu Ayo shittu Store,SECONDARY,,,EMANL,Saulatu,9029978260,+234,,6.5996621,3.2392964,New plaza ayobo market road,,Lagos State,Ashipa,,NG,NGR001,,,,
Ayo store,SECONDARY,,,EMANL,Ayo,7010030648,+234,,6.617977,3.3003202,Old ipaja road,Ipaja Road,Lagos State,Abule Egba,102213,NG,NGR001,,,,
Georgee stores,SECONDARY,,,EMANL,George,9029215603,+234,,6.6183445,3.3003407,Old Ipaja road,Ipaja Road,Lagos State,Abule Egba,102213,NG,NGR001,,,,
Chick and  Glow,SECONDARY,,,EMANL,Ngozi,7036365532,+234,,6.6190092,3.3006553,"Ipaja Road, Alimosho, Lagos State, 100276, Nigeria",Ipaja Road,Lagos State,Abule Egba,102213,NG,NGR001,,,,
Illumine store,SECONDARY,,,EMANL,Illumine,7068485489,+234,,6.5994191,3.2377797,Ayobo market,,Lagos State,Ashipa,,NG,NGR001,,,,
Oba Store,SECONDARY,,,EMANL,Oba,8056256277,+234,,6.6180111,3.3003407,Ilenla 16 old ipaja road,Ipaja Road,Lagos State,Abule Egba,102213,NG,NGR001,,,,
Ogebros enterprise cosmetics,SECONDARY,,,EMANL,Ogebros,8033939068,+234,,6.6175642,3.2994378,Old Ipaja road,Ipaja Road,Lagos State,Abule Egba,102213,NG,NGR001,,,,
OJ store,SECONDARY,,,EMANL,Ojo,8022925867,+234,,6.6175635,3.2994364,"Ipaja Road, Alimosho, Lagos State, 100276, Nigeria",Ipaja Road,Lagos State,Abule Egba,102213,NG,NGR001,,,,
Lugbiki enterprise,SECONDARY,,,EMANL,Miracle,9083999098,+234,,6.6190092,3.3006553,"4 folarin bus stop, iyana ipaja",Ipaja Road,Lagos State,Abule Egba,102213,NG,NGR001,,,,
Basira stores,SECONDARY,,,EMANL,Basira,8056324528,+234,,6.616962,3.298571,Old Ipaja road,Ipaja Road,Lagos State,Abule Egba,102213,NG,NGR001,,,,
Malomo Enterprises,SECONDARY,,,EMANL,Malomo,8035848678,+234,,6.6013701,3.2403954,Ayobo market road,,Lagos State,Ashipa,,NG,NGR001,,,,
Mother care store,SECONDARY,,,EMANL,Omowunmi,8080548348,+234,,6.6013765,3.2404119,1 ayobo bale road,,Lagos State,Ashipa,,NG,NGR001,,,,
Detox health care and convenience,SECONDARY,,,EMANL,Precious,8035415263,+234,,6.6170634,3.2988,Old ijapa road,Ipaja Road,Lagos State,Abule Egba,102213,NG,NGR001,,,,
Jholarsam stores,SECONDARY,,,EMANL,Jholarsam,8062138460,+234,,6.6168843,3.2984674,Old ipaja road,Ipaja Road,Lagos State,Abule Egba,102213,NG,NGR001,,,,
Ibe kings,SECONDARY,,,EMANL,Ibe,8068802116,+234,,6.6170773,3.2989829,"No 42, old iyana ipaja road , Alimosho, Lagos State, 100276, Nigeria",,Lagos State,Abule Egba,102213,NG,NGR001,,,,
Jane- osas frozen foos,SECONDARY,,,EMANL,Jane,7040924040,+234,,6.6170505,3.2989186,Old ipaja road,,Lagos State,Abule Egba,102213,NG,NGR001,,,,
G glow cosmetics,SECONDARY,,,EMANL,G glow,8140321019,+234,,6.6168206,3.2984028,Old ijapa road,Ipaja Road,Lagos State,Abule Egba,102213,NG,NGR001,,,,
Kj store,SECONDARY,,,EMANL,Kj,8086050495,+234,,6.6170325,3.2990181,Old iyana ipaja road,,Lagos State,Abule Egba,102213,NG,NGR001,,,,
BM cosmetics,SECONDARY,,,EMANL,Bm stores,8037233490,+234,,6.616764,3.2983147,Old ipaja road,Ipaja Road,Lagos State,Abule Egba,102213,NG,NGR001,,,,
Maken,SECONDARY,,,EMANL,Favor,9035814911,+234,,6.6170503,3.2989631,"Old abeokuta road , iyana Ipaja market",,Lagos State,Abule Egba,102213,NG,NGR001,,,,
Favour stores,SECONDARY,,,EMANL,Favour,8035072991,+234,,6.6165509,3.2982572,Old ijapa road,Ipaja Road,Lagos State,Abule Egba,102213,NG,NGR001,,,,
First hammed store,SECONDARY,,,EMANL,Eni.A.,8054170089,+234,,6.6167187,3.2991085,16 adeboun street iyana ipaja,,Lagos State,Abule Egba,102213,NG,NGR001,,,,
Amani store,SECONDARY,,,EMANL,Amani,9079805916,+234,,6.6166652,3.2992624,"Old Abeokuta road , Alimosho, Lagos State, 100276, Nigeria",,Lagos State,Abule Egba,102213,NG,NGR001,,,,
Clevon cosmetics,SECONDARY,,,EMANL,Clevon,9029775758,+234,,6.6170727,3.2987793,Iyana,Ipaja Road,Lagos State,Abule Egba,102213,NG,NGR001,,,,
Mummy Rofiat Store,SECONDARY,,,EMANL,Kehinde,9045662771,+234,,6.6170469,3.2989679,Old Abeokuta road,,Lagos State,Abule Egba,102213,NG,NGR001,,,,
Rosemath mega store,SECONDARY,,,EMANL,Roseline,7035089765,+234,,6.6168028,3.2983917,10 b iyana ipaja,Ipaja Road,Lagos State,Abule Egba,102213,NG,NGR001,,,,
Olas stores,SECONDARY,,,EMANL,Olawale,8036924587,+234,,6.6191203,3.3008777,Old ipaja road,Ipaja Road,Lagos State,Abule Egba,102213,NG,NGR001,,,,
Akin store,SECONDARY,,,EMANL,Joshua,9131799017,+234,,6.6167607,3.298386,"Ipaja Road, Alimosho, Lagos State, 100276, Nigeria",Ipaja Road,Lagos State,Abule Egba,102213,NG,NGR001,,,,
G- Glow cosmetics,SECONDARY,,,EMANL,G_ glow,9167047954,+234,,6.6168256,3.2984203,Iyana-Ipaja,Ipaja Road,Lagos State,Abule Egba,102213,NG,NGR001,,,,
Kilanro store,SECONDARY,,,EMANL,Kilanro,7036226102,+234,,6.6166712,3.298325,"Ipaja Road, Alimosho, Lagos State, 100276, Nigeria",Ipaja Road,Lagos State,Abule Egba,102213,NG,NGR001,,,,
Bm cosmetics,SECONDARY,,,EMANL,Bm,8028641301,+234,,6.6165537,3.2982609,Iyana ipaja,Ipaja Road,Lagos State,Abule Egba,102213,NG,NGR001,,,,
Cornerstone tee,SECONDARY,,,EMANL,Cornerstone,8033235620,+234,,6.6167348,3.2983558,"No 7, Ipaja Road, Alimosho, Lagos State, 100276, Nigeria",Ipaja Road,Lagos State,Abule Egba,102213,NG,NGR001,,,,
His mercy store,SECONDARY,,,EMANL,Mercy,7036998568,+234,,6.616562,3.2982522,82,Ipaja Road,Lagos State,Abule Egba,102213,NG,NGR001,,,,
Skyfly venture,SECONDARY,,,EMANL,Ibrahim,8039449883,+234,,6.6165506,3.2982582,"Ipaja Road, Alimosho, Lagos State, 100276, Nigeria",Ipaja Road,Lagos State,Abule Egba,102213,NG,NGR001,,,,
Lnc store,SECONDARY,,,EMANL,Precious,8123491409,+234,,6.6165827,3.2982667,60,Ipaja Road,Lagos State,Abule Egba,102213,NG,NGR001,,,,
Toyin Store,SECONDARY,,,EMANL,Toyin,9028196174,+234,,6.616551,3.2982587,"Ipaja Road, Alimosho, Lagos State, 100276, Nigeria",Ipaja Road,Lagos State,Abule Egba,102213,NG,NGR001,,,,
Favour Store,SECONDARY,,,EMANL,Peter,8060670828,+234,,6.6165493,3.2982546,24,Ipaja Road,Lagos State,Abule Egba,102213,NG,NGR001,,,,
Dazzy beauty store,SECONDARY,,,EMANL,Chinaza,8165628654,+234,,6.6165902,3.2982907,"Ipaja Road, Alimosho, Lagos State, 100276, Nigeria",Ipaja Road,Lagos State,Abule Egba,102213,NG,NGR001,,,,
Madam Nancy ventures,SECONDARY,,,EMANL,Nancy,7034300091,+234,,6.616503,3.2978292,"Iyana-Ipaja New Road, Alimosho, Lagos State, 100276, Nigeria",Iyana-Ipaja New Road,Lagos State,Abule Egba,102213,NG,NGR001,,,,
M. Feranmi tiwalope store,SECONDARY,,,EMANL,Feranmi,7066976264,+234,,6.6170759,3.2977714,Iyana ipaja,,Lagos State,Abule Egba,102213,NG,NGR001,,,,
Chinaza Stores,SECONDARY,,,EMANL,Chinaza,7040235410,+234,,6.4656705,3.3261429,Shop 335,Lagos-Badagry Expressway,Lagos State,Surulere,102102,NG,NGR001,,,,
Ethan & Bethan Store,SECONDARY,,,EMANL,Ethan,8090807759,+234,,6.6343385,3.3019136,421/423 Abeokuta express way oke odo ile epo lagos,Lagos-Abeokuta Expressway,Lagos State,Abule Egba,100276,NG,NGR001,,,,
MCI Store,SECONDARY,,,EMANL,MCI,8062761177,+234,,6.4642578,3.3252936,Shop SC-30,Lagos-Badagry Expressway,Lagos State,Alaiyabiagba,102102,NG,NGR001,,,,
Solomon store,SECONDARY,,,EMANL,Solomon,9118085310,+234,,6.4656705,3.3261429,Shop 329A,Lagos-Badagry Expressway,Lagos State,Surulere,102102,NG,NGR001,,,,
Alhaja Iya Sukura,SECONDARY,,,EMANL,Sukura,8028374555,+234,,6.4639766,3.3253514,Shop 107,Lagos-Badagry Expressway,Lagos State,Alaiyabiagba,102102,NG,NGR001,,,,
Mama Ejima,SECONDARY,,,EMANL,Chinonye,8038485043,+234,,6.4636832,3.3248839,Shop SC 7,Lagos-Badagry Expressway,Lagos State,Alaiyabiagba,102102,NG,NGR001,,,,
Mummy Rashida store,SECONDARY,,,EMANL,Mummy Rashida,8039114998,+234,,6.6352385,3.301324,1,Ile Epo Market,Lagos State,Abule Egba,100276,NG,NGR001,,,,
Sj special cosmetics,SECONDARY,,,EMANL,Sj cosmetics,8164680488,+234,,6.6351454,3.3014171,Ilepo market,,Lagos State,Abule Egba,100276,NG,NGR001,,,,
S.O.S,SECONDARY,,,EMANL,Shodiya,8123727330,+234,,6.6356083,3.301895,Shop 1 oke odo ile epo,Ile Epo Market,Lagos State,Abule Egba,100276,NG,NGR001,,,,
A joke,SECONDARY,,,EMANL,A joke,8197270186,+234,,6.6351747,3.3015448,IleEpo market,,Lagos State,Abule Egba,100276,NG,NGR001,,,,
Shukura Store,SECONDARY,,,EMANL,Shukura,9047383458,+234,,6.6351404,3.3014244,No 1 Ota road oke odo ile epo market,,Lagos State,Abule Egba,100276,NG,NGR001,,,,
Tomadan store,SECONDARY,,,EMANL,Tomadan,8023643621,+234,,6.6351612,3.3015058,36,,Lagos State,Abule Egba,100276,NG,NGR001,,,,
Just best cosmetics,SECONDARY,,,EMANL,Just best,7030898862,+234,,6.6355984,3.3012891,Ile Epo market,Ile Epo Market,Lagos State,Abule Egba,100276,NG,NGR001,,,,
Golden Penny Products,SECONDARY,,,EMANL,Chizoba,8168377060,+234,,6.465344,3.3251987,Shop 004,Lagos-Badagry Expressway,Lagos State,Animshaun,102102,NG,NGR001,,,,
Babysitting store,SECONDARY,,,EMANL,Babysitting,7039624337,+234,,6.6356288,3.3012872,Ile Epomarket,Ile Epo Market,Lagos State,Abule Egba,100276,NG,NGR001,,,,
Anuoluwa stores,SECONDARY,,,EMANL,Iya dolapo,8026721698,+234,,6.6356266,3.3012896,IleEpo market,Ile Epo Market,Lagos State,Abule Egba,100276,NG,NGR001,,,,
Tomadan,SECONDARY,,,EMANL,Ayomide,8126256227,+234,,6.6353714,3.3013201,"Oke odo market, Agbado oke odo",Ile Epo Market,Lagos State,Abule Egba,100276,NG,NGR001,,,,
Jaiyeola Stores,SECONDARY,,,EMANL,Stephen,8138102472,+234,,6.46446,3.3255683,Shop 008,,Lagos State,Alaiyabiagba,102102,NG,NGR001,,,,
Kamkaf stores,SECONDARY,,,EMANL,Kamkaf,8081774911,+234,,6.6356288,3.3012879,Ile Epo market,Ile Epo Market,Lagos State,Abule Egba,100276,NG,NGR001,,,,
Accord Trading Enterprises,SECONDARY,,,EMANL,Joshua,7081998698,+234,,6.6357182,3.3012079,Ile epo model market,Ile Epo Market,Lagos State,Abule Egba,100276,NG,NGR001,,,,
Oba investment,SECONDARY,,,EMANL,Festus,8035003578,+234,,6.6357795,3.3009197,Ile Epo market,Ile Epo Market,Lagos State,Abule Egba,100276,NG,NGR001,,,,
Mama Goodness Store,SECONDARY,,,EMANL,Nkiruka,8026624631,+234,,6.464942,3.3266462,Shop PW 71,Alaba Oro Road,Lagos State,Alaiyabiagba,102102,NG,NGR001,,,,
Mum tise stores,SECONDARY,,,EMANL,Mum tishe,8028380592,+234,,6.6358478,3.3009533,IleEpo market,Ile Epo Market,Lagos State,Abule Egba,100276,NG,NGR001,,,,
Dembos procurement,SECONDARY,,,EMANL,Dembos procurement,8056321893,+234,,6.6356971,3.3011492,Ile Epo market,Ile Epo Market,Lagos State,Abule Egba,100276,NG,NGR001,,,,
Daniel Store,SECONDARY,,,EMANL,Chioma,9131248655,+234,,6.6356975,3.3011434,"No ,10 shopping complex Ile Epo Market, BRT Lane, Abule Egba, Alimosho, Lagos State, 100276, Nigeria",Ile Epo Market,Lagos State,Abule Egba,100276,NG,NGR001,,,,
Mama D store,SECONDARY,,,EMANL,Mama D,8169663025,+234,,6.6358154,3.3009012,7,Ile Epo Market,Lagos State,Abule Egba,100276,NG,NGR001,,,,
Morayo stores,SECONDARY,,,EMANL,Morayo,7069039230,+234,,6.6359301,3.3013017,Ile Epo market,Ile Epo Market,Lagos State,Abule Egba,100276,NG,NGR001,,,,
CHI-STORE,SECONDARY,,,EMANL,Uchechi,8033479339,+234,,6.4657317,3.3262012,Shop SC 29,Lagos-Badagry Expressway,Lagos State,Surulere,102102,NG,NGR001,,,,
Buyintob Store,SECONDARY,,,EMANL,Sanyaolu,7052926124,+234,,6.6357958,3.3009065,Ile epo model market complex,Ile Epo Market,Lagos State,Abule Egba,100276,NG,NGR001,,,,
Ibunkun Store,SECONDARY,,,EMANL,Ibunkun,9046371447,+234,,6.6357746,3.3012906,4 modelcomplex oke odo ile epo,Ile Epo Market,Lagos State,Abule Egba,100276,NG,NGR001,,,,
Balikis Store,SECONDARY,,,EMANL,Balikis,8144950080,+234,,6.4656705,3.3261429,Shop 146,Lagos-Badagry Expressway,Lagos State,Surulere,102102,NG,NGR001,,,,
T R stores,SECONDARY,,,EMANL,TR,7033334313,+234,,6.6357964,3.3012796,Oke odo market,Ile Epo Market,Lagos State,Abule Egba,100276,NG,NGR001,,,,
Treasure store,SECONDARY,,,EMANL,Treasure,8023992147,+234,,6.6358764,3.3012537,"No 3,Ile Epo Market, Irepodun Street, Abule Egba, Alimosho, Lagos State, 100276, Nigeria",Ile Epo Market,Lagos State,Abule Egba,100276,NG,NGR001,,,,
Somzitel Global Links,SECONDARY,,,EMANL,Somzitel,8063832720,+234,,6.4766467,3.2746233,23 Road Market Festac,Market,Lagos State,Festac,102102,NG,NGR001,,,,
Joy Whosales,SECONDARY,,,EMANL,Joy,9021709383,+234,,6.4643422,3.3258281,Shop 147,,Lagos State,Alaiyabiagba,102102,NG,NGR001,,,,
Samis stores,SECONDARY,,,EMANL,Samis,7084436364,+234,,6.6356281,3.3012859,IleEpo oke odo,Ile Epo Market,Lagos State,Abule Egba,100276,NG,NGR001,,,,
Ayanfe oluwa store,SECONDARY,,,EMANL,Ayanfe,7088684010,+234,,6.6356517,3.3012709,Ile epo Model market,Ile Epo Market,Lagos State,Abule Egba,100276,NG,NGR001,,,,
Veracity store,SECONDARY,,,EMANL,Vera,8063340317,+234,,6.454012241262747,3.2457490368302504,Jv 233 article,,Lagos State,Aiyetoto-Asogun,102113,NG,NGR001,,,,
BJ  venture,SECONDARY,,,EMANL,Joy,8148680560,+234,,6.635625,3.30129,"Ile Epo Market, BRT Lane, Abule Egba, Alimosho, Lagos State, 100276, Nigeria",Ile Epo Market,Lagos State,Abule Egba,100276,NG,NGR001,,,,
Valsoria,SECONDARY,,,EMANL,Nkechi,9135974270,+234,,6.4768052,3.2747875,D4 23 Road Market Festac,Market,Lagos State,Festac,102102,NG,NGR001,,,,
Queens Store,SECONDARY,,,EMANL,Queen,8050573056,+234,,6.6356691,3.3014898,Oke odo Ile epo,Ile Epo Market,Lagos State,Abule Egba,100276,NG,NGR001,,,,
Chibuzor stores,SECONDARY,,,EMANL,Chibuzo,7075922247,+234,,6.453805082066444,3.245629091471104,Back article market,,Lagos State,Aiyetoto-Asogun,102113,NG,NGR001,,,,
Omowunmi store,SECONDARY,,,EMANL,Omowunmi,8124382658,+234,,6.6356257,3.3012915,42 Ile epo,Ile Epo Market,Lagos State,Abule Egba,100276,NG,NGR001,,,,
Lydia Store,SECONDARY,,,EMANL,Lydia,8063636221,+234,,6.6356632,3.3014794,Ile epo model market,Ile Epo Market,Lagos State,Abule Egba,100276,NG,NGR001,,,,
Selmokhai  Ventures,SECONDARY,,,EMANL,Selmokhai,8060096837,+234,,6.4765009,3.2745615,L3 Road Market Festac,Market,Lagos State,Festac,102102,NG,NGR001,,,,
Mariam Store,SECONDARY,,,EMANL,Mariam,8067703127,+234,,6.4636832,3.3248839,Shop 47,Lagos-Badagry Expressway,Lagos State,Alaiyabiagba,102102,NG,NGR001,,,,
Heritage store,SECONDARY,,,EMANL,Heritage,9151773966,+234,,6.6356576,3.3014282,IleEpo oke odo,Ile Epo Market,Lagos State,Abule Egba,100276,NG,NGR001,,,,
Amara Store,SECONDARY,,,EMANL,Amara,7036104905,+234,,6.4760974,3.2745221,D5 23 Road Market,Market,Lagos State,Festac,102102,NG,NGR001,,,,
Olajumoke store,SECONDARY,,,EMANL,Olajumoke,7035497021,+234,,6.6361845,3.3010418,"Folassde ojo complex, Ile Epo Market, Lagos-Abeokuta Expressway, Abule Egba, Alimosho, Lagos State, 100276, Nigeria",Ile Epo Market,Lagos State,Abule Egba,100276,NG,NGR001,,,,
Ruka Store,SECONDARY,,,EMANL,Ruka Ogunlola,9169482350,+234,,6.6356661,3.3014846,Ile epo model market,Ile Epo Market,Lagos State,Abule Egba,100276,NG,NGR001,,,,
Kimbo store,SECONDARY,,,EMANL,Kimbo store,8139524229,+234,,6.635943,3.3012677,IleEpo market,Ile Epo Market,Lagos State,Abule Egba,100276,NG,NGR001,,,,
Mummy theo market,SECONDARY,,,EMANL,Theophilus,7064473316,+234,,6.6354663,3.3008073,"Ile Epo Market, Irepodun Street, Abule Egba, Alimosho, Lagos State, 100276, Nigeria",Ile Epo Market,Lagos State,Abule Egba,100276,NG,NGR001,,,,
Oshodi food inter price,SECONDARY,,,EMANL,Oshodi,8035718705,+234,,6.6370042,3.3022282,8 Ile epo,Ile Epo Market,Lagos State,Abule Egba,100276,NG,NGR001,,,,
Chinwe Store,SECONDARY,,,EMANL,Chinwe,8089393337,+234,,6.4761203,3.2744784,E3 23 Road Festac Market,Market,Lagos State,Festac,102102,NG,NGR001,,,,
Adams store,SECONDARY,,,EMANL,Latifat,8042441441,+234,,6.6354299,3.3008318,"Irepodun Street, Abule Egba, Alimosho, Lagos State, 100276, Nigeria",Irepodun Street,Lagos State,Abule Egba,100276,NG,NGR001,,,,
Chidimma store,SECONDARY,,,EMANL,Chidimma ofoezie,8000192423,+234,,6.635899,3.3012177,Ile epo,Ile Epo Market,Lagos State,Abule Egba,100276,NG,NGR001,,,,
Abike store,SECONDARY,,,EMANL,Abike,8055055096,+234,,6.6359311,3.3013026,Ile Epo market,Ile Epo Market,Lagos State,Abule Egba,100276,NG,NGR001,,,,
Caros Store,SECONDARY,,,EMANL,Caros,8033523835,+234,,6.4761135,3.2744386,D 8 23 Road Festac,Market,Lagos State,Festac,102102,NG,NGR001,,,,
God's time storet,SECONDARY,,,EMANL,Ifeoma,8032482831,+234,,6.6359449,3.3012802,5,Ile Epo Market,Lagos State,Abule Egba,100276,NG,NGR001,,,,
Ayomide store,SECONDARY,,,EMANL,Ayomide,8028473791,+234,,6.6353914,3.3008143,"Irepodun Street, Abule Egba, Alimosho, Lagos State, 100276, Nigeria",Irepodun Street,Lagos State,Abule Egba,100276,NG,NGR001,,,,
AKCstore,SECONDARY,,,EMANL,Akc,8038774033,+234,,6.6359318,3.301308,"Ile Epo Market, BRT Lane, Abule Egba, Alimosho, Lagos State, 100276, Nigeria",Ile Epo Market,Lagos State,Abule Egba,100276,NG,NGR001,,,,
Bodulake Enterprises,SECONDARY,,,EMANL,Bodulake,8120176869,+234,,6.6359308,3.3013036,27 ile epo model market,Ile Epo Market,Lagos State,Abule Egba,100276,NG,NGR001,,,,
Favourite babies,SECONDARY,,,EMANL,Favourite babies,8028164177,+234,,6.6358965,3.3014321,27 ile epo model market,Ile Epo Market,Lagos State,Abule Egba,100276,NG,NGR001,,,,
Victoria store,SECONDARY,,,EMANL,Victoria tolutope,8086733049,+234,,6.6360642,3.3011053,Ile epo,Ile Epo Market,Lagos State,Abule Egba,100276,NG,NGR001,,,,
Oluchi store,SECONDARY,,,EMANL,Oluchi,9036953918,+234,,6.4636832,3.3248839,Shop WP 157,Lagos-Badagry Expressway,Lagos State,Alaiyabiagba,102102,NG,NGR001,,,,
Kete,SECONDARY,,,EMANL,Kate,7035755139,+234,,6.4761045,3.2743005,F3 23 Road Festac Market,Market,Lagos State,Festac,102102,NG,NGR001,,,,
Mummy Zainab Store,SECONDARY,,,EMANL,Zainab,7054837873,+234,,6.6337314,3.2994162,"Irepodun Street, Abule Egba, Alimosho, Lagos State, 100276, Nigeria",Irepodun Street,Lagos State,Abule Egba,100276,NG,NGR001,,,,
Yet B store,SECONDARY,,,EMANL,Mama gold,9070205093,+234,,6.6359312,3.3013067,"Ile Epo Market, Lagos-Abeokuta Expressway, Abule Egba, Alimosho, Lagos State, 100276, Nigeria",Ile Epo Market,Lagos State,Abule Egba,100276,NG,NGR001,,,,
Seun store,SECONDARY,,,EMANL,Seun,8021295937,+234,,6.6361186,3.3008979,3,Ile Epo Market,Lagos State,Abule Egba,100276,NG,NGR001,,,,
Iya Sewa store,SECONDARY,,,EMANL,Bukunmi,8035184703,+234,,6.6359853,3.3011879,7 ile epo model market,Ile Epo Market,Lagos State,Abule Egba,100276,NG,NGR001,,,,
Ife store,SECONDARY,,,EMANL,Ife,8035149738,+234,,6.6348569,3.3004602,"Irepodun Street, Abule Egba, Alimosho, Lagos State, 100276, Nigeria",Irepodun Street,Lagos State,Abule Egba,100276,NG,NGR001,,,,
Mummy Chucks,SECONDARY,,,EMANL,Mummy Chucks,8039195602,+234,,6.4759516,3.274297,E 10 23 Road Market,Market,Lagos State,Festac,102102,NG,NGR001,,,,
Balow Shop,SECONDARY,,,EMANL,Balo,8061193153,+234,,6.6361863,3.3010364,Shop 22 ile epo model market complex,Ile Epo Market,Lagos State,Abule Egba,100276,NG,NGR001,,,,
Yet B store,SECONDARY,,,EMANL,Yet B,7066064010,+234,,6.6361662,3.3012266,"Ile Epo Market, BRT Lane, Abule Egba, Alimosho, Lagos State, 100276, Nigeria",Ile Epo Market,Lagos State,Abule Egba,100276,NG,NGR001,,,,
Omosco,SECONDARY,,,EMANL,Omosco,7069573953,+234,,6.6360339,3.300368,"No 23a, Ile Epo Market, Lagos-Abeokuta Expressway, Abule Egba, Alimosho, Lagos State, 100276, Nigeria",Ile Epo Market,Lagos State,Abule Egba,100276,NG,NGR001,,,,
Chy ventures,SECONDARY,,,EMANL,Chy,8038828849,+234,,6.6347453,3.3016079,Ile epo,Lagos-Abeokuta Expressway,Lagos State,Abule Egba,100276,NG,NGR001,,,,
Atinuke store,SECONDARY,,,EMANL,Atinuke,7019617678,+234,,6.6362852,3.300894,9,Ile Epo Market,Lagos State,Abule Egba,100276,NG,NGR001,,,,
God's own provision,SECONDARY,,,EMANL,God's Own,8038820656,+234,,6.6362885,3.3009744,7 ile epo model market,Ile Epo Market,Lagos State,Abule Egba,100276,NG,NGR001,,,,
Osyson Store,SECONDARY,,,EMANL,Osyson,9065716922,+234,,6.4755429,3.2742365,02 23 Road Festac,Market,Lagos State,Festac,102102,NG,NGR001,,,,
Sunday Store,SECONDARY,,,EMANL,Sunday,9162544923,+234,,6.4640454,3.3248985,Shop 112,Lagos-Badagry Expressway,Lagos State,Alaiyabiagba,102102,NG,NGR001,,,,
Baby Sample Store,SECONDARY,,,EMANL,Sample,7038815137,+234,,6.465344,3.3251987,Block C shop 65,Lagos-Badagry Expressway,Lagos State,Animshaun,102102,NG,NGR001,,,,
Chike store,SECONDARY,,,EMANL,Chike,8123135216,+234,,6.6364891,3.3009095,"Ile Epo Market, BRT Lane, Abule Egba, Alimosho, Lagos State, 100276, Nigeria",Ile Epo Market,Lagos State,Abule Egba,100276,NG,NGR001,,,,
Ethan & Bethan store,SECONDARY,,,EMANL,Tunrayo,8027042906,+234,,6.6346407,3.3014601,Ilepo,Lagos-Abeokuta Expressway,Lagos State,Abule Egba,100276,NG,NGR001,,,,
Ifytex cosmetics store,SECONDARY,,,EMANL,Ifytex,8035769757,+234,,6.6343985,3.3014188,Ilepo,,Lagos State,Abule Egba,100276,NG,NGR001,,,,
Madam Ngozi stores,SECONDARY,,,EMANL,Ngozi,8035131203,+234,,6.453789271068659,3.2456331798485634,39/40 article,,Lagos State,Aiyetoto-Asogun,102113,NG,NGR001,,,,
Mummy smooth,SECONDARY,,,EMANL,Ngozi,8060763721,+234,,6.454291995299069,3.2451756579658193,1258,Market,Lagos State,Aiyetoto-Asogun,102113,NG,NGR001,,,,
Matrinda Super stores,SECONDARY,,,EMANL,Adams,8034008250,+234,,6.636004,3.3004109,"Ile Epo Market, BRT Lane, Abule Egba, Alimosho, Lagos State, 100276, Nigeria",Ile Epo Market,Lagos State,Abule Egba,100276,NG,NGR001,,,,
Adeola store,SECONDARY,,,EMANL,Adeola,8122204593,+234,,6.6344295,3.3013984,Ilepo,,Lagos State,Abule Egba,100276,NG,NGR001,,,,
Oba comsumable,SECONDARY,,,EMANL,Oluchi,8162553650,+234,,6.4584053,3.28617,No 45  old ojo road agboju market,,Lagos State,Festac,102102,NG,NGR001,,,,
FrozenSuper Store,SECONDARY,,,EMANL,Frozo,8056445688,+234,,6.4753676,3.2744776,D 11 23 Road Festac,Market,Lagos State,Festac,102102,NG,NGR001,,,,
Olaoluwa store,SECONDARY,,,EMANL,Olaoluwa,8081335008,+234,,6.6344585,3.3013788,421/423 lagos abeokuta expressway,,Lagos State,Abule Egba,100276,NG,NGR001,,,,
Amanda Store,SECONDARY,,,EMANL,Amanda,8036413158,+234,,6.6362207,3.3012714,29,Ile Epo Market,Lagos State,Abule Egba,100276,NG,NGR001,,,,
Kemi stores,SECONDARY,,,EMANL,Kemi,8024154440,+234,,6.454163075378602,3.245330633907591,JI/167,Market,Lagos State,Aiyetoto-Asogun,102113,NG,NGR001,,,,
Nnena Babies stores,SECONDARY,,,EMANL,Nnena,7038204225,+234,,6.454163075277542,3.2453306250678273,JI/165,Market,Lagos State,Aiyetoto-Asogun,102113,NG,NGR001,,,,
Lizzyjoy store,SECONDARY,,,EMANL,Lizzy,9055006887,+234,,6.6362246,3.3012724,7,Ile Epo Market,Lagos State,Abule Egba,100276,NG,NGR001,,,,
Ziglo stores,SECONDARY,,,EMANL,Ziglo,8030839798,+234,,6.454120093234075,3.245234746970622,JI/161,Market,Lagos State,Aiyetoto-Asogun,102113,NG,NGR001,,,,
Okoro,SECONDARY,,,EMANL,Okoro,9088207704,+234,,6.4541523260930775,3.2452942675298617,JI/058,Market,Lagos State,Aiyetoto-Asogun,102113,NG,NGR001,,,,
Kasamani,SECONDARY,,,EMANL,Kasamani,7038400937,+234,,6.4538084687701565,3.245637793509854,Back article market,,Lagos State,Aiyetoto-Asogun,102113,NG,NGR001,,,,
Amazing Grace Golden Links,SECONDARY,,,EMANL,Amazing Grace,9020495326,+234,,6.4754029,3.2744467,B9   B11 23 Road Festac,Market,Lagos State,Festac,102102,NG,NGR001,,,,
Blessed Crown Multi services,SECONDARY,,,EMANL,Isedu,8038251056,+234,,6.4636832,3.3248839,Shop 245,Lagos-Badagry Expressway,Lagos State,Alaiyabiagba,102102,NG,NGR001,,,,
Afolake store,SECONDARY,,,EMANL,Afolake,8028327390,+234,,6.6363441,3.3012219,"Ile Epo Market, Lagos-Abeokuta Expressway, Abule Egba, Alimosho, Lagos State, 100276, Nigeria",Ile Epo Market,Lagos State,Abule Egba,100276,NG,NGR001,,,,
Starmass enterpriseng,SECONDARY,,,EMANL,Star Mass,8034822406,+234,,6.6345787,3.3012186,Ilepo oke odo,,Lagos State,Abule Egba,100276,NG,NGR001,,,,
Life line store,SECONDARY,,,EMANL,Funke,8034747980,+234,,6.4599384,3.2868157,Old ojo road close oja market,Lagos-Badagry Expressway,Lagos State,Festac,102102,NG,NGR001,,,,
His approval global,SECONDARY,,,EMANL,His approval,7053989612,+234,,6.6345832,3.3012152,"2,ogundare street ilepo",,Lagos State,Abule Egba,100276,NG,NGR001,,,,
Mary babies stores,SECONDARY,,,EMANL,Mary,9161353465,+234,,6.454189462251643,3.245372857939124,JI/164,Market,Lagos State,Aiyetoto-Asogun,102113,NG,NGR001,,,,
Ike kingsway,SECONDARY,,,EMANL,Ike,9061357132,+234,,6.6362451,3.3012366,Alhaja banjo kareem block,Ile Epo Market,Lagos State,Abule Egba,100276,NG,NGR001,,,,
Blessed ng stores,SECONDARY,,,EMANL,Blessed,7033391359,+234,,6.6362007,3.3012888,IleEpo oke odo,Ile Epo Market,Lagos State,Abule Egba,100276,NG,NGR001,,,,
Heritage 2,SECONDARY,,,EMANL,Heritage,8034405468,+234,,6.6362645,3.3009602,IleEpo market,Ile Epo Market,Lagos State,Abule Egba,100276,NG,NGR001,,,,
JoEmmanuel store,SECONDARY,,,EMANL,Joy,8033360159,+234,,6.6362204,3.3010168,DC 109 oke odo market,Ile Epo Market,Lagos State,Abule Egba,100276,NG,NGR001,,,,
Anuoluwapo,SECONDARY,,,EMANL,Mariam,7061976637,+234,,6.6362583,3.3010069,4 Oke odo IleEpo,Ile Epo Market,Lagos State,Abule Egba,100276,NG,NGR001,,,,
Rich sam unique store,SECONDARY,,,EMANL,Rich sam,8028438439,+234,,6.6361289,3.3010242,IleEpo oke odo,Ile Epo Market,Lagos State,Abule Egba,100276,NG,NGR001,,,,
MumMicheal,SECONDARY,,,EMANL,Mum Micheal,9056180144,+234,,6.6358093,3.30142,Ile epo,Ile Epo Market,Lagos State,Abule Egba,100276,NG,NGR001,,,,
Nk Cook and Grocery,SECONDARY,,,EMANL,Nk,9056198011,+234,,6.4754063,3.2744876,Store 10 23 Road,Market,Lagos State,Festac,102102,NG,NGR001,,,,
MOTUNRAYO,SECONDARY,,,EMANL,Motunrayo,8054663553,+234,,6.4643146,3.326709,Shop 164B,,Lagos State,Alaiyabiagba,102102,NG,NGR001,,,,
Mummy tomisin store,SECONDARY,,,EMANL,Mummy tomisin,8024148025,+234,,6.6362174,3.3012713,24,Ile Epo Market,Lagos State,Abule Egba,100276,NG,NGR001,,,,
Blessed cj,SECONDARY,,,EMANL,Blessed ck,8083510677,+234,,6.6346105,3.300991,Ilepo oke odo,,Lagos State,Abule Egba,100276,NG,NGR001,,,,
Mama A,SECONDARY,,,EMANL,Mama A,7081546016,+234,,6.6360317,3.3014309,Ile Epo market,Ile Epo Market,Lagos State,Abule Egba,100276,NG,NGR001,,,,
Murhakfit ventures,SECONDARY,,,EMANL,Murhakfit,7035708544,+234,,6.4784825,3.3456911,Idiose market orile,Lagos-Badagry Expressway,Lagos State,Animshaun,102102,NG,NGR001,,,,
Mummy Dee stores,SECONDARY,,,EMANL,Dee,9034690628,+234,,6.454152333889874,3.245294054507895,Block j passage way,Market,Lagos State,Aiyetoto-Asogun,102113,NG,NGR001,,,,
De Unique venture,SECONDARY,,,EMANL,Unique,8033458016,+234,,6.454204048322866,3.245392378974326,Block JI/189 and 190,Market,Lagos State,Aiyetoto-Asogun,102113,NG,NGR001,,,,
Adijat Faith store,SECONDARY,,,EMANL,Adijat Faith,8036410109,+234,,6.6366707,3.3022282,22,Ile Epo Market,Lagos State,Abule Egba,100276,NG,NGR001,,,,
Pinky baby world,SECONDARY,,,EMANL,Pinky,7037737473,+234,,6.454163070189696,3.245330571124517,JI/155,Market,Lagos State,Aiyetoto-Asogun,102113,NG,NGR001,,,,
Mr Mary stores,SECONDARY,,,EMANL,Madu,8130821803,+234,,6.454119427458152,3.2452332625256375,JI/159,Market,Lagos State,Aiyetoto-Asogun,102113,NG,NGR001,,,,
Iya fatima,SECONDARY,,,EMANL,Fatima,8137094568,+234,,6.4778385,3.3454842,109 lmam Raji street,,Lagos State,Apapa,102102,NG,NGR001,,,,
Comfort store,SECONDARY,,,EMANL,Comfort,8115087756,+234,,6.6346775,3.3008539,Oke odo,,Lagos State,Abule Egba,100276,NG,NGR001,,,,
Torayo store,SECONDARY,,,EMANL,Torayo,7066637523,+234,,6.4580977,3.2862364,No 178 old ojo road agboju,,Lagos State,Festac,102102,NG,NGR001,,,,
Verified Store,SECONDARY,,,EMANL,Jecenta,8139057834,+234,,6.4752398,3.2742789,D3 23 Road Market,Market,Lagos State,Festac,102102,NG,NGR001,,,,
Mummy fathia store,SECONDARY,,,EMANL,Mum fathia,8050578566,+234,,6.6346237,3.3012691,"9, ogundare street oke odo",,Lagos State,Abule Egba,100276,NG,NGR001,,,,
Adedoyin store,SECONDARY,,,EMANL,Adedoyin,7063498809,+234,,6.4775189,3.345346,Shop 2 idi ose market,,Lagos State,Apapa,102102,NG,NGR001,,,,
Fahroid nig enterprise,SECONDARY,,,EMANL,Ajayi,8023450288,+234,,6.6361608,3.3015074,9 oyeyemi adedeji block,Ile Epo Market,Lagos State,Abule Egba,100276,NG,NGR001,,,,
Sanni store,SECONDARY,,,EMANL,Sanni,8034356303,+234,,6.6366707,3.3022282,10,Ile Epo Market,Lagos State,Abule Egba,100276,NG,NGR001,,,,
Sanni,SECONDARY,,,EMANL,Sanni,7082086611,+234,,6.634566,3.3011963,"9, ogundare street oke odo",,Lagos State,Abule Egba,100276,NG,NGR001,,,,
Eko store,SECONDARY,,,EMANL,Shuruyat,9015933545,+234,,6.4770917,3.3448133,14 Iman murajiStreet,,Lagos State,Apapa,102102,NG,NGR001,,,,
Herpex store,SECONDARY,,,EMANL,Juilet,8067465678,+234,,6.4584691,3.2864346,Shop 45 old ojo road agboju,,Lagos State,Festac,102102,NG,NGR001,,,,
Iyao ope store,SECONDARY,,,EMANL,Iya ope,9044222148,+234,,6.4773498,3.3449734,22B orile iganmu,,Lagos State,Apapa,102102,NG,NGR001,,,,
Mummy Dubem,SECONDARY,,,EMANL,Dubem,8031364159,+234,,6.4636832,3.3248839,Shop 13/14 Block 50,Lagos-Badagry Expressway,Lagos State,Alaiyabiagba,102102,NG,NGR001,,,,
Abidemi adeola store,SECONDARY,,,EMANL,Abidemi adeola,8032296966,+234,,6.6366707,3.3022282,21,Ile Epo Market,Lagos State,Abule Egba,100276,NG,NGR001,,,,
Ugo victorious store,SECONDARY,,,EMANL,Ugo,8034224216,+234,,6.63601,3.3012845,24 oyeyemi adebanjo block,Ile Epo Market,Lagos State,Abule Egba,100276,NG,NGR001,,,,
Arape shola store,SECONDARY,,,EMANL,Arape,8025488430,+234,,6.4582637,3.2863058,No 1 jamo street old ojo road agboju,,Lagos State,Festac,102102,NG,NGR001,,,,
Mummy Modupe store,SECONDARY,,,EMANL,Qudus,8167330958,+234,,6.63528,3.3016883,"Ile Epo Market, Irepodun Street, Abule Egba, Alimosho, Lagos State, 100276, Nigeria",Ile Epo Market,Lagos State,Abule Egba,100276,NG,NGR001,,,,
Mummy Daniel,SECONDARY,,,EMANL,Vera,8163625478,+234,,6.4643422,3.3258281,Shop 1320,,Lagos State,Alaiyabiagba,102102,NG,NGR001,,,,
S.t.m,SECONDARY,,,EMANL,S.t.m,9040395277,+234,,6.6344779,3.3002568,Irepodun,Irepodun Street,Lagos State,Abule Egba,100276,NG,NGR001,,,,
Mama faithful,SECONDARY,,,EMANL,Mum faithful,7038430454,+234,,6.6366707,3.3022282,Oyeyemi adebanjo block,Ile Epo Market,Lagos State,Abule Egba,100276,NG,NGR001,,,,
Isaiah store,SECONDARY,,,EMANL,Isaiah,8033778204,+234,,6.4770448,3.3447932,27 Adisatu streetorile,,Lagos State,Apapa,101212,NG,NGR001,,,,
Nik Anthony,SECONDARY,,,EMANL,Nik Anthony,9046046326,+234,,6.4757272,3.2745987,C4 23 Road Festac,Market,Lagos State,Festac,102102,NG,NGR001,,,,
Madam A.Y,SECONDARY,,,EMANL,Ayo,8166629116,+234,,6.6340133,3.3006553,Ilepo,,Lagos State,Abule Egba,100276,NG,NGR001,,,,
Unique Shop,SECONDARY,,,EMANL,Unique,9067847582,+234,,6.4651287,3.3263135,Shop 1322,Lagos-Badagry Expressway,Lagos State,Alaiyabiagba,102102,NG,NGR001,,,,
Udo Venture,SECONDARY,,,EMANL,Udo,8069765731,+234,,6.4756942,3.2746104,Block 23 Road Festac Market,Market,Lagos State,Festac,102102,NG,NGR001,,,,
Cas Kiddies collection,SECONDARY,,,EMANL,Madam Cas,9032897186,+234,,6.454163185013595,3.2453312518176127,JI/154,Market,Lagos State,Aiyetoto-Asogun,102113,NG,NGR001,,,,
Opeyemi store,SECONDARY,,,EMANL,Opeyemi,8056653470,+234,,6.4771904,3.3447162,Shop22A orileiganmu,,Lagos State,Apapa,102102,NG,NGR001,,,,
Ajuke store,SECONDARY,,,EMANL,Ajuke,7088814012,+234,,6.6366707,3.3022282,2,Ile Epo Market,Lagos State,Abule Egba,100276,NG,NGR001,,,,
Pea Don mother care,SECONDARY,,,EMANL,Don,7030400150,+234,,6.4540582507432065,3.245097006058844,JI/094,Market,Lagos State,Aiyetoto-Asogun,102113,NG,NGR001,,,,
Mercy store,SECONDARY,,,EMANL,Mercy,7039406195,+234,,6.4584187,3.2861031,Shop A 01 old ojo road praise plaza,,Lagos State,Festac,102102,NG,NGR001,,,,
Ifeoma store,SECONDARY,,,EMANL,Ifeoma,8067192423,+234,,6.4775168,3.3456608,Iman muraji Street off Diamond line,Iganmu Road,Lagos State,Apapa,101212,NG,NGR001,,,,
Thysan store,SECONDARY,,,EMANL,Thysan,9080417203,+234,,6.6359098,3.3016096,"Ile Epo Market, Lagos-Abeokuta Expressway, Abule Egba, Alimosho, Lagos State, 100276, Nigeria",Ile Epo Market,Lagos State,Abule Egba,100276,NG,NGR001,,,,
C & e Store,SECONDARY,,,EMANL,Ogboizu,8117949970,+234,,6.6366707,3.3022282,1,Ile Epo Market,Lagos State,Abule Egba,100276,NG,NGR001,,,,
Mummy simi store,SECONDARY,,,EMANL,Taiwo,8104671854,+234,,6.63436,3.3002824,"15,ilupeju",,Lagos State,Abule Egba,100276,NG,NGR001,,,,
Ida store,SECONDARY,,,EMANL,Ida,9020343029,+234,,6.4584183,3.2861047,No 174 old ojo road agboju,,Lagos State,Festac,102102,NG,NGR001,,,,
Ogechi store,SECONDARY,,,EMANL,Ogechi,7034336774,+234,,6.4771028,3.344474,Block G Iman muraji Street,,Lagos State,Apapa,102102,NG,NGR001,,,,
JumokeStore,SECONDARY,,,EMANL,Jumoke,9075422789,+234,,6.6359122,3.301616,Alh abudulahi enilolobo,Ile Epo Market,Lagos State,Abule Egba,100276,NG,NGR001,,,,
MumAisha,SECONDARY,,,EMANL,Mum Aisha,9029062332,+234,,6.6343519,3.3002714,"14, ilupeju oke odo",,Lagos State,Abule Egba,100276,NG,NGR001,,,,
Bukki store,SECONDARY,,,EMANL,Bukki,8116020313,+234,,6.4583535,3.2861265,Shop 4 old ojo road agboju,,Lagos State,Festac,102102,NG,NGR001,,,,
Iya beji store,SECONDARY,,,EMANL,Iya beji,9122746451,+234,,6.4771009,3.3444734,Shop 19 orile iganmu market,,Lagos State,Apapa,102102,NG,NGR001,,,,
Mummy Chinansa store,SECONDARY,,,EMANL,Mummy Chinansa,7032441629,+234,,6.6366134,3.3005162,Model market ile epo,Ile Epo Market,Lagos State,Abule Egba,100276,NG,NGR001,,,,
Omotolani okikiola store,SECONDARY,,,EMANL,Adeola,8152516364,+234,,6.6359498,3.3015968,25 ile epo model compex,Ile Epo Market,Lagos State,Abule Egba,100276,NG,NGR001,,,,
Chidex Store,SECONDARY,,,EMANL,Chidex,9064493213,+234,,6.6361884,3.3014114,3 ile epo model complex,Ile Epo Market,Lagos State,Abule Egba,100276,NG,NGR001,,,,
Standev love Enterprises,SECONDARY,,,EMANL,Standev,7036597896,+234,,6.6364874,3.3013414,26 oke ode model,Ile Epo Market,Lagos State,Abule Egba,100276,NG,NGR001,,,,
Abiola store,SECONDARY,,,EMANL,Abiola,8075636365,+234,,6.6363924,3.3012561,042 oke odo market ile epo,Ile Epo Market,Lagos State,Abule Egba,100276,NG,NGR001,,,,
Modukwe store,SECONDARY,,,EMANL,Modukwe,8033705271,+234,,6.4775168,3.3456608,Shop 1 ImanRaji sadiku,Iganmu Road,Lagos State,Apapa,101212,NG,NGR001,,,,
Rahmah place,SECONDARY,,,EMANL,Rahmah,8033236754,+234,,6.6377107,3.2962514,"No 24, shopping complex inside market Alafia Street, Abule Egba, Alimosho, Lagos State, 100276, Nigeria",Alafia Street,Lagos State,Abule Egba,100276,NG,NGR001,,,,
Lawal bisola store,SECONDARY,,,EMANL,Lawal bisola,8028724717,+234,,6.4771904,3.3447162,10 E aratumi market orile,,Lagos State,Apapa,102102,NG,NGR001,,,,
Blevick store,SECONDARY,,,EMANL,Blessing,8032390904,+234,,6.6350044,3.3006465,"2, ogundare oke odo",Irepodun Street,Lagos State,Abule Egba,100276,NG,NGR001,,,,
Mummy ada babyStore,SECONDARY,,,EMANL,Chinelo,7038660051,+234,,6.6359105,3.3016152,8 Abdullah Enilolobo block,Ile Epo Market,Lagos State,Abule Egba,100276,NG,NGR001,,,,
Kingsley store,SECONDARY,,,EMANL,Kingsley chima okoli,7026956526,+234,,6.6366707,3.3022282,28,Ile Epo Market,Lagos State,Abule Egba,100276,NG,NGR001,,,,
Mum kadir store,SECONDARY,,,EMANL,Mim kadir,8034867951,+234,,6.4583346,3.2861433,Shop 6 old olo road,,Lagos State,Festac,102102,NG,NGR001,,,,
Adeola store,SECONDARY,,,EMANL,Adeola,8127958274,+234,,6.6353192,3.2996866,"22, ogundareStreet",,Lagos State,Abule Egba,100276,NG,NGR001,,,,
Iya joy store,SECONDARY,,,EMANL,Joy,8052504426,+234,,6.4775204,3.3451031,35 lman muraji,,Lagos State,Apapa,102102,NG,NGR001,,,,
Kafaya store,SECONDARY,,,EMANL,Kafayat,8143461611,+234,,6.458421,3.2861822,Shop 7 old ojo road agboju market,,Lagos State,Festac,102102,NG,NGR001,,,,
Denmark ventures,SECONDARY,,,EMANL,Denmark,8067047900,+234,,6.6370042,3.3022282,"Ile Epo Market, Lagos-Abeokuta Expressway, Abule Egba, Alimosho, Lagos State, 100276, Nigeria",Ile Epo Market,Lagos State,Abule Egba,100276,NG,NGR001,,,,
His Paris store,SECONDARY,,,EMANL,His Paris,9168337777,+234,,6.6349992,3.3028574,Ile Epomarket,,Lagos State,Alagba,100276,NG,NGR001,,,,
Nike store,SECONDARY,,,EMANL,Nike,9056366802,+234,,6.6352673,3.2997194,Ilepo,,Lagos State,Abule Egba,100276,NG,NGR001,,,,
Mummy Kachi stores,SECONDARY,,,EMANL,Adaobi,8038926567,+234,,6.454577440000001,3.244790310000001,GI/074,Market,Lagos State,Aiyetoto-Asogun,102113,NG,NGR001,,,,
Mummy Somto,SECONDARY,,,EMANL,Mbachu chioma,8035402674,+234,,6.454577439994718,3.2447903100016,GI/75,Market,Lagos State,Aiyetoto-Asogun,102113,NG,NGR001,,,,
Joy babies,SECONDARY,,,EMANL,Joy,8037318115,+234,,6.45457936570974,3.2447914600931127,GI/069,Market,Lagos State,Aiyetoto-Asogun,102113,NG,NGR001,,,,
Mama Emeka store,SECONDARY,,,EMANL,Mama Emeka,7032973893,+234,,6.45455411565641,3.244940883727346,GI/043,Market,Lagos State,Aiyetoto-Asogun,102113,NG,NGR001,,,,
SIMMY IYK Global,SECONDARY,,,EMANL,Simmy Iyk,8035802948,+234,,6.4760567,3.2747317,J4 23 Road Festac,Market,Lagos State,Festac,102102,NG,NGR001,,,,
Naza store,SECONDARY,,,EMANL,Naza,9019298538,+234,,6.458548,3.2862883,Shop 1 agboju market,,Lagos State,Festac,102102,NG,NGR001,,,,
Mrs Adenuka,SECONDARY,,,EMANL,Adenuka,8085323618,+234,,6.4767383,3.3442102,40 sadikuStreet,,Lagos State,Apapa,102102,NG,NGR001,,,,
Salami store,SECONDARY,,,EMANL,Salami,9012216445,+234,,6.6352678,3.2997248,"24, ogundare street",,Lagos State,Abule Egba,100276,NG,NGR001,,,,
Aderonke store,SECONDARY,,,EMANL,Aderonke,7062351864,+234,,6.4755272,3.3447162,Shop 7 orile,,Lagos State,Apapa,102102,NG,NGR001,,,,
Queen temi store,SECONDARY,,,EMANL,Queen temi,8089121509,+234,,6.4584458,3.2862584,Ahop 9 old ojo road agboju,,Lagos State,Festac,102102,NG,NGR001,,,,
Iya shafi store,SECONDARY,,,EMANL,Owolabi,8146133663,+234,,6.4775209,3.3450311,Shop 9 miran muraji,,Lagos State,Apapa,102102,NG,NGR001,,,,
Iya olaniyi store,SECONDARY,,,EMANL,Olaniyi,7034876606,+234,,6.6354406,3.2995928,"32, ogundare street",,Lagos State,Abule Egba,100276,NG,NGR001,,,,
Mama orginal store,SECONDARY,,,EMANL,Mama orginal,8167717898,+234,,6.4585707,3.2863085,Agboju market just ask of mama orgninal,,Lagos State,Festac,102102,NG,NGR001,,,,
Idayatullahi STORE,SECONDARY,,,EMANL,Alhaja,8033204570,+234,,6.4757321,3.2743336,J 16 23 Road Festac,Market,Lagos State,Festac,102102,NG,NGR001,,,,
Mama omasagie,SECONDARY,,,EMANL,Mama omasagie,8026627736,+234,,6.6361188,3.3012733,Ile Epomarket,Ile Epo Market,Lagos State,Abule Egba,100276,NG,NGR001,,,,
Blessed store,SECONDARY,,,EMANL,Emeka,8033526973,+234,,6.6354996,3.2995319,"2,olukosi street",,Lagos State,Abule Egba,100276,NG,NGR001,,,,
Ngozi store,SECONDARY,,,EMANL,Ngozi,8102086851,+234,,6.4768598,3.3444014,40 sadiku,,Lagos State,Apapa,102102,NG,NGR001,,,,
Ola nike salaudeen,SECONDARY,,,EMANL,Ola nike,8083082829,+234,,6.4755272,3.3447162,44 stadiku street orile,,Lagos State,Apapa,102102,NG,NGR001,,,,
John store,SECONDARY,,,EMANL,John,8033508524,+234,,6.6361193,3.3012753,Model market ile epo,Ile Epo Market,Lagos State,Abule Egba,100276,NG,NGR001,,,,
Enny Store,SECONDARY,,,EMANL,Eniola,7063380957,+234,,6.636095,3.3013333,Ile epo model complex,Ile Epo Market,Lagos State,Abule Egba,100276,NG,NGR001,,,,
Divine mercy store,SECONDARY,,,EMANL,Divine mercy,8103400084,+234,,6.6360583,3.3011832,23,Ile Epo Market,Lagos State,Abule Egba,100276,NG,NGR001,,,,
Chioma store,SECONDARY,,,EMANL,Chioma,8082023496,+234,,6.4585644,3.2863014,Shop 24 agboju market,,Lagos State,Festac,102102,NG,NGR001,,,,
Stephanie store,SECONDARY,,,EMANL,Stephanie,7032511453,+234,,6.6365934,3.3005454,"Ile Epo Market, Irepodun Street, Abule Egba, noAlimosho, Lagos State, 100276, Nigeria",Ile Epo Market,Lagos State,Abule Egba,100276,NG,NGR001,,,,
Happiness store,SECONDARY,,,EMANL,Happiness,8069048689,+234,,6.6354995,3.2995246,"2,aserupoko",,Lagos State,Abule Egba,100276,NG,NGR001,,,,
Mummy God's power,SECONDARY,,,EMANL,Victoria,8105546942,+234,,6.4654353,3.3254628,Shop PWP 13,Lagos-Badagry Expressway,Lagos State,Surulere,102102,NG,NGR001,,,,
Jesus First Store,SECONDARY,,,EMANL,Ndibuisi,8035708289,+234,,6.4760318,3.2742633,J 3 23 Road Festac,Market,Lagos State,Festac,102102,NG,NGR001,,,,
Iya indomie,SECONDARY,,,EMANL,Adegoke,8163913005,+234,,6.6354995,3.2995246,"2, aderupoko street",,Lagos State,Abule Egba,100276,NG,NGR001,,,,
Precious babies store,SECONDARY,,,EMANL,Precious babies,9061382208,+234,,6.6361972,3.3010466,Ile epo model market,Ile Epo Market,Lagos State,Abule Egba,100276,NG,NGR001,,,,
Omor,SECONDARY,,,EMANL,Omor,8033163544,+234,,6.4763985,3.3433243,Shop 8 lman muraji Street,,Lagos State,Apapa,102102,NG,NGR001,,,,
Dickson Chibuike store,SECONDARY,,,EMANL,Dickson,8108474809,+234,,6.4768618,3.3440865,Shop 41 sadiku street orile,,Lagos State,Apapa,102102,NG,NGR001,,,,
Tomada store,SECONDARY,,,EMANL,Tomada,9017225587,+234,,6.6361566,3.30122,5,Ile Epo Market,Lagos State,Abule Egba,100276,NG,NGR001,,,,
Mum ada store,SECONDARY,,,EMANL,Mum ada,9168027392,+234,,6.4585693,3.2863025,No 6 agboju market,,Lagos State,Festac,102102,NG,NGR001,,,,
Ugonwa,SECONDARY,,,EMANL,Ugonwa,8037251226,+234,,6.4760834,3.2745355,D11  23 Road Festac,Market,Lagos State,Festac,102102,NG,NGR001,,,,
Iya Amed,SECONDARY,,,EMANL,Riskatu,8080285747,+234,,6.4763397,3.343364,15 lman muraji Street,,Lagos State,Apapa,102102,NG,NGR001,,,,
Mama precious store,SECONDARY,,,EMANL,Mama precious,8035051094,+234,,6.4758681,3.3434568,N0 11 imamraji orile,,Lagos State,Apapa,102102,NG,NGR001,,,,
Nonis store,SECONDARY,,,EMANL,Evelyn,8165933813,+234,,6.6361216,3.3012775,"Ile Epo Market, BRT Lane, Abule Egba, Alimosho, Lagos State, 100276, Nigeria",Ile Epo Market,Lagos State,Abule Egba,100276,NG,NGR001,,,,
Wunmi Store,SECONDARY,,,EMANL,Wunmi,8166373920,+234,,6.6363149,3.3011412,Model market,Ile Epo Market,Lagos State,Abule Egba,100276,NG,NGR001,,,,
Oparinde morufat store,SECONDARY,,,EMANL,Oparinde,8139558084,+234,,6.6361276,3.3012627,27,Ile Epo Market,Lagos State,Abule Egba,100276,NG,NGR001,,,,
Topefolarin ventures,SECONDARY,,,EMANL,Wasilat,7063771441,+234,,6.6361534,3.3012228,28,Ile Epo Market,Lagos State,Abule Egba,100276,NG,NGR001,,,,
Julie Store,SECONDARY,,,EMANL,Julie,8065778178,+234,,6.4636832,3.3248839,Shop 105,Lagos-Badagry Expressway,Lagos State,Alaiyabiagba,102102,NG,NGR001,,,,
Iya  Container,SECONDARY,,,EMANL,Adunyi,8054419801,+234,,6.4764399,3.3429344,2 lman muraji Street,,Lagos State,Apapa,102102,NG,NGR001,,,,
Mummy Godwin store,SECONDARY,,,EMANL,Mummy Godwin,8052078892,+234,,6.4758681,3.3434568,42 Makanjola orile,,Lagos State,Apapa,102102,NG,NGR001,,,,
Jahnos Mega Store,SECONDARY,,,EMANL,Jahnos,8034227405,+234,,6.4761256,3.2743627,E1/ E2 23 Road Festac,Market,Lagos State,Festac,102102,NG,NGR001,,,,
Folashade store,SECONDARY,,,EMANL,Folashade,8058220895,+234,,6.6361214,3.3012769,Ile Epomarket,Ile Epo Market,Lagos State,Abule Egba,100276,NG,NGR001,,,,
Adedoyin stores,SECONDARY,,,EMANL,Adedoyin,8052423695,+234,,6.6355729,3.3009423,AbdullahEnilolobo,Ile Epo Market,Lagos State,Abule Egba,100276,NG,NGR001,,,,
Ebuka store,SECONDARY,,,EMANL,Ebuka,9031729696,+234,,6.6361478,3.3011818,"Ile Epo Market, Irepodun Street, Abule Egba, Alimosho, Lagos State, 100276, Nigeria",Ile Epo Market,Lagos State,Abule Egba,100276,NG,NGR001,,,,
Ajoke store,SECONDARY,,,EMANL,Ajoke,9152540926,+234,,6.4755293,3.3444014,Block 2Makanjola orile,,Lagos State,Apapa,102102,NG,NGR001,,,,
Dlight supermarket,SECONDARY,,,EMANL,Dlight,8157028320,+234,,6.4583549,3.2861269,No 45 old ojo road,,Lagos State,Festac,102102,NG,NGR001,,,,
Iya Deborah,SECONDARY,,,EMANL,Oyeyepo,9165703250,+234,,6.4759868,3.3425211,Prince Adeboye street,,Lagos State,Apapa,102102,NG,NGR001,,,,
Blessed divine,SECONDARY,,,EMANL,Blessed,7038868630,+234,,6.6365774,3.3011258,Model complex,Ile Epo Market,Lagos State,Abule Egba,100276,NG,NGR001,,,,
Uba store,SECONDARY,,,EMANL,Uba,9031704480,+234,,6.6364209,3.3009703,Ile Epo market,Ile Epo Market,Lagos State,Abule Egba,100276,NG,NGR001,,,,
Favour store,SECONDARY,,,EMANL,Favour,8088025393,+234,,6.4755293,3.3444014,Block 2 Makanjola orile,,Lagos State,Apapa,102102,NG,NGR001,,,,
Eliya store,SECONDARY,,,EMANL,Eliya,7081939432,+234,,6.476295,3.34275,1 prince Adeboye street,,Lagos State,Apapa,102102,NG,NGR001,,,,
Ebube store,SECONDARY,,,EMANL,Ebube,9161103653,+234,,6.6373356,3.3025428,Ile Epo market,Ile Epo Market,Lagos State,Abule Egba,100276,NG,NGR001,,,,
Chalon international,SECONDARY,,,EMANL,Chalon,7038786780,+234,,6.4583443,3.2833721,Old ojo road,,Lagos State,Festac,102102,NG,NGR001,,,,
Modukwe store,SECONDARY,,,EMANL,Modukwe,8055348710,+234,,6.4748682,3.3437716,22 prince Adeboye street,,Lagos State,Apapa,102102,NG,NGR001,,,,
Iya oniwe store,SECONDARY,,,EMANL,Iya oniwe,8050593309,+234,,6.4765354,3.3431419,Imam raji near mosque,,Lagos State,Apapa,102102,NG,NGR001,,,,
Decency store,SECONDARY,,,EMANL,Decency,8068799866,+234,,6.457909,3.3250934,Shop 4 old ojo road,,Lagos State,Alaiyabiagba,102102,NG,NGR001,,,,
Iya begi store,SECONDARY,,,EMANL,Iya begi,7080246813,+234,,6.6360533,3.3019075,Ile epo market,Ile Epo Market,Lagos State,Abule Egba,100276,NG,NGR001,,,,
Toaj store,SECONDARY,,,EMANL,Toaj,8037786876,+234,,6.4771018,3.344474,33 sadiku Street,,Lagos State,Apapa,102102,NG,NGR001,,,,
Iforma store,SECONDARY,,,EMANL,Iforma,8026745317,+234,,6.6360536,3.3019073,Ile Epo,Ile Epo Market,Lagos State,Abule Egba,100276,NG,NGR001,,,,
Eko cosmetics,SECONDARY,,,EMANL,Eko,8033736565,+234,,6.4773559,3.3450624,4 Imam raji orile,,Lagos State,Apapa,102102,NG,NGR001,,,,
Onu kelechi Store,SECONDARY,,,EMANL,Onu kelechi,8137859985,+234,,6.6366728,3.3019136,Ile epo market,Ile Epo Market,Lagos State,Abule Egba,100276,NG,NGR001,,,,
Iya Balikie store,SECONDARY,,,EMANL,Toyin,9047875757,+234,,6.4775168,3.3456608,4 lman muraji Orile-Iganmu,Iganmu Road,Lagos State,Apapa,101212,NG,NGR001,,,,
Iko store,SECONDARY,,,EMANL,Iko,7034691640,+234,,6.6370042,3.3022282,"Ile Epo Market, BRT Lane, Abule Egba, Alimosho, Lagos State, 100276, Nigeria",Ile Epo Market,Lagos State,Abule Egba,100276,NG,NGR001,,,,
Abanikanda store,SECONDARY,,,EMANL,Abanikanda,8051775772,+234,,6.6362427,3.3014344,Ile epo market,Ile Epo Market,Lagos State,Abule Egba,100276,NG,NGR001,,,,
Mariam store,SECONDARY,,,EMANL,Mariam,9152841050,+234,,6.4773619,3.3451218,Shop 20 Imam raji orile,,Lagos State,Apapa,102102,NG,NGR001,,,,
Ikechukw,SECONDARY,,,EMANL,Ikechukw,8064029147,+234,,6.6356703,3.3022282,Ile Epo market,Lagos-Abeokuta Expressway,Lagos State,Abule Egba,100276,NG,NGR001,,,,
Iya shabi store,SECONDARY,,,EMANL,Shabi,8084301549,+234,,6.4775189,3.345346,Block B shop 19Orile-Iganmu,,Lagos State,Apapa,102102,NG,NGR001,,,,
Iya Radia,SECONDARY,,,EMANL,Radia,7011156421,+234,,6.4775168,3.3456608,Block 27 udesa market Orile-Iganmu,Iganmu Road,Lagos State,Apapa,101212,NG,NGR001,,,,
P&B tomark,SECONDARY,,,EMANL,P&B tomark,8129144663,+234,,6.6358917,3.3018641,"Ile Epo Market, Lagos-Abeokuta Expressway, Abule Egba, Alimosho, Lagos State, 100276, Nigeria",Ile Epo Market,Lagos State,Abule Egba,100276,NG,NGR001,,,,
It is well store,SECONDARY,,,EMANL,It is well,8039552091,+234,,6.4775168,3.3456608,Shop 3 Imam raji orile,Iganmu Road,Lagos State,Apapa,101212,NG,NGR001,,,,
Precious baby would,SECONDARY,,,EMANL,Precious,9055772482,+234,,6.6347963,3.3021221,Ile Epoxy,Old Ota Road,Lagos State,Alagba,100276,NG,NGR001,,,,
Nnamdi store,SECONDARY,,,EMANL,Nnamdi,9046003674,+234,,6.6361642,3.3011917,Ile epo Model market complex,Ile Epo Market,Lagos State,Abule Egba,100276,NG,NGR001,,,,
Omolabake Store,SECONDARY,,,EMANL,Usman,7078043534,+234,,6.6353451,3.3009699,31 ogundare Ile epo market,Irepodun Street,Lagos State,Abule Egba,100276,NG,NGR001,,,,
Gods time,SECONDARY,,,EMANL,God's Time,7042859215,+234,,6.6350137,3.3006553,Ile epo market,Irepodun Street,Lagos State,Abule Egba,100276,NG,NGR001,,,,
K Dollar,SECONDARY,,,EMANL,K Dollar,9048047568,+234,,6.6346803,3.3006553,95 Ogundare ile epo market,,Lagos State,Abule Egba,100276,NG,NGR001,,,,
Wuraola store,SECONDARY,,,EMANL,Wuraola,7026324568,+234,,6.4755128,3.3469203,Along orile ganmu road,,Lagos State,Apapa,101212,NG,NGR001,,,,
Jones ikenna store,SECONDARY,,,EMANL,Jones ikenna,8037157256,+234,,6.4768323,3.3466611,74 iganmu roadorile,Iganmu Road,Lagos State,Apapa,101212,NG,NGR001,,,,
Esther  store,SECONDARY,,,EMANL,Esther nwaokoro,7069743922,+234,,6.4763955,3.3468369,62 orile iganmu,Iganmu Road,Lagos State,Apapa,101212,NG,NGR001,,,,
Chi store,SECONDARY,,,EMANL,Chi,7034336649,+234,,6.4776571,3.3469685,77 orile iganmu road,,Lagos State,Apapa,101212,NG,NGR001,,,,
LI-LINK,SECONDARY,,,EMANL,Ella,9033755547,+234,,6.4885913,3.279583,Shop C6,,Lagos State,Alimosho,102102,NG,NGR001,,,,
Iya Modinat store,SECONDARY,,,EMANL,Iya modinat,8082996258,+234,,6.6349629,3.3017195,Ile epo market,,Lagos State,Abule Egba,100276,NG,NGR001,,,,
Adeola Vic Store,SECONDARY,,,EMANL,Adeola,8130268119,+234,,6.6348883,3.3016533,Ile epo market,Lagos-Abeokuta Expressway,Lagos State,Abule Egba,100276,NG,NGR001,,,,
Mrs Obi Store,SECONDARY,,,EMANL,Miss Obi,8035368182,+234,,6.4764093,3.2749363,A2 23 Road Festac,Market,Lagos State,Festac,102102,NG,NGR001,,,,
Mr Obi Store,SECONDARY,,,EMANL,Mr Obi,8035362122,+234,,6.4763245,3.2750027,A2 23 Road Festac,,Lagos State,Festac,102102,NG,NGR001,,,,
Agbede store,SECONDARY,,,EMANL,Agbede,8035668209,+234,,6.635341,3.301599,"Ile Epo Market, BRT Lane, Abule Egba, Alimosho, Lagos State, 100276, Nigeria",Ile Epo Market,Lagos State,Abule Egba,100276,NG,NGR001,,,,
Chibest Store,SECONDARY,,,EMANL,Chibest,7013671401,+234,,6.6351641,3.3007461,Ile epo market,Irepodun Street,Lagos State,Abule Egba,100276,NG,NGR001,,,,
Gift Beauty store,SECONDARY,,,EMANL,Gift,8100073702,+234,,6.6361903,3.3019398,"Ile Epo Market, Lagos-Abeokuta Expressway, Abule Egba, Alimosho, Lagos State, 100276, Nigeria",Ile Epo Market,Lagos State,Abule Egba,100276,NG,NGR001,,,,
Gladys store,SECONDARY,,,EMANL,Glady,8164692574,+234,,6.5482396,3.2695218,Onikotun line,Egbe Road,Lagos State,Ikotun,102214,NG,NGR001,,,,
Zaineys store,SECONDARY,,,EMANL,Zaineys,8076312574,+234,,6.6356157,3.3013735,Ilepo market,Ile Epo Market,Lagos State,Abule Egba,100276,NG,NGR001,,,,
Chidinma Store,SECONDARY,,,EMANL,Chidinma,7011937505,+234,,6.4756533,3.2739233,Shop C5,Market,Lagos State,Festac,102102,NG,NGR001,,,,
Zainab ventures,SECONDARY,,,EMANL,Zainab,9029741125,+234,,6.6358279,3.3009782,Ilepo,Ile Epo Market,Lagos State,Abule Egba,100276,NG,NGR001,,,,
Abayomi Kiyomi Block,SECONDARY,,,EMANL,James,7033790144,+234,,6.4762666,3.2747328,Shop N0 A9 23 Road Festac,Market,Lagos State,Festac,102102,NG,NGR001,,,,
Greemag Baby & Gift Kingdom,SECONDARY,,,EMANL,Sales person,8023178499,+234,,6.6353954,3.3010441,Mabunuori plaza ile epo market,Ile Epo Market,Lagos State,Abule Egba,100276,NG,NGR001,,,,
Macinkel jay babies world,SECONDARY,,,EMANL,Mum joy,8089613866,+234,,6.6352859,3.3011583,Ile Epo oke odo,Ile Epo Market,Lagos State,Abule Egba,100276,NG,NGR001,,,,
Segla int,SECONDARY,,,EMANL,Adegoke,8115558715,+234,,6.6374835,3.3004175,Block 4 ilepo,Ile Epo Market,Lagos State,Abule Egba,100276,NG,NGR001,,,,
labake store,SECONDARY,,,EMANL,Labake,8184484803,+234,,6.6350819,3.3006449,9,Irepodun Street,Lagos State,Abule Egba,100276,NG,NGR001,,,,
Ghory baby store,SECONDARY,,,EMANL,Pelumi,7067576663,+234,,6.6352802,3.3013154,"Ile Epo Market, Lagos-Abeokuta Expressway, Abule Egba, Alimosho, Lagos State, 100276, Nigeria",Ile Epo Market,Lagos State,Abule Egba,100276,NG,NGR001,,,,
Adegoke store,SECONDARY,,,EMANL,Adegoke,8067809534,+234,,6.6363028,3.3010402,Block 4 ilepo,Ile Epo Market,Lagos State,Abule Egba,100276,NG,NGR001,,,,
King paco Store,SECONDARY,,,EMANL,King Paco,8034330468,+234,,6.6353039,3.3008287,Ile epo market,Irepodun Street,Lagos State,Abule Egba,100276,NG,NGR001,,,,
Larolad store,SECONDARY,,,EMANL,Benson,7030743397,+234,,6.6371197,3.300589,Shop 25,Ile Epo Market,Lagos State,Abule Egba,100276,NG,NGR001,,,,
Vv touch venture,SECONDARY,,,EMANL,Vv touch,7045989095,+234,,6.5475878,3.2673212,Onikotun line,,Lagos State,Ikotun,102214,NG,NGR001,,,,
Mummy munachi store,SECONDARY,,,EMANL,Mummy munachi,9035431480,+234,,6.4772007,3.3431419,"No 5 Makanjolastart, okrika orile",Lagos-Badagry Expressway,Lagos State,Apapa,102102,NG,NGR001,,,,
Temitope Store,SECONDARY,,,EMANL,Temitope,8107668336,+234,,6.6351277,3.3007346,Ogundare street ile epo,Irepodun Street,Lagos State,Abule Egba,100276,NG,NGR001,,,,
Noga store,SECONDARY,,,EMANL,Nwosu,8139455209,+234,,6.6362927,3.3010808,Shop 3,Ile Epo Market,Lagos State,Abule Egba,100276,NG,NGR001,,,,
Shepherd store,SECONDARY,,,EMANL,Shina,8023134623,+234,,6.6354949,3.3009128,Dapharm plaza,Ile Epo Market,Lagos State,Abule Egba,100276,NG,NGR001,,,,
Iya Khalid,SECONDARY,,,EMANL,Olabesi,8033145259,+234,,6.4775168,3.3456608,Block D shop 1 orile market,Iganmu Road,Lagos State,Apapa,101212,NG,NGR001,,,,
Janet store,SECONDARY,,,EMANL,Janet,9011727920,+234,,6.6363125,3.3010692,Shop 3,Ile Epo Market,Lagos State,Abule Egba,100276,NG,NGR001,,,,
O .b.a store,SECONDARY,,,EMANL,Omobolaji,8105167728,+234,,6.6352162,3.3007851,Ile epo,Irepodun Street,Lagos State,Abule Egba,100276,NG,NGR001,,,,
Temmy store,SECONDARY,,,EMANL,Balogun,7031129316,+234,,6.6376656,3.3004176,Ilepo,Ile Epo Market,Lagos State,Abule Egba,100276,NG,NGR001,,,,
Ay store,SECONDARY,,,EMANL,Ayo,9124535428,+234,,6.6353044,3.3008291,Dapharm block,Irepodun Street,Lagos State,Abule Egba,100276,NG,NGR001,,,,
Mummy Temi Store,SECONDARY,,,EMANL,Mummy Temi,7031266277,+234,,6.6351251,3.3007344,Ogundare street ile epo,Irepodun Street,Lagos State,Abule Egba,100276,NG,NGR001,,,,
Grechix Enterprises,SECONDARY,,,EMANL,Maria,8144599040,+234,,6.4763594,3.2739016,H7 23 Road Festac,Market,Lagos State,Festac,102102,NG,NGR001,,,,
Baraka store,SECONDARY,,,EMANL,Baraka store,9131983962,+234,,6.4771002,3.3444717,Block G orile,,Lagos State,Apapa,102102,NG,NGR001,,,,
Kimbo store,SECONDARY,,,EMANL,Kimbo,8039524229,+234,,6.6360201,3.3006283,"Ile Epo Market, Lagos-Abeokuta Expressway, Abule Egba, Alimosho, Lagos State, 100276, Nigeria",Ile Epo Market,Lagos State,Abule Egba,100276,NG,NGR001,,,,
Perpetual Store,SECONDARY,,,EMANL,Perpetual toma,9077661185,+234,,6.6352162,3.3007851,Ile epo market,Irepodun Street,Lagos State,Abule Egba,100276,NG,NGR001,,,,
Mummy Amanda store,SECONDARY,,,EMANL,Mum Amanda,9035637201,+234,,6.6362152,3.3012796,Shop 29,Ile Epo Market,Lagos State,Abule Egba,100276,NG,NGR001,,,,
Iya Ramata,SECONDARY,,,EMANL,Ramata,8169604536,+234,,6.4775168,3.3456608,9 a Aratumi marketOrile-Iganmu,Iganmu Road,Lagos State,Apapa,101212,NG,NGR001,,,,
Isjoejn,SECONDARY,,,EMANL,Adams,8142441441,+234,,6.6353057,3.3008292,Dapharm block,Irepodun Street,Lagos State,Abule Egba,100276,NG,NGR001,,,,
Iya salam store,SECONDARY,,,EMANL,Iya salam,8057239626,+234,,6.4771,3.3444686,Shop 6D orile iganmu,,Lagos State,Apapa,102102,NG,NGR001,,,,
Stella store,SECONDARY,,,EMANL,Stella,8177143899,+234,,6.5482396,3.2695218,Onikotun line,Egbe Road,Lagos State,Ikotun,102214,NG,NGR001,,,,
Pickright,SECONDARY,,,EMANL,Adenike,7065000971,+234,,6.636903,3.3003036,"Ile Epo Market, Lagos-Abeokuta Expressway, Abule Egba, Alimosho, Lagos State, 100276, Nigeria",Ile Epo Market,Lagos State,Abule Egba,100276,NG,NGR001,,,,
Mum awwal store,SECONDARY,,,EMANL,Odunayo,7014696430,+234,,6.6361579,3.3012379,Shop 3,Ile Epo Market,Lagos State,Abule Egba,100276,NG,NGR001,,,,
Mummy tumishe store,SECONDARY,,,EMANL,Mummy tumishe,8033949368,+234,,6.4761883,3.345346,Shop 7 Lagos line,,Lagos State,Apapa,101212,NG,NGR001,,,,
Onye store,SECONDARY,,,EMANL,Onyenyichi,7067203161,+234,,6.4774728,3.344638,9B Abuja line,,Lagos State,Apapa,102102,NG,NGR001,,,,
Femade store,SECONDARY,,,EMANL,Femade,7060545473,+234,,6.5496084,3.269409,Onikotun line,Idimu-Ikotun Road,Lagos State,Ikotun,102214,NG,NGR001,,,,
Chekwas,SECONDARY,,,EMANL,Ebere,9034720039,+234,,6.6355259,3.3006277,Queen lady plaza,Ile Epo Market,Lagos State,Abule Egba,100276,NG,NGR001,,,,
Iya alima store,SECONDARY,,,EMANL,Iya alima,8175623798,+234,,6.4761863,3.3456608,Shop 11 orile iganmu,,Lagos State,Apapa,101212,NG,NGR001,,,,
Ugosimbe,SECONDARY,,,EMANL,UgoSimbe,7062224494,+234,,6.476434,3.2742727,F7 23 Road Festac,Market,Lagos State,Festac,102102,NG,NGR001,,,,
God leads store,SECONDARY,,,EMANL,Chinedu,8128814337,+234,,6.6355279,3.3006551,"Ile Epo Market, BRT Lane, Abule Egba, Alimosho, Lagos State, 100276, Nigeria",Ile Epo Market,Lagos State,Abule Egba,100276,NG,NGR001,,,,
Miriam store,SECONDARY,,,EMANL,Miriam,9049816986,+234,,6.6351379,3.3005317,Ile epo,,Lagos State,Abule Egba,100276,NG,NGR001,,,,
Mandy store,SECONDARY,,,EMANL,Mandy,7085973984,+234,,6.5496425,3.2697514,Onikotun,,Lagos State,Ikotun,102214,NG,NGR001,,,,
Mummy Destiny store,SECONDARY,,,EMANL,Mummy destiny,8106555292,+234,,6.4761863,3.3456608,Block G shop 13 orile,,Lagos State,Apapa,101212,NG,NGR001,,,,
Collins obi store,SECONDARY,,,EMANL,Collins,8063825677,+234,,6.6354283,3.3005989,Queen lady block,Ile Epo Market,Lagos State,Abule Egba,100276,NG,NGR001,,,,
Ngozi store,SECONDARY,,,EMANL,Ngozi,9044063421,+234,,6.4775168,3.3456608,18 B Abuja line,Iganmu Road,Lagos State,Apapa,101212,NG,NGR001,,,,
Ogechi store,SECONDARY,,,EMANL,Ogechi,8026642101,+234,,6.4768557,3.3450311,Block A shop 11 orile,,Lagos State,Apapa,101212,NG,NGR001,,,,
Zimteh Rima Ventures,SECONDARY,,,EMANL,Nkiruka Chikadibia-Anyawu,8066812525,+234,,6.4756533,3.2739233,Shop K4 23 Road mrkt,Market,Lagos State,Festac,102102,NG,NGR001,,,,
Chuck's cosmetics,SECONDARY,,,EMANL,Obi,8176356692,+234,,6.6354324,3.3006039,Queens lady block,Ile Epo Market,Lagos State,Abule Egba,100276,NG,NGR001,,,,
Mummy Daniella Stores,SECONDARY,,,EMANL,Mummy Daniella,7042024812,+234,,6.6350004,3.3006386,Ile epo market,Irepodun Street,Lagos State,Abule Egba,100276,NG,NGR001,,,,
NDI store,SECONDARY,,,EMANL,NDI,8155865772,+234,,6.5482396,3.2695218,Onikotun line,Egbe Road,Lagos State,Ikotun,102214,NG,NGR001,,,,
Emeka store,SECONDARY,,,EMANL,Christian,8112383344,+234,,6.6354186,3.3005893,"Irepodun Street, Abule Egba, Alimosho, Lagos State, 100276, Nigeria",Irepodun Street,Lagos State,Abule Egba,100276,NG,NGR001,,,,
Aduroke store,SECONDARY,,,EMANL,Rayadam,9054709470,+234,,6.4775168,3.3456608,27A Abuja line,Iganmu Road,Lagos State,Apapa,101212,NG,NGR001,,,,
Prince and princess store,SECONDARY,,,EMANL,Prince and princess,8142687859,+234,,6.4761863,3.3456608,G15 orile,,Lagos State,Apapa,101212,NG,NGR001,,,,
CCC STORES,SECONDARY,,,EMANL,Friday,7031108521,+234,,6.6354146,3.3005808,Queen lady block,Irepodun Street,Lagos State,Abule Egba,100276,NG,NGR001,,,,
Mama igbo,SECONDARY,,,EMANL,Mama igbo,8162177794,+234,,6.6352597,3.2997122,Ogundare,,Lagos State,Abule Egba,100276,NG,NGR001,,,,
Mum isreal,SECONDARY,,,EMANL,Mum isreal,8022191012,+234,,6.6351431,3.2996711,Ogundare street,Akano Street,Lagos State,Abule Egba,100276,NG,NGR001,,,,
Endurance store,SECONDARY,,,EMANL,Endurance,8039203300,+234,,6.4775168,3.3456608,1c Aratumi line,Iganmu Road,Lagos State,Apapa,101212,NG,NGR001,,,,
Romoke store,SECONDARY,,,EMANL,Romoke,9117590284,+234,,6.477868,3.3428271,Block A shop 5,,Lagos State,Animshaun,102102,NG,NGR001,,,,
Mum raley store,SECONDARY,,,EMANL,Mum raley,8055522556,+234,,6.5482396,3.2695173,Onikotun,Egbe Road,Lagos State,Ikotun,102214,NG,NGR001,,,,
Olive side Venture,SECONDARY,,,EMANL,Olive,9164923459,+234,,6.4760153,3.2742399,Shop- i- 5 23 Road Festac,Market,Lagos State,Festac,102102,NG,NGR001,,,,
Atikeiro Children World,SECONDARY,,,EMANL,Atikeiro,8025679299,+234,,6.4756533,3.2739233,Block I shop 3,Market,Lagos State,Festac,102102,NG,NGR001,,,,
Francis store,SECONDARY,,,EMANL,Francis,8136642422,+234,,6.4781841,3.345346,ATT Aratumiline,Lagos-Badagry Expressway,Lagos State,Apapa,102102,NG,NGR001,,,,
Oba store,SECONDARY,,,EMANL,Daddy silvio,7015207262,+234,,6.6358424,3.3009705,5,Ile Epo Market,Lagos State,Abule Egba,100276,NG,NGR001,,,,
Mallam bala,SECONDARY,,,EMANL,Malla,8122204725,+234,,6.6349055,3.29962,Ogundare,Akano Street,Lagos State,Abule Egba,100276,NG,NGR001,,,,
Idera oluwa store,SECONDARY,,,EMANL,Idera,8080383525,+234,,6.6346803,3.3006553,Kareem street,,Lagos State,Abule Egba,100276,NG,NGR001,,,,
Eze Store,SECONDARY,,,EMANL,Eze,8028114101,+234,,6.6354311,3.3005884,"Ile Epo Market, Lagos-Abeokuta Expressway, Abule Egba, Alimosho, Lagos State, 100276, Nigeria",Ile Epo Market,Lagos State,Abule Egba,100276,NG,NGR001,,,,
Tonia Blissful World Nig Ltd,SECONDARY,,,EMANL,Chigozie,8148758376,+234,,6.4756533,3.2739233,Shop I 15,Market,Lagos State,Festac,102102,NG,NGR001,,,,
Adenike store,SECONDARY,,,EMANL,Adenike store,9076170946,+234,,6.4775168,3.3456608,Block B shop 8 orile,Iganmu Road,Lagos State,Apapa,101212,NG,NGR001,,,,
Mama Junior,SECONDARY,,,EMANL,Mama Junior,8137751388,+234,,6.6360162,3.3003407,12,Ile Epo Market,Lagos State,Abule Egba,100276,NG,NGR001,,,,
NK store,SECONDARY,,,EMANL,Mummy Nkiru,8066765443,+234,,6.6358999,3.3009921,Kc 008 ile epo market,Ile Epo Market,Lagos State,Abule Egba,100276,NG,NGR001,,,,
Idera oluwa food store,SECONDARY,,,EMANL,Nimota,9117073327,+234,,6.6346803,3.3006553,Kareem street,,Lagos State,Abule Egba,100276,NG,NGR001,,,,
Ezinne Store,SECONDARY,,,EMANL,Ezinne,8034751989,+234,,6.4758039,3.2736652,03 23  Road Festac back of the Toilet,Market,Lagos State,Festac,102102,NG,NGR001,,,,
God's own store,SECONDARY,,,EMANL,God's own,8104148486,+234,,6.5482396,3.2695218,Onikotun,Egbe Road,Lagos State,Ikotun,102214,NG,NGR001,,,,
Mama kaosara,SECONDARY,,,EMANL,Mama kaosara,8144257427,+234,,6.6346803,3.3006553,Aderupoko,,Lagos State,Abule Egba,100276,NG,NGR001,,,,
Oluwashola store,SECONDARY,,,EMANL,Oluwashola,8062957848,+234,,6.4775168,3.3456608,Block G shop 25 Orile-Iganmu,Iganmu Road,Lagos State,Apapa,101212,NG,NGR001,,,,
Zikora Store,SECONDARY,,,EMANL,Zikora,8033580641,+234,,6.4756533,3.2739233,Shop 11,Market,Lagos State,Festac,102102,NG,NGR001,,,,
Mummy favour Store,SECONDARY,,,EMANL,Mummy favour,8020403529,+234,,6.6360162,3.3003407,Ile epo market,Ile Epo Market,Lagos State,Abule Egba,100276,NG,NGR001,,,,
Joy store,SECONDARY,,,EMANL,Joy,7066932775,+234,,6.4775168,3.3456608,Shop 38 orile iganmu,Iganmu Road,Lagos State,Apapa,101212,NG,NGR001,,,,
Ada Store,SECONDARY,,,EMANL,Ada,8023141253,+234,,6.4760035,3.2741921,04 23 Road Festac back of Toilet,Market,Lagos State,Festac,102102,NG,NGR001,,,,
Jelilat store,SECONDARY,,,EMANL,Jelilat,9043621633,+234,,6.6356869,3.2997116,Kareem street,,Lagos State,Abule Egba,100276,NG,NGR001,,,,
God favour,SECONDARY,,,EMANL,God favour,8038018172,+234,,6.6356869,3.2997116,Aderupoko street,,Lagos State,Abule Egba,100276,NG,NGR001,,,,
BB golden ventures,SECONDARY,,,EMANL,BB Golden,8036034312,+234,,6.6355339,3.3006675,"Ile Epo Market, BRT Lane, Abule Egba, Alimosho, Lagos State, 100276, Nigeria",Ile Epo Market,Lagos State,Abule Egba,100276,NG,NGR001,,,,
Psalm 23 store,SECONDARY,,,EMANL,Joy,8034243732,+234,,6.6363014,3.3003995,Ile epo market,Ile Epo Market,Lagos State,Abule Egba,100276,NG,NGR001,,,,
Iya Marian stote,SECONDARY,,,EMANL,Mirian,9055117212,+234,,6.4781821,3.3456608,Attachment Arotomi market,Cnd Road,Lagos State,Apapa,101212,NG,NGR001,,,,
God favour ventures,SECONDARY,,,EMANL,Olatunji,9166334141,+234,,6.6356869,3.2997116,"1, Kareem street off aderupoko street",,Lagos State,Abule Egba,100276,NG,NGR001,,,,
Rukacia Enterprise,SECONDARY,,,EMANL,Rukacia,8023069995,+234,,6.4756533,3.2739233,Shop 17,Market,Lagos State,Festac,102102,NG,NGR001,,,,
Mummy Promise,SECONDARY,,,EMANL,Mummy Promise,7032152449,+234,,6.6358385,3.3009619,Ile epo market,Ile Epo Market,Lagos State,Abule Egba,100276,NG,NGR001,,,,
Emma and sons stores,SECONDARY,,,EMANL,Emma,9027505235,+234,,6.6355454,3.3006126,Shonola plaza,Ile Epo Market,Lagos State,Abule Egba,100276,NG,NGR001,,,,
Ola fathia ventures,SECONDARY,,,EMANL,Lawal,8032499338,+234,,6.6351276,3.2982585,"I,afolabi street",,Lagos State,Abule Egba,100276,NG,NGR001,,,,
Iya beji store,SECONDARY,,,EMANL,Iya beji,8061160055,+234,,6.4774731,3.3446301,Shop 32 A orile iganmu,,Lagos State,Apapa,102102,NG,NGR001,,,,
Oladuuni store,SECONDARY,,,EMANL,Salami,9021705497,+234,,6.6351276,3.2982585,"1,dada street",,Lagos State,Abule Egba,100276,NG,NGR001,,,,
A.A store,SECONDARY,,,EMANL,A. A,7049225078,+234,,6.5495286,3.2702693,Onikotun,,Lagos State,Ikotun,102214,NG,NGR001,,,,
Success store,SECONDARY,,,EMANL,Success,8130120659,+234,,6.6358085,3.3005164,Ile epi,Ile Epo Market,Lagos State,Abule Egba,100276,NG,NGR001,,,,
New generation cosmetics,SECONDARY,,,EMANL,Michael,8159547633,+234,,6.6356543,3.3006174,Shonola plaza,Ile Epo Market,Lagos State,Abule Egba,100276,NG,NGR001,,,,
Bolajuko store,SECONDARY,,,EMANL,Bolajuko,8095805437,+234,,6.4774726,3.3446386,Block 12B Abuja line,,Lagos State,Apapa,102102,NG,NGR001,,,,
Iya ShopRite,SECONDARY,,,EMANL,Mama ShopRite,8060700228,+234,,6.6351276,3.2982585,"1, afolabi street",,Lagos State,Abule Egba,100276,NG,NGR001,,,,
Mummy Success Store,SECONDARY,,,EMANL,Mummy Success,7012718363,+234,,6.6350096,3.3012845,Kc022B ile epo market,Ile Epo Market,Lagos State,Abule Egba,100276,NG,NGR001,,,,
Olachi Store,SECONDARY,,,EMANL,Olachi,9110739270,+234,,6.4755192,3.273799,Key clap Stores,Market,Lagos State,Festac,102102,NG,NGR001,,,,
Iya komu store,SECONDARY,,,EMANL,Iya komu,9036365526,+234,,6.4774732,3.3446304,Shop 35 orile iganmu,,Lagos State,Apapa,102102,NG,NGR001,,,,
Adebanjo store,SECONDARY,,,EMANL,Adebanjo,9074647178,+234,,6.6350956,3.2982302,Aderupoko street,,Lagos State,Abule Egba,100276,NG,NGR001,,,,
Ola store,SECONDARY,,,EMANL,Ola stores,9160248477,+234,,6.635628,3.3006089,"Ile Epo Market, BRT Lane, Abule Egba, Alimosho, Lagos State, 100276, Nigeria",Ile Epo Market,Lagos State,Abule Egba,100276,NG,NGR001,,,,
Ucmoolji company lmd,SECONDARY,,,EMANL,Morola,8076396502,+234,,6.6356257,3.3005594,Ile epi,Ile Epo Market,Lagos State,Abule Egba,100276,NG,NGR001,,,,
Triple s store,SECONDARY,,,EMANL,Alade,8028851994,+234,,6.6351448,3.2973322,"1,dada street",,Lagos State,Abule Egba,100276,NG,NGR001,,,,
Esther store,SECONDARY,,,EMANL,Esther,8064101995,+234,,6.6358355,3.3009649,Ile epo market,Ile Epo Market,Lagos State,Abule Egba,100276,NG,NGR001,,,,
Balogun store,SECONDARY,,,EMANL,Balogun,9061644809,+234,,6.6351443,3.2973292,Dada street,,Lagos State,Abule Egba,100276,NG,NGR001,,,,
Oseolorun provision store,SECONDARY,,,EMANL,Suliat,8085112727,+234,,6.6351443,3.2973303,"1,dada street",,Lagos State,Abule Egba,100276,NG,NGR001,,,,
Rita Store,SECONDARY,,,EMANL,Rita,7037903109,+234,,6.4756533,3.2739233,Opposite Shop J8,Market,Lagos State,Festac,102102,NG,NGR001,,,,
Nduwuba,SECONDARY,,,EMANL,Nduwuba,8067605331,+234,,6.4757533,3.2742546,J4 Tunde Ajayi Plaza,Market,Lagos State,Festac,102102,NG,NGR001,,,,
JudeFelixstore,SECONDARY,,,EMANL,Jude,8069725270,+234,,6.6356689,3.300621,Shonola plaza,Ile Epo Market,Lagos State,Abule Egba,100276,NG,NGR001,,,,
Iya pamilerin,SECONDARY,,,EMANL,Iya pamilerin,7046843802,+234,,6.6346108,3.2977547,Dada street,,Lagos State,Abule Egba,100276,NG,NGR001,,,,
De-merciful store,SECONDARY,,,EMANL,Tobi,9035131465,+234,,6.4625725,3.3109155,D6 shopping center mile 2,Adeola Johnson Street,Lagos State,Mile 2,102102,NG,NGR001,,,,
Isaiah store,SECONDARY,,,EMANL,Isaiah,8034421956,+234,,6.477331,3.3450526,11 lman muraji,,Lagos State,Apapa,102102,NG,NGR001,,,,
Aliu jamiu store,SECONDARY,,,EMANL,Aliu,7048473081,+234,,6.4778515,3.345346,No 4 lamidi raji orile,,Lagos State,Apapa,102102,NG,NGR001,,,,
Mesoma store,SECONDARY,,,EMANL,Mesoma,9095107926,+234,,6.6346803,3.3006553,"5,Dada street",,Lagos State,Abule Egba,100276,NG,NGR001,,,,
Mummy Isreal store,SECONDARY,,,EMANL,Mummy isreal,8022913662,+234,,6.6359467,3.30067,Ile epo market,Ile Epo Market,Lagos State,Abule Egba,100276,NG,NGR001,,,,
Joyce venture,SECONDARY,,,EMANL,Joyce venture,8032299160,+234,,6.5482396,3.2695218,Onikotun line,Egbe Road,Lagos State,Ikotun,102214,NG,NGR001,,,,
Amaka,SECONDARY,,,EMANL,Amaka,7067686967,+234,,6.4757641,3.2742282,J2 23 Road Festac,Market,Lagos State,Festac,102102,NG,NGR001,,,,
Oluwaseyi store,SECONDARY,,,EMANL,Oluwaseyi,7014377720,+234,,6.6353659,3.2978242,"27,akan-o street",,Lagos State,Abule Egba,100276,NG,NGR001,,,,
Mama ejima store,SECONDARY,,,EMANL,Mama ejima,8034816252,+234,,6.6360121,3.3009699,46,Ile Epo Market,Lagos State,Abule Egba,100276,NG,NGR001,,,,
Adaobi Store,SECONDARY,,,EMANL,Adaobi,8064096170,+234,,6.4766362,3.2734042,Shop J8,Market,Lagos State,Festac,102102,NG,NGR001,,,,
Iya ondo store,SECONDARY,,,EMANL,Iya ondo,8029085970,+234,,6.6357556,3.3008775,423,Ile Epo Market,Lagos State,Abule Egba,100276,NG,NGR001,,,,
Daniel store,SECONDARY,,,EMANL,Daniel,7089348320,+234,,6.4607841,3.3104322,C 5 shopping center mile 2,,Lagos State,Mile 2,102102,NG,NGR001,,,,
Ummah bilal store,SECONDARY,,,EMANL,Ummah bila,8101359087,+234,,6.4773332,3.3450121,Shop 14 orile aratumi plaza,,Lagos State,Apapa,102102,NG,NGR001,,,,
Emeka store,SECONDARY,,,EMANL,Emeka,7019845934,+234,,6.6335226,3.2984317,"35,akan o",Akano Street,Lagos State,Abule Egba,100276,NG,NGR001,,,,
Our place stores,SECONDARY,,,EMANL,Our place stores,9037360975,+234,,6.6357285,3.3004731,Shonola plaza,Ile Epo Market,Lagos State,Abule Egba,100276,NG,NGR001,,,,
Abubakar store,SECONDARY,,,EMANL,Abu,8140112727,+234,,6.461684,3.3104418,L3/L4 shopping centre mile 2,,Lagos State,Mile 2,102102,NG,NGR001,,,,
Hassan stores,SECONDARY,,,EMANL,Bolanle,8082001666,+234,,6.6357431,3.300465,Bukky plaza,Ile Epo Market,Lagos State,Abule Egba,100276,NG,NGR001,,,,
Hope Store,SECONDARY,,,EMANL,Hope,7061473739,+234,,6.4769879,3.2732945,Shop B6,4th Avenue,Lagos State,Festac,102102,NG,NGR001,,,,
Mummy onyi store,SECONDARY,,,EMANL,Mummy onyi,7046216715,+234,,6.4778782,3.3450002,Shop 6 orile market,Lagos-Badagry Expressway,Lagos State,Apapa,102102,NG,NGR001,,,,
Olive Store,SECONDARY,,,EMANL,Olive,7067213883,+234,,6.6350096,3.3012845,Ile epo market,Ile Epo Market,Lagos State,Abule Egba,100276,NG,NGR001,,,,
Joy store,SECONDARY,,,EMANL,Joy,8020715008,+234,,6.5482396,3.2695218,Onikotun line,Egbe Road,Lagos State,Ikotun,102214,NG,NGR001,,,,
Tope folarin enterprise,SECONDARY,,,EMANL,Tope,8037195466,+234,,6.6357727,3.3004904,Motunba plaza,Ile Epo Market,Lagos State,Abule Egba,100276,NG,NGR001,,,,
Mummy success store,SECONDARY,,,EMANL,Mummy success,7011451700,+234,,6.6363497,3.3003407,Ile epo,Ile Epo Market,Lagos State,Abule Egba,100276,NG,NGR001,,,,
Mum olamide store,SECONDARY,,,EMANL,Mum olamide,9162422453,+234,,6.4617983,3.3104443,L 14 shopping center mile 2,,Lagos State,Mile 2,102102,NG,NGR001,,,,
Blessed favour store,SECONDARY,,,EMANL,Blessed favour,8062325488,+234,,6.4617987,3.3104472,K 3 shopping center mile2,,Lagos State,Mile 2,102102,NG,NGR001,,,,
Tochi store,SECONDARY,,,EMANL,Tochi,8027114311,+234,,6.4792183,3.3442521,1 BaleOrile-Iganmu,,Lagos State,Animshaun,102102,NG,NGR001,,,,
Hephzibah Store,SECONDARY,,,EMANL,Mummy Grace,9079157694,+234,,6.6350096,3.3012845,Kc 060 B ile epo market,Ile Epo Market,Lagos State,Abule Egba,100276,NG,NGR001,,,,
Topes Store,SECONDARY,,,EMANL,Tope,8023442083,+234,,6.6358282,3.3001163,Bukky plaza,Ile Epo Market,Lagos State,Abule Egba,100276,NG,NGR001,,,,
Daniel store,SECONDARY,,,EMANL,Daniel,9174258080,+234,,6.5482396,3.2695218,Onikotun line,Egbe Road,Lagos State,Ikotun,102214,NG,NGR001,,,,
Arewa store,SECONDARY,,,EMANL,Arewa,9161152257,+234,,6.4790703,3.3439764,N0 5 bale road orile,Bale Street,Lagos State,Animshaun,102102,NG,NGR001,,,,
Denis store,SECONDARY,,,EMANL,Denis,8035799126,+234,,6.6357736,3.3001314,Mouzba complex,Ile Epo Market,Lagos State,Abule Egba,100276,NG,NGR001,,,,
Oluwa dami store,SECONDARY,,,EMANL,Iya dami,8032211975,+234,,6.4619428,3.3109142,R 2 shopping center,,Lagos State,Mile 2,102102,NG,NGR001,,,,
Korede store,SECONDARY,,,EMANL,Korede,8160788328,+234,,6.636677,3.3012845,Ile epo,Ile Epo Market,Lagos State,Abule Egba,100276,NG,NGR001,,,,
Divine flourish store,SECONDARY,,,EMANL,Divine,8035716575,+234,,6.4787185,3.3441399,2 Bale Orile-Iganmu,,Lagos State,Animshaun,102102,NG,NGR001,,,,
Golden varieties,SECONDARY,,,EMANL,Golden varieties,8101253306,+234,,6.5484428,3.2693312,Onikotun,Egbe Road,Lagos State,Ikotun,102214,NG,NGR001,,,,
Obi Store,SECONDARY,,,EMANL,Charles,9121799946,+234,,6.6350096,3.3012845,Ile epo market,Ile Epo Market,Lagos State,Abule Egba,100276,NG,NGR001,,,,
Lind's Store,SECONDARY,,,EMANL,Linda,7060879867,+234,,6.4759074,3.274337,J 13,Market,Lagos State,Festac,102102,NG,NGR001,,,,
Olayinka store,SECONDARY,,,EMANL,Olayinka,7030302350,+234,,6.6347088,3.3009989,Ile epo market,,Lagos State,Abule Egba,100276,NG,NGR001,,,,
Alashi store,SECONDARY,,,EMANL,Aniyat,8036969760,+234,,6.4792243,3.3438083,13 Bale Orile-Iganmu,Bale Street,Lagos State,Animshaun,102102,NG,NGR001,,,,
Michael store,SECONDARY,,,EMANL,Michael,8022265654,+234,,6.6347088,3.3009989,Ile epo market,,Lagos State,Abule Egba,100276,NG,NGR001,,,,
Ibrahim taiwo srore,SECONDARY,,,EMANL,Ibrahim taiwo,7025265614,+234,,6.479163,3.3438065,Shop 5 orile plaza,Bale Street,Lagos State,Animshaun,102102,NG,NGR001,,,,
Nini-b super store,SECONDARY,,,EMANL,Nini b,8033172962,+234,,6.4619484,3.3109746,Shop 18 arosum market shopping center mile 2,,Lagos State,Mile 2,102102,NG,NGR001,,,,
Dudu store,SECONDARY,,,EMANL,Dudu cosmetics,8063625677,+234,,6.6357518,3.3004876,Agbado oke odo market,Ile Epo Market,Lagos State,Abule Egba,100276,NG,NGR001,,,,
Favour Store,SECONDARY,,,EMANL,Favour,8035031769,+234,,6.635341,3.301599,Kc71,Ile Epo Market,Lagos State,Abule Egba,100276,NG,NGR001,,,,
Mum favour store,SECONDARY,,,EMANL,Mum favour,7044524223,+234,,6.5484253,3.2693476,Onikotun line,Egbe Road,Lagos State,Ikotun,102214,NG,NGR001,,,,
Asset store,SECONDARY,,,EMANL,Charity,8036000850,+234,,6.4591193,3.3107229,V 14 shopping center mile 2,Lagos-Badagry Expressway,Lagos State,Alaiyabiagba,102102,NG,NGR001,,,,
Madam joy store,SECONDARY,,,EMANL,Joy,8033314624,+234,,6.4792027,3.3421974,N0 19 Bale,,Lagos State,Animshaun,102102,NG,NGR001,,,,
Mum peju stores,SECONDARY,,,EMANL,Mum peju,8137328050,+234,,6.6361514,3.3005764,KC line,Ile Epo Market,Lagos State,Abule Egba,100276,NG,NGR001,,,,
Dave Store,SECONDARY,,,EMANL,Mary,7086922027,+234,,6.635952,3.3006051,Ile epo market,Ile Epo Market,Lagos State,Abule Egba,100276,NG,NGR001,,,,
Esther store,SECONDARY,,,EMANL,Esther,7043326642,+234,,6.6360389,3.3006362,Ile epo market,Ile Epo Market,Lagos State,Abule Egba,100276,NG,NGR001,,,,
Iya tope,SECONDARY,,,EMANL,Iya tope,8125263852,+234,,6.5496865,3.2697291,Onikotun line,,Lagos State,Ikotun,102214,NG,NGR001,,,,
Mum Aisha Store,SECONDARY,,,EMANL,Mum aisha,8062595987,+234,,6.6361384,3.300579,129 KCline,Ile Epo Market,Lagos State,Abule Egba,100276,NG,NGR001,,,,
Big mama store,SECONDARY,,,EMANL,Big mama,8032842484,+234,,6.4797818,3.3438001,15 Bale Orile-Iganmu,,Lagos State,Animshaun,102102,NG,NGR001,,,,
Titilayo Store,SECONDARY,,,EMANL,Titilayo,8161431104,+234,,6.6362775,3.300816,Ile epo market,Ile Epo Market,Lagos State,Abule Egba,100276,NG,NGR001,,,,
Mum feranmi,SECONDARY,,,EMANL,Mum feranmi,8068683443,+234,,6.6361499,3.3005715,127 KC line,Ile Epo Market,Lagos State,Abule Egba,100276,NG,NGR001,,,,
Mum yetundeStore,SECONDARY,,,EMANL,Mum yetunde,8082285813,+234,,6.6361456,3.3005766,124 KC line,Ile Epo Market,Lagos State,Abule Egba,100276,NG,NGR001,,,,
Umarich Store,SECONDARY,,,EMANL,Umarich,9116034789,+234,,6.475519,3.2739683,11 and 9 23 Road inside market,Market,Lagos State,Festac,102102,NG,NGR001,,,,
Ijeribechi Store,SECONDARY,,,EMANL,Ijeribechi,8067987641,+234,,6.4756533,3.2739233,Shop E 04,Market,Lagos State,Festac,102102,NG,NGR001,,,,
ID store,SECONDARY,,,EMANL,iD,8039093089,+234,,6.478523,3.3444014,"N0 8 savage, orile",Lagos-Badagry Expressway,Lagos State,Animshaun,102102,NG,NGR001,,,,
Zainab store,SECONDARY,,,EMANL,Zainab,8125871037,+234,,6.5482396,3.2695218,Onikotun line,Egbe Road,Lagos State,Ikotun,102214,NG,NGR001,,,,
Mum malik store,SECONDARY,,,EMANL,Mum malik,8125586354,+234,,6.4624428,3.3110375,B 10 shopping center mile 2,Adeola Johnson Street,Lagos State,Mile 2,102102,NG,NGR001,,,,
Vee store,SECONDARY,,,EMANL,Vee,8139203701,+234,,6.4634466,3.3100936,S 5 shopping centre mile 2,,Lagos State,Mile 2,102102,NG,NGR001,,,,
Twins idris venture,SECONDARY,,,EMANL,Mum ibeji,8065161843,+234,,6.6360162,3.3003407,157 b KCline,Ile Epo Market,Lagos State,Abule Egba,100276,NG,NGR001,,,,
A joke Oshodi,SECONDARY,,,EMANL,Ajoke,7065331221,+234,,6.4755279,3.2739522,Beside G 8 Key Clap inside market,Market,Lagos State,Festac,102102,NG,NGR001,,,,
Iya mama,SECONDARY,,,EMANL,Edna,8052350794,+234,,6.4795164,3.344419,21 Savage street,,Lagos State,Animshaun,102102,NG,NGR001,,,,
Ayobami store,SECONDARY,,,EMANL,Ayo,7070172039,+234,,6.6361499,3.3005774,I45 KCline,Ile Epo Market,Lagos State,Abule Egba,100276,NG,NGR001,,,,
Anike,SECONDARY,,,EMANL,Anike,9095116618,+234,,6.4795196,3.344432,24 savage street,,Lagos State,Animshaun,102102,NG,NGR001,,,,
Eniola store,SECONDARY,,,EMANL,Eniola,9043428806,+234,,6.5482396,3.2695218,Onikotun line,Egbe Road,Lagos State,Ikotun,102214,NG,NGR001,,,,
Labaka store,SECONDARY,,,EMANL,Ahalaji,8024242531,+234,,6.4614942,3.3105301,P1 shopping center mile 2,,Lagos State,Mile 2,102102,NG,NGR001,,,,
Iya sugar,SECONDARY,,,EMANL,Iya ejima,8025634721,+234,,6.6362766,3.3007634,150 b KC line,Ile Epo Market,Lagos State,Abule Egba,100276,NG,NGR001,,,,
Mummy ayo store,SECONDARY,,,EMANL,Mummy ayo,8102421973,+234,,6.6361471,3.3005764,Ile epo market,Ile Epo Market,Lagos State,Abule Egba,100276,NG,NGR001,,,,
Ogo Oluwakiitan store,SECONDARY,,,EMANL,Ogo Oluwa,8030531642,+234,,6.63615,3.3005774,Ile epo market,Ile Epo Market,Lagos State,Abule Egba,100276,NG,NGR001,,,,
BiBire store,SECONDARY,,,EMANL,BiBire,7030457790,+234,,6.4797082,3.3442676,14 SavageOrile-Iganmu,,Lagos State,Animshaun,102102,NG,NGR001,,,,
Mummy Sewa Store,SECONDARY,,,EMANL,Mummy sewa,7045795434,+234,,6.6361387,3.3005789,Kc 30 ile epo market,Ile Epo Market,Lagos State,Abule Egba,100276,NG,NGR001,,,,
Toluwa unique mega resource,SECONDARY,,,EMANL,Toluwa,8061542495,+234,,6.4620152,3.3109197,Block 224 flat 1 Amuwo odofin mile 2,,Lagos State,Mile 2,102102,NG,NGR001,,,,
Iya sadiat store,SECONDARY,,,EMANL,Sadiat,8086410481,+234,,6.6360438,3.300596,"Ile Epo Market, Irepodun Street, Abule Egba, Alimosho, Lagos State, 100276, Nigeria",Ile Epo Market,Lagos State,Abule Egba,100276,NG,NGR001,,,,
Mum Ade stores,SECONDARY,,,EMANL,Mum ade,9050297419,+234,,6.6363204,3.3007373,149KCline,Ile Epo Market,Lagos State,Abule Egba,100276,NG,NGR001,,,,
Iya ola,SECONDARY,,,EMANL,Ola,9041642994,+234,,6.4796049,3.3443269,17 Savage Orile-Iganmu,,Lagos State,Animshaun,102102,NG,NGR001,,,,
Mum fatima store,SECONDARY,,,EMANL,Iya fatima,7062419133,+234,,6.4617454,3.3102406,Block 321shopping center mile 2,,Lagos State,Mile 2,102102,NG,NGR001,,,,
Mummy oge store,SECONDARY,,,EMANL,Mummy oge,8027726261,+234,,6.6359223,3.300588,Ile epo market,Ile Epo Market,Lagos State,Abule Egba,100276,NG,NGR001,,,,
Iya Alia,SECONDARY,,,EMANL,Abiodu,9067908524,+234,,6.4802225,3.3435107,9 Savage street,,Lagos State,Animshaun,102102,NG,NGR001,,,,
Ijeoma,SECONDARY,,,EMANL,Ijeoma,7062519790,+234,,6.4755447,3.2745448,Shop 4 and shop 6 Oba Mobandele Oyekan Block 23 Road Festac,Market,Lagos State,Festac,102102,NG,NGR001,,,,
Choosy store,SECONDARY,,,EMANL,Calistus,9039382184,+234,,6.6351426,3.3008897,Ile epo market,Irepodun Street,Lagos State,Abule Egba,100276,NG,NGR001,,,,
Onto the lord store,SECONDARY,,,EMANL,Mama vikky,8082542550,+234,,6.461801,3.3104289,Shop m 18 shopping center mile 2,,Lagos State,Mile 2,102102,NG,NGR001,,,,
S.A store,SECONDARY,,,EMANL,Sodiq,9073221948,+234,,6.6363733,3.3004183,Iso igbale abayomi ile epo market,Ile Epo Market,Lagos State,Abule Egba,100276,NG,NGR001,,,,
In and Out,SECONDARY,,,EMANL,In and out,8138997129,+234,,6.4757659,3.2748771,Shop 02/03,,Lagos State,Festac,102102,NG,NGR001,,,,
Kb store,SECONDARY,,,EMANL,Kelvin,8106027939,+234,,6.6364446,3.3005741,244,Ile Epo Market,Lagos State,Abule Egba,100276,NG,NGR001,,,,
Wumi store,SECONDARY,,,EMANL,Wumi,9116446258,+234,,6.4627499,3.3104672,Block 323 shopping center,Adeola Johnson Street,Lagos State,Mile 2,102102,NG,NGR001,,,,
Iya Basit Store,SECONDARY,,,EMANL,Iya basit,8066344885,+234,,6.637062,3.300897,Iso igbaleile epo market,Ile Epo Market,Lagos State,Abule Egba,100276,NG,NGR001,,,,
Olaniyi store,SECONDARY,,,EMANL,Olaniyi,8163879508,+234,,6.6372875,3.3008319,Ile epo market,Ile Epo Market,Lagos State,Abule Egba,100276,NG,NGR001,,,,
Trait venture,SECONDARY,,,EMANL,Adeyemi oluwakemi,8116313984,+234,,6.4626005,3.3106277,Adeola johnson Shopping center,Adeola Johnson Street,Lagos State,Mile 2,102102,NG,NGR001,,,,
TUWO Store,SECONDARY,,,EMANL,ANN,8037182545,+234,,6.4754344,3.2739963,D 12 OSCAR Odogwu,Market,Lagos State,Festac,102102,NG,NGR001,,,,
Olanb foodstuff,SECONDARY,,,EMANL,Aduke,8160757593,+234,,6.6367254,3.3004208,Ile epo market,Ile Epo Market,Lagos State,Abule Egba,100276,NG,NGR001,,,,
Iya aayinde store,SECONDARY,,,EMANL,Aayinde,7056044532,+234,,6.6365655,3.3005806,Inside Ile epo market,Ile Epo Market,Lagos State,Abule Egba,100276,NG,NGR001,,,,
Olasumbo store,SECONDARY,,,EMANL,Olasumbo,9014225499,+234,,6.6365708,3.300583,Inside Ile epo market,Ile Epo Market,Lagos State,Abule Egba,100276,NG,NGR001,,,,
shadia baby store,SECONDARY,,,EMANL,Shadia,8080882232,+234,,6.5645595,3.3480506,Queens lady line,Agege Motor Road,Lagos State,Oshodi/Isolo,100231,NG,NGR001,,,,
Oladimeji Store,SECONDARY,,,EMANL,Oladimeji,8060595941,+234,,6.637346,3.3009699,Ile epo market,Ile Epo Market,Lagos State,Abule Egba,100276,NG,NGR001,,,,
Ade biyi store,SECONDARY,,,EMANL,Adebiyi,8169864716,+234,,6.4629929,3.3134889,Block 134 Adeola johnson street shopping ventre,Adeola Johnson Street,Lagos State,Mile 2,102102,NG,NGR001,,,,
As store,SECONDARY,,,EMANL,As,8025362253,+234,,6.6366425,3.3015546,Ile epi,Ile Epo Market,Lagos State,Abule Egba,100276,NG,NGR001,,,,
Munachimso,SECONDARY,,,EMANL,Munachimso,8055595807,+234,,6.4769879,3.2732945,Shop 08,4th Avenue,Lagos State,Festac,102102,NG,NGR001,,,,
FARM 83 GROCERY AND MORE,SECONDARY,,,EMANL,Christy,7049545094,+234,,6.4751559,3.2741996,F01 by 402,,Lagos State,Festac,102102,NG,NGR001,,,,
God's gift store,SECONDARY,,,EMANL,God's gift,8122905501,+234,,6.5496438,3.2694147,Newbuilding,Idimu-Ikotun Road,Lagos State,Ikotun,102214,NG,NGR001,,,,
Omolara store,SECONDARY,,,EMANL,Omolara,7054497521,+234,,6.636679,3.3009699,"Ile Epo Market, BRT Lane, Abule Egba, Alimosho, Lagos State, 100276, Nigeria",Ile Epo Market,Lagos State,Abule Egba,100276,NG,NGR001,,,,
MM store,SECONDARY,,,EMANL,MM,9033047488,+234,,6.4600904,3.3148134,Block 52 shopping center Amuwo,Lagos-Badagry Expressway,Lagos State,Mile 2,102102,NG,NGR001,,,,
Busayo store,SECONDARY,,,EMANL,Busayo,9073444746,+234,,6.5496519,3.2696487,New building,,Lagos State,Ikotun,102214,NG,NGR001,,,,
Safellax enterprise,SECONDARY,,,EMANL,Olamisi,8023266899,+234,,6.4633415,3.3145405,Block 51 flat1 Amuwo shopping center mile 2,,Lagos State,Mile 2,102102,NG,NGR001,,,,
Leo's Store,SECONDARY,,,EMANL,Leo,8033644016,+234,,6.4750058,3.2739356,G02 by 402 23 Road Festac,,Lagos State,Festac,102102,NG,NGR001,,,,
Amazing Grace,SECONDARY,,,EMANL,Amazing,8137769701,+234,,6.4756533,3.2739233,Shop G-09,Market,Lagos State,Festac,102102,NG,NGR001,,,,
Chomis stores,SECONDARY,,,EMANL,Chisom,8063524529,+234,,6.5309348,3.35422,Dapharm line,,Lagos State,Mushin,102215,NG,NGR001,,,,
BisimilaiStore,SECONDARY,,,EMANL,Bisi,8063524586,+234,,6.5301582,3.3541714,Queen ladyline,,Lagos State,Mushin,102215,NG,NGR001,,,,
Dudu cosmetics2,SECONDARY,,,EMANL,Stephen,8065942136,+234,,6.5314454,3.3516525,KC line,Ladipo Street,Lagos State,Mushin,102215,NG,NGR001,,,,
Mummy seun store,SECONDARY,,,EMANL,Mummy seun,8025893272,+234,,6.6364319,3.301879,Kc125 A,Ile Epo Market,Lagos State,Abule Egba,100276,NG,NGR001,,,,
Do it all store,SECONDARY,,,EMANL,Mum kemi,8169502001,+234,,6.4645527,3.3148244,Mile 2 estate block 50,,Lagos State,Mile 2,102102,NG,NGR001,,,,
Ore ofe store,SECONDARY,,,EMANL,Ore ofe store,8143256925,+234,,6.636548,3.3014518,Ile epo market,Ile Epo Market,Lagos State,Abule Egba,100276,NG,NGR001,,,,
Mama T store,SECONDARY,,,EMANL,Mama Tee,9035047543,+234,,6.6366833,3.3015558,Ile epo market,Ile Epo Market,Lagos State,Abule Egba,100276,NG,NGR001,,,,
Ajasa store,SECONDARY,,,EMANL,Ajasa,8028288509,+234,,6.5495202,3.2696201,Onikotun line,,Lagos State,Ikotun,102214,NG,NGR001,,,,
God'sFavour,SECONDARY,,,EMANL,God's Favour,8038421939,+234,,6.4754466,3.2739383,G08 by 402 link Road Festac,Market,Lagos State,Festac,102102,NG,NGR001,,,,
Saheed taiye store,SECONDARY,,,EMANL,Saheed taiye,8086829535,+234,,6.4803175,3.3445515,"N0 6 savage, orile iganmu",,Lagos State,Animshaun,102102,NG,NGR001,,,,
Adeyo store,SECONDARY,,,EMANL,Adeyo,7059451029,+234,,6.4798638,3.3428271,2 Savage Orile-Iganmu,,Lagos State,Animshaun,102102,NG,NGR001,,,,
Mary's Store,SECONDARY,,,EMANL,Mary,7073078729,+234,,6.6366728,3.3019136,Ile Epo,Ile Epo Market,Lagos State,Abule Egba,100276,NG,NGR001,,,,
Ifyson Store,SECONDARY,,,EMANL,Ifeoma,8038392990,+234,,6.4754317,3.2734992,Shop H-05,,Lagos State,Festac,102102,NG,NGR001,,,,
Godpowers store,SECONDARY,,,EMANL,Nneoma helen,8030773204,+234,,6.4630036,3.3135042,Adeola johnson shopping centre,Adeola Johnson Street,Lagos State,Mile 2,102102,NG,NGR001,,,,
Onyekwere store,SECONDARY,,,EMANL,Onyekwere,8130171100,+234,,6.5472297,3.2712049,New building,Egbe Road,Lagos State,Ikotun,102214,NG,NGR001,,,,
Ugo Divine Store,SECONDARY,,,EMANL,Ugo,8033336954,+234,,6.4755052,3.2737732,H 11 by 402 link 23 Road,Market,Lagos State,Festac,102102,NG,NGR001,,,,
B.o.d.y enterprise,SECONDARY,,,EMANL,Body enterprise,8033244288,+234,,6.479868,3.3421974,"Shop 1 savage, orile iganmu",Bale Street,Lagos State,Animshaun,102102,NG,NGR001,,,,
Ifediba Store,SECONDARY,,,EMANL,Ifediba,9036860705,+234,,6.4753247,3.2732945,Shop 1 by 402 link,,Lagos State,Festac,102102,NG,NGR001,,,,
Obum Trading store,SECONDARY,,,EMANL,Obum,8069017658,+234,,6.4798638,3.3428271,2a savage Orile-Iganmu,,Lagos State,Animshaun,102102,NG,NGR001,,,,
Afusat,SECONDARY,,,EMANL,Afusat,7033100773,+234,,6.6363044,3.3021572,Ile epo,Ile Epo Market,Lagos State,Abule Egba,100276,NG,NGR001,,,,
Obajuwon foodstuff,SECONDARY,,,EMANL,Obajuwon,8161929125,+234,,6.6366561,3.3016357,Ile epo market,Ile Epo Market,Lagos State,Abule Egba,100276,NG,NGR001,,,,
Alhaja jimoh,SECONDARY,,,EMANL,Jimoh,9130599966,+234,,6.6366342,3.3016519,Ile epo,Ile Epo Market,Lagos State,Abule Egba,100276,NG,NGR001,,,,
Iye's shop,SECONDARY,,,EMANL,Iye,8078754042,+234,,6.4795312,3.3428271,"N0 1 savege, orile iganmu",Bale Street,Lagos State,Animshaun,102102,NG,NGR001,,,,
Ngozi store,SECONDARY,,,EMANL,Ngozi,9160640968,+234,,6.4754385,3.273624,Shop 3 by 402 link,,Lagos State,Festac,102102,NG,NGR001,,,,
Gold store,SECONDARY,,,EMANL,Gold,9043321217,+234,,6.5482396,3.2695218,"Ikotun - Ejigbo Road, Alimosho, Lagos State, 100263, Nigeria",Egbe Road,Lagos State,Ikotun,102214,NG,NGR001,,,,
Obi store,SECONDARY,,,EMANL,Obi,7036534567,+234,,6.4798638,3.3428271,2D savage Orile-Iganmu,,Lagos State,Animshaun,102102,NG,NGR001,,,,
Omaris business connet,SECONDARY,,,EMANL,Aminat,8102811271,+234,,6.4632598,3.3079804,Block 413 Amowu estate mile 2,,Lagos State,Mile 2,102102,NG,NGR001,,,,
God's own shop,SECONDARY,,,EMANL,Ogochukwu,8036207603,+234,,6.4753247,3.2732945,Shop 7 by 402 link,,Lagos State,Festac,102102,NG,NGR001,,,,
N.k store,SECONDARY,,,EMANL,Nkechi,8109053808,+234,,6.4798638,3.3428271,9 Savage Orile-Iganmu,,Lagos State,Animshaun,102102,NG,NGR001,,,,
Adejoke store,SECONDARY,,,EMANL,Adejoke,7036463814,+234,,6.4811903,3.3434568,N0 2 Ayegun off savage roadorile,,Lagos State,Animshaun,102102,NG,NGR001,,,,
Dangana Store,SECONDARY,,,EMANL,Rita,8037474346,+234,,6.4753247,3.2732945,Shop H-08,,Lagos State,Festac,102102,NG,NGR001,,,,
Iya taiwo store,SECONDARY,,,EMANL,Iya taiwo,9025718071,+234,,6.5482396,3.2695218,"Ikotun - Ejigbo Road, Alimosho, Lagos State, 100263, Nigeria",Egbe Road,Lagos State,Ikotun,102214,NG,NGR001,,,,
Iya Abby,SECONDARY,,,EMANL,Abby,7054150253,+234,,6.4797839,3.3425777,32 Bale Orile-Iganmu,Bale Street,Lagos State,Animshaun,102102,NG,NGR001,,,,
Elizabeth store,SECONDARY,,,EMANL,Elizabeth,8034354790,+234,,6.4756245,3.2738682,Shop G 01,Market,Lagos State,Festac,102102,NG,NGR001,,,,
Eniola store,SECONDARY,,,EMANL,Eniola,7084752615,+234,,6.6371533,3.2991063,Topsel plaza,Old Otta Road,Lagos State,Abule Egba,100276,NG,NGR001,,,,
Iya Malik Store,SECONDARY,,,EMANL,Tijani,8081100611,+234,,6.6369969,3.2994207,Topdel Plaza ile epo market,Old Otta Road,Lagos State,Abule Egba,100276,NG,NGR001,,,,
Prindafil Store,SECONDARY,,,EMANL,Prindafil,9060899839,+234,,6.6370263,3.2994571,Topdel plaza ile epo market,Old Otta Road,Lagos State,Abule Egba,100276,NG,NGR001,,,,
Seun Store,SECONDARY,,,EMANL,Seun,8080826621,+234,,6.6367618,3.3003752,Ile Epo market,Ile Epo Market,Lagos State,Abule Egba,100276,NG,NGR001,,,,
Shnusu Store,SECONDARY,,,EMANL,Shanusu,9134277378,+234,,6.636546,3.2998455,Elias ile epo market,Old Otta Road,Lagos State,Abule Egba,100276,NG,NGR001,,,,
Twins Store,SECONDARY,,,EMANL,Mummy Twins,8024053542,+234,,6.6364538,3.2998708,Elias ile epo market,Old Otta Road,Lagos State,Abule Egba,100276,NG,NGR001,,,,
Mummy Samuel Store,SECONDARY,,,EMANL,ADENIKE,8027161062,+234,,6.6364636,3.2999695,Ile epo market,Old Otta Road,Lagos State,Abule Egba,100276,NG,NGR001,,,,
Anidudu Ventures,SECONDARY,,,EMANL,Anidudu,8038105667,+234,,6.6346803,3.3006553,Ile epo market,,Lagos State,Abule Egba,100276,NG,NGR001,,,,
Daisy cosmetics,SECONDARY,,,EMANL,Celine,8107000465,+234,,6.6346521,3.3002903,"Irepodun Street, Abule Egba, Alimosho, Lagos State, 100276, Nigeria",Irepodun Street,Lagos State,Abule Egba,100276,NG,NGR001,,,,
Pett Store,SECONDARY,,,EMANL,Victor,9065404957,+234,,6.6356243,3.3007941,Ile epo,Ile Epo Market,Lagos State,Abule Egba,100276,NG,NGR001,,,,
Chekube store,SECONDARY,,,EMANL,Chekube,8131981913,+234,,6.6355236,3.3006518,Ile epo,Ile Epo Market,Lagos State,Abule Egba,100276,NG,NGR001,,,,
Emeka store,SECONDARY,,,EMANL,Emeka,9064172996,+234,,6.6354323,3.3005932,Ile epo market,Ile Epo Market,Lagos State,Abule Egba,100276,NG,NGR001,,,,
Dudu Stores,SECONDARY,,,EMANL,Dudu,8139181043,+234,,6.6354141,3.3005801,Ile epo market,Irepodun Street,Lagos State,Abule Egba,100276,NG,NGR001,,,,
Abdullahi store,SECONDARY,,,EMANL,Abdullahi,7061001977,+234,,6.6343553,3.3001373,"Irepodun Street, Abule Egba, Alimosho, Lagos State, 100276, Nigeria",Irepodun Street,Lagos State,Abule Egba,100276,NG,NGR001,,,,
Emma money store,SECONDARY,,,EMANL,Emma,8103902996,+234,,6.6355476,3.3006129,Dc 016,Ile Epo Market,Lagos State,Abule Egba,100276,NG,NGR001,,,,
Ola store,SECONDARY,,,EMANL,Esther,8081123023,+234,,6.6355473,3.3006128,Ile epo market,Ile Epo Market,Lagos State,Abule Egba,100276,NG,NGR001,,,,
Jude Stores,SECONDARY,,,EMANL,Jude,9018427142,+234,,6.6356286,3.3005763,Ike epo market,Ile Epo Market,Lagos State,Abule Egba,100276,NG,NGR001,,,,
Shadiat store,SECONDARY,,,EMANL,Shadiat,8080883322,+234,,6.6356104,3.3007247,Ile epo market,Ile Epo Market,Lagos State,Abule Egba,100276,NG,NGR001,,,,
Divine store,SECONDARY,,,EMANL,Mummy Divine,8036219480,+234,,6.6350669,3.3001725,"Abule Egba, Alimosho, Lagos State, 100276, Nigeria",,Lagos State,Abule Egba,100276,NG,NGR001,,,,
Our place Store,SECONDARY,,,EMANL,Sales Person,9037369095,+234,,6.6357535,3.3004697,Ile epo market,Ile Epo Market,Lagos State,Abule Egba,100276,NG,NGR001,,,,
Uche store,SECONDARY,,,EMANL,Uche,8062606042,+234,,6.6357568,3.3004761,Ile epo market,Ile Epo Market,Lagos State,Abule Egba,100276,NG,NGR001,,,,
Oyeleye store,SECONDARY,,,EMANL,Oyeleye,7063547898,+234,,6.6357304,3.3004705,Ile epo market,Ile Epo Market,Lagos State,Abule Egba,100276,NG,NGR001,,,,
UBA store,SECONDARY,,,EMANL,UBA,7048017123,+234,,6.6357044,3.3004583,67,Ile Epo Market,Lagos State,Abule Egba,100276,NG,NGR001,,,,
Ify God babies,SECONDARY,,,EMANL,Ify,7016306534,+234,,6.6870546,3.302323,Blk 1 agbado ojo,,Ogun State,Ifo,112105,NG,NGR001,,,,
Ajayi store,SECONDARY,,,EMANL,Ajayi,9015104971,+234,,6.635676,3.3003987,22A,Ile Epo Market,Lagos State,Abule Egba,100276,NG,NGR001,,,,
3ps trading store,SECONDARY,,,EMANL,3ps,8033909187,+234,,6.6356137,3.3003569,Ile epo market,Ile Epo Market,Lagos State,Abule Egba,100276,NG,NGR001,,,,
Opeoluwa stores,SECONDARY,,,EMANL,Mum mercy,8055800450,+234,,6.688045,3.3025428,Block c agbado oja,,Ogun State,Ifo,112105,NG,NGR001,,,,
Queen Adex Ventures,SECONDARY,,,EMANL,Folashade,7039799594,+234,,6.6356275,3.3003613,Ile epo market,Ile Epo Market,Lagos State,Abule Egba,100276,NG,NGR001,,,,
Ladabo store,SECONDARY,,,EMANL,Ladabo,8033358431,+234,,6.6356292,3.3003664,"Ile Epo Market, BRT Lane, Abule Egba, Alimosho, Lagos State, 100276, Nigeria",Ile Epo Market,Lagos State,Abule Egba,100276,NG,NGR001,,,,
Madam blessing store,SECONDARY,,,EMANL,Blessing,8038503366,+234,,6.6355959,3.300341,Ile epi,Ile Epo Market,Lagos State,Abule Egba,100276,NG,NGR001,,,,
Dad mercy,SECONDARY,,,EMANL,Dad mercy,8022053814,+234,,6.6873775,3.3025428,Agbado oja,,Ogun State,Ifo,112105,NG,NGR001,,,,
Mummy Dolapo,SECONDARY,,,EMANL,Mum Dolapo,9123758589,+234,,6.6356027,3.3003381,Ile epo,Ile Epo Market,Lagos State,Abule Egba,100276,NG,NGR001,,,,
Mummy Joshua store,SECONDARY,,,EMANL,Mum Joshua,8063787302,+234,,6.6883808,3.3022282,Block c agbado oja,,Ogun State,Ifo,112105,NG,NGR001,,,,
Penco store,SECONDARY,,,EMANL,Penco,8035127316,+234,,6.6877091,3.3028574,Agbado oja,,Ogun State,Ifo,112105,NG,NGR001,,,,
Happy babies world shope,SECONDARY,,,EMANL,Happy,8068443136,+234,,6.4605031,3.2051317,36 Onwuka,Lagos-Badagry Expressway,Lagos State,Ojo,102113,NG,NGR001,,,,
Ay store,SECONDARY,,,EMANL,Ayo,8126677103,+234,,6.6873775,3.3025428,Blk c 11 agbado oja,,Ogun State,Ifo,112105,NG,NGR001,,,,
Asa,SECONDARY,,,EMANL,ASA,8133067166,+234,,6.4605007,3.2051759,13 Onuka Iyan oba Market,Lagos-Badagry Expressway,Lagos State,Ojo,102113,NG,NGR001,,,,
Gift Store,SECONDARY,,,EMANL,Gift,8038212274,+234,,6.4597912,3.2051163,Shop 10 Sam Praise plaza,Lagos-Badagry Expressway,Lagos State,Ojo,102113,NG,NGR001,,,,
Mama Ejima,SECONDARY,,,EMANL,Chidinma,7033803977,+234,,6.4567942,3.2057443,Shop 2 Sam Praise plaza,,Lagos State,Ojo,102113,NG,NGR001,,,,
Sotak venture,SECONDARY,,,EMANL,Sotak venture,7031666449,+234,,6.6873754,3.3028574,Agbado oja,,Ogun State,Ifo,112105,NG,NGR001,,,,
Hsjia care for kiddies,SECONDARY,,,EMANL,Hajia,9036868605,+234,,6.6346203,3.3014819,Ile epi,Lagos-Abeokuta Expressway,Lagos State,Abule Egba,100276,NG,NGR001,,,,
Balikis store,SECONDARY,,,EMANL,Balikis,9116206465,+234,,6.6346673,3.3015238,Ile epo market,Lagos-Abeokuta Expressway,Lagos State,Abule Egba,100276,NG,NGR001,,,,
Chain distributor,SECONDARY,,,EMANL,Egoro manager,9061424578,+234,,6.4701965,3.1872425,Q 13/ 14 qunityplaz,,Lagos State,Ojo,102113,NG,NGR001,,,,
Alaja,SECONDARY,,,EMANL,Alaja,9164493059,+234,,6.4705505,3.1865959,22/35 Akere street,,Lagos State,Ojo,,NG,NGR001,,,,
Olads  store,SECONDARY,,,EMANL,Ola,8034897525,+234,,6.6356273,3.3003938,"Ile Epo Market, BRT Lane, Abule Egba, Alimosho, Lagos State, 100276, Nigeria",Ile Epo Market,Lagos State,Abule Egba,100276,NG,NGR001,,,,
Prof star,SECONDARY,,,EMANL,Prof star,8057595834,+234,,6.6870604,3.3021178,Blk 30,,Ogun State,Ifo,112105,NG,NGR001,,,,
Madam Chika,SECONDARY,,,EMANL,Chika,8029290383,+234,,6.4597007,3.2046013,6 Sound Prince Plaza 2,,Lagos State,Ojo,102113,NG,NGR001,,,,
Baba abeji super store,SECONDARY,,,EMANL,Baba abeji,9034641647,+234,,6.4717333,3.189072,No 9 iya jesu street Okoko market,Lagos-Badagry Expressway,Lagos State,Ojo,102113,NG,NGR001,,,,
Iya Rosa store,SECONDARY,,,EMANL,Iya rosa,8029641407,+234,,6.6873934,3.3019739,Block 5 shop 2,,Ogun State,Ifo,112105,NG,NGR001,,,,
Divine c store,SECONDARY,,,EMANL,Una,8064154689,+234,,6.4711502,3.1881476,2 Akere okoko,,Lagos State,Ojo,102113,NG,NGR001,,,,
Hassan Store,SECONDARY,,,EMANL,Kenny,8072555808,+234,,6.6356874,3.3004856,MB Rukky plaza ile epo market,Ile Epo Market,Lagos State,Abule Egba,100276,NG,NGR001,,,,
Ola store,SECONDARY,,,EMANL,Ola temiolluwa,8028604605,+234,,6.4711192,3.1881107,No 3 akiri street okoko market,,Lagos State,Ojo,102113,NG,NGR001,,,,
3 pees Store,SECONDARY,,,EMANL,Itunu,9021351369,+234,,6.6356117,3.300364,"Ile Epo Market, BRT Lane, Abule Egba, Alimosho, Lagos State, 100276, Nigeria",Ile Epo Market,Lagos State,Abule Egba,100276,NG,NGR001,,,,
Unique Blessing store,SECONDARY,,,EMANL,Blessing,7033196044,+234,,6.471288,3.1880319,Shop 3 iyaje plaza Akere,Lagos-Badagry Expressway,Lagos State,Ojo,102113,NG,NGR001,,,,
Akin Adefola,SECONDARY,,,EMANL,Akin Adefola,8028742958,+234,,6.4592706,3.203866,Obadaudu,Oba Dauda Street,Lagos State,Ojo,102113,NG,NGR001,,,,
IyaEmmanuel store,SECONDARY,,,EMANL,Iya Emmanuel,8086137993,+234,,6.6873956,3.3020374,Agbado oja,,Ogun State,Ifo,112105,NG,NGR001,,,,
chioma store,SECONDARY,,,EMANL,Chioma,8104900572,+234,,6.4709127,3.1877685,No 3 akiri okoko,,Lagos State,Ojo,102113,NG,NGR001,,,,
Adegboyega Store,SECONDARY,,,EMANL,Adegboyega,8120688700,+234,,6.687491,3.301925,Blk 3 agbado oja,,Ogun State,Ifo,112105,NG,NGR001,,,,
De Best store,SECONDARY,,,EMANL,Chinwe,8166725785,+234,,6.4716579,3.1876631,Shop 6 iyajesu plaza,Lagos-Badagry Expressway,Lagos State,Ojo,102113,NG,NGR001,,,,
Mum mark,SECONDARY,,,EMANL,Mum mark,7044796113,+234,,6.4709561,3.1881382,No 3 oscar akira okoko market,,Lagos State,Ojo,102113,NG,NGR001,,,,
Abiola store,SECONDARY,,,EMANL,Abiola,7056134373,+234,,6.6357954,3.30015,3 mousba plaza,Ile Epo Market,Lagos State,Abule Egba,100276,NG,NGR001,,,,
Alhaji store,SECONDARY,,,EMANL,Alhaji,8075742417,+234,,6.6873026,3.3017219,Agbado oja,,Ogun State,Ifo,112105,NG,NGR001,,,,
Rossy Store,SECONDARY,,,EMANL,Rossy,8034957515,+234,,6.4593718,3.2036774,25 Ariyo Plaza,Oba Dauda Street,Lagos State,Ojo,102113,NG,NGR001,,,,
Baby world,SECONDARY,,,EMANL,Ifeyinwa,7065449626,+234,,6.6358164,3.3000887,Mousba plazw,Ile Epo Market,Lagos State,Abule Egba,100276,NG,NGR001,,,,
St mavic,SECONDARY,,,EMANL,St mavic,8120267578,+234,,6.6873785,3.3019824,Blk6 agbado oja,,Ogun State,Ifo,112105,NG,NGR001,,,,
JB store,SECONDARY,,,EMANL,JB,8145032892,+234,,6.4707693,3.1895407,Abidotu street opp hope sch okoko market,Lagos-Badagry Expressway,Lagos State,Ijanikin,,NG,NGR001,,,,
Iya chidera store,SECONDARY,,,EMANL,Chidera,8064625313,+234,,6.4705383,3.1886435,Shop 6 Abudtun,,Lagos State,Ojo,102113,NG,NGR001,,,,
Ngo Grace,SECONDARY,,,EMANL,Ngo Grace,8033535975,+234,,6.4593194,3.2037732,Iya Biliki Plaza,Oba Dauda Street,Lagos State,Ojo,102113,NG,NGR001,,,,
Cimes glory Store,SECONDARY,,,EMANL,Chief Ilepo,8166526896,+234,,6.6357667,3.3002017,Ile epo market,Ile Epo Market,Lagos State,Abule Egba,100276,NG,NGR001,,,,
Santtos store,SECONDARY,,,EMANL,Santtos,8037179644,+234,,6.4708655,3.1894206,No abodottu street beside hope sch okoko market,Lagos-Badagry Expressway,Lagos State,Ijanikin,,NG,NGR001,,,,
Temi store,SECONDARY,,,EMANL,Temi,8029500076,+234,,6.6358156,3.3000903,"Ile Epo Market, BRT Lane, Abule Egba, Alimosho, Lagos State, 100276, Nigeria",Ile Epo Market,Lagos State,Abule Egba,100276,NG,NGR001,,,,
Chifon Groceries,SECONDARY,,,EMANL,Chifon,8037169539,+234,,6.4708028,3.1884724,Miracle plaza,,Lagos State,Ojo,102113,NG,NGR001,,,,
Cassie Mart,SECONDARY,,,EMANL,Cassandra,8131067818,+234,,6.6826451,3.3053315,Agbado crossing,Alakuko Road,Ogun State,Ifo,112105,NG,NGR001,,,,
Triple B store,SECONDARY,,,EMANL,Triple B,7039838689,+234,,6.6877091,3.3028574,Agbado oja,,Ogun State,Ifo,112105,NG,NGR001,,,,
OlaJesu Store,SECONDARY,,,EMANL,Ola jesu,8020770816,+234,,6.6365585,3.29981,Ile epo market,Old Otta Road,Lagos State,Abule Egba,100276,NG,NGR001,,,,
Temmy store,SECONDARY,,,EMANL,Temitope,7010386657,+234,,6.682616,3.3051791,Crossing,Alakuko Road,Ogun State,Ifo,112105,NG,NGR001,,,,
Mummy moyin store,SECONDARY,,,EMANL,Mummy Moyin,8084371330,+234,,6.6361423,3.3003361,"Ile Epo Market, Irepodun Street, Abule Egba, Alimosho, Lagos State, 100276, Nigeria",Ile Epo Market,Lagos State,Abule Egba,100276,NG,NGR001,,,,
J and J Store,SECONDARY,,,EMANL,Juliet,8013598733,+234,,6.4594222,3.2034949,19 Good luck Plaza,Onyems-B.-Hospital,Lagos State,Ojo,102113,NG,NGR001,,,,
Mum chinasa store,SECONDARY,,,EMANL,Mum chinasa,8065037027,+234,,6.4708653,3.1894508,No 37 abudottu complex okoko market,Lagos-Badagry Expressway,Lagos State,Ijanikin,,NG,NGR001,,,,
Iya seun store,SECONDARY,,,EMANL,Iya seun,7042098352,+234,,6.6362521,3.3001615,Ile epo market,Ile Epo Market,Lagos State,Abule Egba,100276,NG,NGR001,,,,
Thank God store,SECONDARY,,,EMANL,Thank God,7039912944,+234,,6.6826459,3.3053329,Crossing,Alakuko Road,Ogun State,Ifo,112105,NG,NGR001,,,,
Omas stores,SECONDARY,,,EMANL,Nonso,9072051661,+234,,6.6876955,3.3018071,Agbado oja,,Ogun State,Ifo,112105,NG,NGR001,,,,
Emmyrose store,SECONDARY,,,EMANL,Eze mmaduabuchi,7082203673,+234,,6.6826455,3.3053323,Crossing,Alakuko Road,Ogun State,Ifo,112105,NG,NGR001,,,,
Happiness store,SECONDARY,,,EMANL,Happiness,8034201980,+234,,6.470925,3.188162,No 1 abudottu okoko marKet,,Lagos State,Ojo,102113,NG,NGR001,,,,
Eze store,SECONDARY,,,EMANL,Eze,9090647001,+234,,6.6826466,3.3053336,Crossing,Alakuko Road,Ogun State,Ifo,112105,NG,NGR001,,,,
Solomon Store,SECONDARY,,,EMANL,Chiamaka,9014170152,+234,,6.4594256,3.2034706,4 Good Luck Plaza,Onyems-B.-Hospital,Lagos State,Ojo,102113,NG,NGR001,,,,
Juliet store,SECONDARY,,,EMANL,Juliet,7067641788,+234,,6.6366062,3.2998431,Ile epo market,Old Otta Road,Lagos State,Abule Egba,100276,NG,NGR001,,,,
Chuks ventures,SECONDARY,,,EMANL,Chuck's,8130599951,+234,,6.6826588,3.3050162,Crossing market,,Ogun State,Ifo,112105,NG,NGR001,,,,
Casood Enterprises Nig,SECONDARY,,,EMANL,Sini,7066993332,+234,,6.6363849,3.2998842,Ile epo market,,Lagos State,Abule Egba,100276,NG,NGR001,,,,
Chimex Global enterprise,SECONDARY,,,EMANL,Chimex,9057205431,+234,,6.6365942,3.2998527,"Old Otta Road, Abule Egba, Alimosho, Lagos State, 100276, Nigeria",Old Otta Road,Lagos State,Abule Egba,100276,NG,NGR001,,,,
Abraham store,SECONDARY,,,EMANL,Abraham,8051446994,+234,,6.682942,3.3057421,Crossing,Alakuko Road,Ogun State,Ifo,112105,NG,NGR001,,,,
Grace of god super store,SECONDARY,,,EMANL,Ogbonna,8038423173,+234,,6.4709253,3.1881621,No 24 abudottu okoko market,,Lagos State,Ojo,102113,NG,NGR001,,,,
Chi.best food stuff,SECONDARY,,,EMANL,Chi best,9077099595,+234,,6.6832818,3.3052745,"No,2 irepodun street",,Ogun State,Ifo,112105,NG,NGR001,,,,
IyaVictor store,SECONDARY,,,EMANL,Victor,7049789848,+234,,6.4709101,3.188617,Shop 5 miracle plaza,,Lagos State,Ojo,102113,NG,NGR001,,,,
Olas stores,SECONDARY,,,EMANL,Akinbola,8027207757,+234,,6.688045,3.3025428,Beside Central Mosque agbado,,Ogun State,Ifo,112105,NG,NGR001,,,,
Chi food store,SECONDARY,,,EMANL,Chi,9073954585,+234,,6.6850245,3.3050596,"2, irepodun street",,Ogun State,Ifo,112105,NG,NGR001,,,,
Convenient seed store,SECONDARY,,,EMANL,Convenient seed,8039416715,+234,,6.6873775,3.3025428,Agbado oja,,Ogun State,Ifo,112105,NG,NGR001,,,,
Delgore multi service limited,SECONDARY,,,EMANL,David,8034111556,+234,,6.6363821,3.300013,Ile epo market,Old Otta Road,Lagos State,Abule Egba,100276,NG,NGR001,,,,
Chioma store,SECONDARY,,,EMANL,Chioma,8135028716,+234,,6.4709254,3.1881623,Abudottu beside grace of god store,,Lagos State,Ojo,102113,NG,NGR001,,,,
Vip global,SECONDARY,,,EMANL,Vip,9130685778,+234,,6.6829785,3.3053784,"No,1 irepodun",,Ogun State,Ifo,112105,NG,NGR001,,,,
Yetty enterprises,SECONDARY,,,EMANL,Yetty,8059470046,+234,,6.4765065,3.3475501,N0 85 iganmu road,,Lagos State,Apapa,101212,NG,NGR001,,,,
Adaeze Store,SECONDARY,,,EMANL,Adaeze,8145440899,+234,,6.4594429,3.2034654,17 Good luck Plaza,Onyems-B.-Hospital,Lagos State,Ojo,102113,NG,NGR001,,,,
N.k store,SECONDARY,,,EMANL,Nkechi,8038393088,+234,,6.4707079,3.1885993,1 Abudtun,,Lagos State,Ojo,102113,NG,NGR001,,,,
Toluwanin store,SECONDARY,,,EMANL,Toluwani,7039410697,+234,,6.6372054,3.2991171,"Old Otta Road, Abule Egba, Alimosho, Lagos State, 100276, Nigeria",Old Otta Road,Lagos State,Abule Egba,100276,NG,NGR001,,,,
Sanni store,SECONDARY,,,EMANL,Sanni,8022783605,+234,,6.6822852,3.3045512,"No 1,Irepodun",Alakuko Road,Ogun State,Ifo,112105,NG,NGR001,,,,
Liberty ventures,SECONDARY,,,EMANL,Bishop,7049523005,+234,,6.6876635,3.3017567,Beside agbado central mosque,,Ogun State,Ifo,112105,NG,NGR001,,,,
Amaka ventures,SECONDARY,,,EMANL,Amaka,7075514129,+234,,6.4709265,3.1881627,Next to grace of god store Abudottu okoko market,,Lagos State,Ojo,102113,NG,NGR001,,,,
Blessing store,SECONDARY,,,EMANL,Blessing,9014486483,+234,,6.6829455,3.3055628,Crossing,,Ogun State,Ifo,112105,NG,NGR001,,,,
Abiola store,SECONDARY,,,EMANL,Abiola,8024653582,+234,,6.637214,3.2991214,"Old Otta Road, Abule Egba, Alimosho, Lagos State, 100276, Nigeria",Old Otta Road,Lagos State,Abule Egba,100276,NG,NGR001,,,,
Esther store,SECONDARY,,,EMANL,Esther,7033504722,+234,,6.4716587,3.1876661,6 iyajesu plaza okoko,Lagos-Badagry Expressway,Lagos State,Ojo,102113,NG,NGR001,,,,
Mr emeka store,SECONDARY,,,EMANL,Emeka,8086993503,+234,,6.6873754,3.3028574,Agbado oja,,Ogun State,Ifo,112105,NG,NGR001,,,,
Allahu lateef store,SECONDARY,,,EMANL,Ayomide,7049512540,+234,,6.6370348,3.2998121,Ile epo market,Ile Epo Market,Lagos State,Abule Egba,100276,NG,NGR001,,,,
Mum peace,SECONDARY,,,EMANL,Mum peace,7034451307,+234,,6.4709269,3.1881623,Beside amaka store Abudottu okoko market,,Lagos State,Ojo,102113,NG,NGR001,,,,
Alhaja store,SECONDARY,,,EMANL,Alaja,8151007871,+234,,6.4765065,3.3475501,N0 86 orile iganmu,,Lagos State,Apapa,101212,NG,NGR001,,,,
OlajesuStore,SECONDARY,,,EMANL,Funmilayo,8060858798,+234,,6.6876633,3.3017565,Block N6 agbado,,Ogun State,Ifo,112105,NG,NGR001,,,,
R square,SECONDARY,,,EMANL,Oluwabukola,8029715705,+234,,6.6372059,3.2991339,"Old Otta Road, Abule Egba, Alimosho, Lagos State, 100276, Nigeria",Old Otta Road,Lagos State,Abule Egba,100276,NG,NGR001,,,,
Amina store,SECONDARY,,,EMANL,Amina,9046486838,+234,,6.6836023,3.3058362,Crossing,,Ogun State,Ifo,112105,NG,NGR001,,,,
Monwuba M.C Store,SECONDARY,,,EMANL,Chimezie,7078812815,+234,,6.4594168,3.2035163,16 Good Luck Plaza,Onyems-B.-Hospital,Lagos State,Ojo,102113,NG,NGR001,,,,
Ify sweet,SECONDARY,,,EMANL,Ifeoma,8034246636,+234,,6.4716317,3.1876318,4 Abudtun,Lagos-Badagry Expressway,Lagos State,Ojo,102113,NG,NGR001,,,,
George store,SECONDARY,,,EMANL,George,9050593539,+234,,6.6876188,3.3018781,Block 10 L agbado,,Ogun State,Ifo,112105,NG,NGR001,,,,
Lascorem ventures,SECONDARY,,,EMANL,Azeez,8031887587,+234,,6.6372327,3.2995035,Ile epo market,Ile Epo Market,Lagos State,Abule Egba,100276,NG,NGR001,,,,
Madam cash store,SECONDARY,,,EMANL,Madam cash,8107902759,+234,,6.4781821,3.3456608,N0 6 odi ose market orile,Cnd Road,Lagos State,Apapa,101212,NG,NGR001,,,,
Anny vest,SECONDARY,,,EMANL,Seriki,9032441234,+234,,6.6878519,3.3041802,Under bridge agbado,Agbado Ijoko Road,Ogun State,Ifo,112105,NG,NGR001,,,,
Idayaat store,SECONDARY,,,EMANL,Idayat,9115955031,+234,,6.6371073,3.2994318,"Old Otta Road, Abule Egba, Alimosho, Lagos State, 100276, Nigeria",Old Otta Road,Lagos State,Abule Egba,100276,NG,NGR001,,,,
Mama oluchu,SECONDARY,,,EMANL,Mama oluchi,8145032280,+234,,6.6876094,3.3018703,Block l shop 12,,Ogun State,Ifo,112105,NG,NGR001,,,,
Kabirat store,SECONDARY,,,EMANL,Kabirat,8101094638,+234,,6.4779515,3.3451039,Idio ose market orile,Lagos-Badagry Expressway,Lagos State,Apapa,102102,NG,NGR001,,,,
Udeaja store,SECONDARY,,,EMANL,Udeaja felicia,8168283302,+234,,6.4709242,3.1881824,Opp success store Abudottu okoko market,,Lagos State,Ojo,102113,NG,NGR001,,,,
Success store,SECONDARY,,,EMANL,Mum ife,8061408727,+234,,6.4709235,3.1881853,Next to mum peace store Abudottu okoko store,,Lagos State,Ojo,102113,NG,NGR001,,,,
Shade Store,SECONDARY,,,EMANL,Shade,9033056734,+234,,6.4594488,3.2034683,8 Good Luck Plaza,Onyems-B.-Hospital,Lagos State,Ojo,102113,NG,NGR001,,,,
Iya Ebube,SECONDARY,,,EMANL,Ebube,8065139666,+234,,6.4709265,3.1881905,Abudtun beside success store,,Lagos State,Ojo,102113,NG,NGR001,,,,
Jek store,SECONDARY,,,EMANL,Jek,8035675115,+234,,6.6873754,3.3028574,Agbado oja,,Ogun State,Ifo,112105,NG,NGR001,,,,
Blessed confidence,SECONDARY,,,EMANL,Chidi,7089312733,+234,,6.6876633,3.3017565,Isale oja agbado,,Ogun State,Ifo,112105,NG,NGR001,,,,
Okerie store,SECONDARY,,,EMANL,Wisdom,9120110357,+234,,6.6878523,3.3041813,Under bridge agbado,Agbado Ijoko Road,Ogun State,Ifo,112105,NG,NGR001,,,,
Step by step store,SECONDARY,,,EMANL,Step by step,7038216146,+234,,6.4708768,3.1877859,10 Akere okoko market,,Lagos State,Ojo,102113,NG,NGR001,,,,
Nnamdi shop,SECONDARY,,,EMANL,Nnamdi,7085024313,+234,,6.6878524,3.304181,Under bridge agbado,Agbado Ijoko Road,Ogun State,Ifo,112105,NG,NGR001,,,,
Oluchi store,SECONDARY,,,EMANL,Oluchi,8132046078,+234,,6.4709333,3.1878083,8 Akere okoko market,,Lagos State,Ojo,102113,NG,NGR001,,,,
Goodluck store,SECONDARY,,,EMANL,Mum goodluck,7055886781,+234,,6.4709261,3.1881904,No 2 akiri street Abudottu okoko market,,Lagos State,Ojo,102113,NG,NGR001,,,,
AyStore,SECONDARY,,,EMANL,Ayo,8070616099,+234,,6.6879169,3.3017851,Isale oja agbado,,Ogun State,Ifo,112105,NG,NGR001,,,,
Bosi store,SECONDARY,,,EMANL,Bosi,8122936754,+234,,6.6877091,3.3028574,Agbado oja,,Ogun State,Ifo,112105,NG,NGR001,,,,
Mummy Kanyima Store,SECONDARY,,,EMANL,Mummy Kanyima,7032501082,+234,,6.4594333,3.2034978,14 Good Luck Plaza,Onyems-B.-Hospital,Lagos State,Ojo,102113,NG,NGR001,,,,
WithGod store,SECONDARY,,,EMANL,With God,7037959338,+234,,6.688304,3.3034681,Agbado Crossing,Agbado Ijoko Road,Ogun State,Ifo,112105,NG,NGR001,,,,
Venical store,SECONDARY,,,EMANL,Veronica,8035387213,+234,,6.4707707,3.1875885,7 Akere,,Lagos State,Ojo,102113,NG,NGR001,,,,
Emma'sStore,SECONDARY,,,EMANL,Emma,9061549302,+234,,6.6879164,3.3017832,Isale oja agbado,,Ogun State,Ifo,112105,NG,NGR001,,,,
With God ventures,SECONDARY,,,EMANL,With god,8035757152,+234,,6.6883046,3.3034643,Under bridge,Agbado Ijoko Road,Ogun State,Ifo,112105,NG,NGR001,,,,
Preciousokoliestore,SECONDARY,,,EMANL,Precious,8065442033,+234,,6.6883145,3.3034565,Under bridge,Agbado Ijoko Road,Ogun State,Ifo,112105,NG,NGR001,,,,
Titi store,SECONDARY,,,EMANL,Titi,9092133675,+234,,6.4800281,3.3412766,N0 52 Balee road orile,Bale Street,Lagos State,Animshaun,102102,NG,NGR001,,,,
The Lord conceptbstore,SECONDARY,,,EMANL,Nnaji,7060494893,+234,,6.47104,3.1877417,2 Emmanuel plaza Akere,,Lagos State,Ojo,102113,NG,NGR001,,,,
Exclusive Cosmetics,SECONDARY,,,EMANL,Grace,8064255426,+234,,6.458457,3.2057443,Shop A23,Lagos-Badagry Expressway,Lagos State,Ojo,102113,NG,NGR001,,,,
Eze anthony,SECONDARY,,,EMANL,Eze,8101718000,+234,,6.4708549,3.1877317,"Ab 8, Akere street, okomaiko",,Lagos State,Ojo,102113,NG,NGR001,,,,
Mum hammed store,SECONDARY,,,EMANL,Mum hammed,7061969216,+234,,6.6886001,3.3033041,Under bridge agbado,Agbado Ijoko Road,Ogun State,Ifo,112105,NG,NGR001,,,,
Ronukodupe store,SECONDARY,,,EMANL,Babatunde,9024773500,+234,,6.6886644,3.3032587,Under bridge,Agbado Ijoko Road,Ogun State,Ifo,112105,NG,NGR001,,,,
Onyi store,SECONDARY,,,EMANL,Bola,8034244713,+234,,6.4708083,3.18777,3 Akere okoko,,Lagos State,Ojo,102113,NG,NGR001,,,,
Smiling UG store,SECONDARY,,,EMANL,Hope,8037856529,+234,,6.4707385,3.1875096,AB 7 akere streeet okoko market,,Lagos State,Ojo,102113,NG,NGR001,,,,
Comfort store,SECONDARY,,,EMANL,Comfort,8135023797,+234,,6.6887125,3.3025428,Isale oja agbado,Agbado Ijoko Road,Ogun State,Ifo,112105,NG,NGR001,,,,
MummyAmina store,SECONDARY,,,EMANL,Mummy aminat,8082866225,+234,,6.4805415,3.340938,N0 62Balee road orile,,Lagos State,Animshaun,102102,NG,NGR001,,,,
Onyinye gift store,SECONDARY,,,EMANL,Onyinye,8072907587,+234,,6.6887606,3.3031502,Under bridge,,Ogun State,Ifo,112105,NG,NGR001,,,,
Ebere Store,SECONDARY,,,EMANL,Ebere,8101805935,+234,,6.458457,3.2057443,Shop A 4,Lagos-Badagry Expressway,Lagos State,Ojo,102113,NG,NGR001,,,,
ABLEGOD COLLECTION,SECONDARY,,,EMANL,Able God,8037579152,+234,,6.4594508,3.2036249,Shop A 21,Onyems-B.-Hospital,Lagos State,Ojo,102113,NG,NGR001,,,,
Amoo Store,SECONDARY,,,EMANL,Amoo,7068330879,+234,,6.4594213,3.211082,Shop A 22,Lagos-Badagry Expressway,Lagos State,Ojo,102113,NG,NGR001,,,,
Ogo Oluwa Store,SECONDARY,,,EMANL,Ogo Oluwa,9075845140,+234,,6.4594213,3.211082,Shop 6 Ariyo plaza,Lagos-Badagry Expressway,Lagos State,Ojo,102113,NG,NGR001,,,,
Onyinyechi Store,SECONDARY,,,EMANL,Onyinyechi,8168700608,+234,,6.4594213,3.211082,Shop A 18 Ariyo plaza,Lagos-Badagry Expressway,Lagos State,Ojo,102113,NG,NGR001,,,,
Iya Bisade,SECONDARY,,,EMANL,Bisade,9013668038,+234,,6.4601611,3.1991513,Last shop under Khadmus Global Ventures,,Lagos State,Ojo,102113,NG,NGR001,,,,
Iya Fadeke,SECONDARY,,,EMANL,Fadeke,9163973381,+234,,6.4601611,3.1991513,Obadaudu street,,Lagos State,Ojo,102113,NG,NGR001,,,,
OBN store,SECONDARY,,,EMANL,Sandra,8024684958,+234,,6.6877091,3.3028574,Agbado oja,,Ogun State,Ifo,112105,NG,NGR001,,,,
Mummy twins store,SECONDARY,,,EMANL,Mummy twins,8053310653,+234,,6.4798262,3.3404452,N0 62 Balee road orile,Bale Street,Lagos State,Animshaun,102102,NG,NGR001,,,,
Ajabili nternational venture's,SECONDARY,,,EMANL,Ajabili,8023157980,+234,,6.4702081,3.1881651,4 Akere okoko,,Lagos State,Ojo,102113,NG,NGR001,,,,
Chinedu store,SECONDARY,,,EMANL,Chinedu,8035610969,+234,,6.688915,3.3031436,Under bridge,,Ogun State,Ifo,112105,NG,NGR001,,,,
Uchi store,SECONDARY,,,EMANL,Uchi,8022083607,+234,,6.4725464,3.1865959,Shop 8 abudottu plaza okoko market,Lagos-Badagry Expressway,Lagos State,Ojo,102113,NG,NGR001,,,,
Mama Oge,SECONDARY,,,EMANL,Mama Oge,7084890260,+234,,6.4594006,3.2036289,D 27 Denise Plaza,Onyems-B.-Hospital,Lagos State,Ojo,102113,NG,NGR001,,,,
Princess store,SECONDARY,,,EMANL,Princess,8029459891,+234,,6.6873775,3.3025428,Agbado oja,,Ogun State,Ifo,112105,NG,NGR001,,,,
Alhaji iya habeeb store,SECONDARY,,,EMANL,Iya habeeb,9038310548,+234,,6.4797001,3.3401417,N0 38Balee road orile,Bale Street,Lagos State,Animshaun,102102,NG,NGR001,,,,
Florence store,SECONDARY,,,EMANL,Florence store,8102502911,+234,,6.4711472,3.1868326,10 Martins plaza,,Lagos State,Ojo,,NG,NGR001,,,,
Faithful God ventures,SECONDARY,,,EMANL,Faithful God,8131146570,+234,,6.4709892,3.1870009,No 5 martin plaza okoko market,,Lagos State,Ojo,,NG,NGR001,,,,
Mama Obinna's Store,SECONDARY,,,EMANL,Mama Obinna,8035463222,+234,,6.4609833,3.2034167,D 29 Denise Plaza,Lagos-Badagry Expressway,Lagos State,Ojo,102113,NG,NGR001,,,,
Sophia store,SECONDARY,,,EMANL,Sophia,8036362517,+234,,6.4707273,3.1874783,1 Martins plaza,,Lagos State,Ojo,102113,NG,NGR001,,,,
Farida store,SECONDARY,,,EMANL,Farida,7052325113,+234,,6.4798744,3.3400557,N0 68 Balee road orile iganmu,,Lagos State,Animshaun,102102,NG,NGR001,,,,
Afobi store,SECONDARY,,,EMANL,Afolabi,8113297969,+234,,6.4808803,3.3399935,No 78Balee road orile,,Lagos State,Animshaun,102102,NG,NGR001,,,,
Ify God store,SECONDARY,,,EMANL,Ify God,8176462694,+234,,6.6873754,3.3028574,Agbado oja,,Ogun State,Ifo,112105,NG,NGR001,,,,
Ammyoge venture,SECONDARY,,,EMANL,Ammyoge,9136226255,+234,,6.4594001,3.2036248,D1  Dannys Plaza,Onyems-B.-Hospital,Lagos State,Ojo,102113,NG,NGR001,,,,
Jusbram global,SECONDARY,,,EMANL,Ihekaire justina,8032558897,+234,,6.6880661,3.30191,Railway compound agbado Market,,Ogun State,Ifo,112105,NG,NGR001,,,,
Favour store,SECONDARY,,,EMANL,Favour,8033667856,+234,,6.4797502,3.338334,Shop 154 Orisun market orile,Bale Street,Lagos State,Animshaun,102102,NG,NGR001,,,,
Elizabeth store,SECONDARY,,,EMANL,Elizabeth,8038542685,+234,,6.6873775,3.3025428,Agbado oja,,Ogun State,Ifo,112105,NG,NGR001,,,,
Kachi Provision,SECONDARY,,,EMANL,Kachi,8154422999,+234,,6.4594785,3.2033566,13 Good Luck Plaza,Onyems-B.-Hospital,Lagos State,Ojo,102113,NG,NGR001,,,,
Mama tunde shop,SECONDARY,,,EMANL,Mama tunde,8075339148,+234,,6.6890462,3.3025428,Beside jusbram ventures,Agbado Ijoko Road,Ogun State,Ifo,112105,NG,NGR001,,,,
Iya beji store,SECONDARY,,,EMANL,Iya beji,8022412778,+234,,6.4798906,3.3387342,N0 8 falohun orile,,Lagos State,Animshaun,102102,NG,NGR001,,,,
Iya Ilorin store,SECONDARY,,,EMANL,Iya Ilorin,7077737700,+234,,6.6873761,3.302751,Agbado oja,,Ogun State,Ifo,112105,NG,NGR001,,,,
Ifeoma store,SECONDARY,,,EMANL,Ifeoma,7078457736,+234,,6.4603898,3.2036133,Dannys plaza 18,Lagos-Badagry Expressway,Lagos State,Ojo,102113,NG,NGR001,,,,
Aderonke 2 Nigerian enterprises,SECONDARY,,,EMANL,Aderonke 2,8058554523,+234,,6.4807072,3.3388189,Shop 178 falohun orile,,Lagos State,Animshaun,102102,NG,NGR001,,,,
Bodmas Store,SECONDARY,,,EMANL,Oluwayemisi,7086631416,+234,,6.6871385,3.3021161,Blk 3 agbadooja,,Ogun State,Ifo,112105,NG,NGR001,,,,
Mama Chioma 's Store,SECONDARY,,,EMANL,Mama Çhioma,8022706911,+234,,6.4599523,3.2039319,41 Adidas,,Lagos State,Ojo,102113,NG,NGR001,,,,
Mummy chizzy store,SECONDARY,,,EMANL,Mummy chizzy store,7034920579,+234,,6.4812781,3.3379715,Block H Shop 36 Orisun market orile,,Lagos State,Animshaun,102102,NG,NGR001,,,,
Ukamaja store,SECONDARY,,,EMANL,Ukamaka,7086896083,+234,,6.481278,3.3379737,Shop 137 Orisun market orile,,Lagos State,Animshaun,102102,NG,NGR001,,,,
Mummy Kamsi,SECONDARY,,,EMANL,Chidinma Stella,7061357772,+234,,6.45953,3.2034905,Shop A24,Onyems-B.-Hospital,Lagos State,Ojo,102113,NG,NGR001,,,,
Blessed Ventures,SECONDARY,,,EMANL,Blessed,8109926300,+234,,6.4614624,3.2038032,Opp shop 41 Adidas plaza,Lasu-Isheri Road,Lagos State,Ojo,102113,NG,NGR001,,,,
Omolola Store,SECONDARY,,,EMANL,Omolola,7019717541,+234,,6.458457,3.2057443,Opposite Shop 41 Adidas plaza,Lagos-Badagry Expressway,Lagos State,Ojo,102113,NG,NGR001,,,,
Iya Munachi,SECONDARY,,,EMANL,Nkiru,8038272558,+234,,6.458457,3.2057443,Shop Attachment 8,Lagos-Badagry Expressway,Lagos State,Ojo,102113,NG,NGR001,,,,
Mummy ade store,SECONDARY,,,EMANL,Mummy ade,8054959602,+234,,6.4800072,3.3438118,Shop 148 Orisun market orile,,Lagos State,Animshaun,102102,NG,NGR001,,,,
Odunayo store,SECONDARY,,,EMANL,Odunayo,8102743678,+234,,6.6873775,3.3025428,Agbado oja,,Ogun State,Ifo,112105,NG,NGR001,,,,
Divine Finger,SECONDARY,,,EMANL,Mercy,8064840870,+234,,6.4600596,3.2041208,19 Adidas Plaza,,Lagos State,Ojo,102113,NG,NGR001,,,,
Bola store,SECONDARY,,,EMANL,Bola,8063516760,+234,,6.4803547,3.3385767,Shop kk 28 Orisunbare market orile,,Lagos State,Animshaun,102102,NG,NGR001,,,,
Amaka Store,SECONDARY,,,EMANL,Amaka,8063581790,+234,,6.4601611,3.1991513,Shop 4 Saint modest,,Lagos State,Ojo,102113,NG,NGR001,,,,
Mummy Jide,SECONDARY,,,EMANL,Jide,8127969878,+234,,6.458457,3.2057443,Shop Attachment 4,Lagos-Badagry Expressway,Lagos State,Ojo,102113,NG,NGR001,,,,
Sun shine Baby Store,SECONDARY,,,EMANL,Okafor,8158571517,+234,,6.4602512,3.2041076,N0 4 Adidas  Opposite bridge,Lagos-Badagry Expressway,Lagos State,Ojo,102113,NG,NGR001,,,,
Mrs idris store,SECONDARY,,,EMANL,Idris,7069745057,+234,,6.4812552,3.3380322,Nkk 20Orisun bare market orile,,Lagos State,Animshaun,102102,NG,NGR001,,,,
F.N.O. store,SECONDARY,,,EMANL,F.N.O,8030829973,+234,,6.4798906,3.3387342,BlockE shop 85 Orisun bare  orile market,,Lagos State,Animshaun,102102,NG,NGR001,,,,
Esther Store,SECONDARY,,,EMANL,Esther,8162580588,+234,,6.4594213,3.211082,Shop 34 blessed arinco plaza,Lagos-Badagry Expressway,Lagos State,Ojo,102113,NG,NGR001,,,,
Kiddies World,SECONDARY,,,EMANL,Chika,8067283726,+234,,6.458457,3.2057443,Shop 29 blessed Arinco,Lagos-Badagry Expressway,Lagos State,Ojo,102113,NG,NGR001,,,,
Blessed Child,SECONDARY,,,EMANL,Blessed,9134672201,+234,,6.458457,3.2057443,Shop 50/51,Lagos-Badagry Expressway,Lagos State,Ojo,102113,NG,NGR001,,,,
Jidex God's Treasure,SECONDARY,,,EMANL,Stella,8035850551,+234,,6.458457,3.2057443,Shop 23 Saint modest,Lagos-Badagry Expressway,Lagos State,Ojo,102113,NG,NGR001,,,,
Mummy Sofia,SECONDARY,,,EMANL,Mummy Sofia,8032374514,+234,,6.6117919,3.3112175,Dopemu market,Dopemu Road,Lagos State,Akowonjo,102213,NG,NGR001,,,,
Vitals Enterprises,SECONDARY,,,EMANL,Victoria peters,8023942308,+234,,6.6116023,3.3116668,Rufai street Dopemu market,Surulere Road,Lagos State,Akowonjo,102213,NG,NGR001,,,,
Ifeanyi Store,SECONDARY,,,EMANL,Ifeanyi,8038775504,+234,,6.612269,3.3116668,Rufai street dopemu market,Dopemu Road,Lagos State,Akowonjo,102213,NG,NGR001,,,,
Obinna Store,SECONDARY,,,EMANL,Obinna,8033735863,+234,,6.6121667,3.3107212,Rufai street dopemu market,,Lagos State,Akowonjo,102213,NG,NGR001,,,,
Precious Store,SECONDARY,,,EMANL,Onyeka,8061207502,+234,,6.6122112,3.3107136,Rufai street dopemu market,,Lagos State,Akowonjo,102213,NG,NGR001,,,,
Jude Store,SECONDARY,,,EMANL,Jude,8056645894,+234,,6.6121217,3.3104967,Rufai street dopemu market,,Lagos State,Akowonjo,102213,NG,NGR001,,,,
Kennet Shop,SECONDARY,,,EMANL,Kenneth,9130367417,+234,,6.6122125,3.3107138,Rufai street dopemu market,,Lagos State,Akowonjo,102213,NG,NGR001,,,,
Paul store,SECONDARY,,,EMANL,Paul,7046662304,+234,,6.47078,3.188346,8 Abudtun,,Lagos State,Ojo,102113,NG,NGR001,,,,
Classy Kiddies,SECONDARY,,,EMANL,Classy Kiddies,8028181128,+234,,6.6693302,3.3249584,"Agbado Road, Iju, Ifo, Ogun State, 101232, Nigeria",Agbado Road,Ogun State,Iju,100216,NG,NGR001,,,,
Nazzy store,SECONDARY,,,EMANL,Nazzy,8065028086,+234,,6.4705309,3.1897344,No 10 abudottun street okoko market,Lagos-Badagry Expressway,Lagos State,Ijanikin,,NG,NGR001,,,,
Mama treasure store,SECONDARY,,,EMANL,Mama treasure,8068555700,+234,,6.4715327,3.1891067,No 10 abudotun okoko,Lagos-Badagry Expressway,Lagos State,Ojo,102113,NG,NGR001,,,,
K C store,SECONDARY,,,EMANL,Chidiebre,8062221235,+234,,6.6692836,3.3251216,Iju-Ishaga,Agbado Road,Ogun State,Iju,100216,NG,NGR001,,,,
Mum favour,SECONDARY,,,EMANL,Mum favour,7032748585,+234,,6.4717338,3.1890706,Shop 120 abudotu str,Lagos-Badagry Expressway,Lagos State,Ojo,102113,NG,NGR001,,,,
OmotayoStore,SECONDARY,,,EMANL,Falilat,9077287174,+234,,6.6089177,3.3109787,72 surulere str,Fidelity Bank,Lagos State,Akowonjo,102213,NG,NGR001,,,,
Christabel store,SECONDARY,,,EMANL,Christabel,8034234110,+234,,6.4715327,3.1891067,"N0 13 abudotun, okoko",Lagos-Badagry Expressway,Lagos State,Ojo,102113,NG,NGR001,,,,
Tessy store,SECONDARY,,,EMANL,Tessy,7030863152,+234,,6.4698431,3.1882912,No10 abudotu okoko market,,Lagos State,Ojo,102113,NG,NGR001,,,,
Blessed ventures,SECONDARY,,,EMANL,Tochukwu,8107433089,+234,,6.6694658,3.325113,"Agbado Road, Iju, Ifo, Ogun State, 101232, Nigeria",Agbado Road,Ogun State,Iju,100216,NG,NGR001,,,,
TiireStore,SECONDARY,,,EMANL,"Ti,ire store",9026855357,+234,,6.6116424,3.3111389,168 dopemu market,Dopemu Road,Lagos State,Akowonjo,102213,NG,NGR001,,,,
E & B stores,SECONDARY,,,EMANL,E & B,8135300005,+234,,6.4715347,3.1887928,N0 13 abudotun okoko,Lagos-Badagry Expressway,Lagos State,Ijanikin,,NG,NGR001,,,,
Iteoluwa stores,SECONDARY,,,EMANL,Iteoluwa,8049677601,+234,,6.6120893,3.3112833,40 dopemu market,Temidire Dopemu Market,Lagos State,Akowonjo,102213,NG,NGR001,,,,
Mum chiemerie store,SECONDARY,,,EMANL,Mum chiemerie,8034393779,+234,,6.4718791,3.1869097,No 8 abudottu street okoko market,,Lagos State,Ojo,102113,NG,NGR001,,,,
Mummy Samia,SECONDARY,,,EMANL,Mummy Samia,8169611441,+234,,6.6118317,3.3112,Dopemu market,Dopemu Road,Lagos State,Akowonjo,102213,NG,NGR001,,,,
Ventures de royal,SECONDARY,,,EMANL,Mummy Jama,7084542568,+234,,6.6122105,3.310713,Rufai street dopemu market,,Lagos State,Akowonjo,102213,NG,NGR001,,,,
Mummy Favour,SECONDARY,,,EMANL,Mummy favour,9122271130,+234,,6.6119717,3.3103433,Rufai street dopemu market,,Lagos State,Akowonjo,102213,NG,NGR001,,,,
Iya Ejima store,SECONDARY,,,EMANL,Happiness,8032695001,+234,,6.4698374,3.1872394,40 Polygon plaza,,Lagos State,Ojo,102113,NG,NGR001,,,,
Tochi store,SECONDARY,,,EMANL,Tochi,8036658493,+234,,6.4699028,3.1873187,53 Polygon plaza,,Lagos State,Ojo,102113,NG,NGR001,,,,
GloryStore,SECONDARY,,,EMANL,Glory,7065939004,+234,,6.6120886,3.3112762,A46 dopemu market,Temidire Dopemu Market,Lagos State,Akowonjo,102213,NG,NGR001,,,,
Mum chibike store,SECONDARY,,,EMANL,Mum chibike,7064333968,+234,,6.6697214,3.325009,"9Agbado Road, Iju, Ifo, Ogun State, 101232, Nigeria",Agbado Road,Ogun State,Iju,100216,NG,NGR001,,,,
Beloved store,SECONDARY,,,EMANL,Beloved,8035100937,+234,,6.4712001,3.1891067,Abudotun okoko market,Lagos-Badagry Expressway,Lagos State,Ijanikin,,NG,NGR001,,,,
Eduzor,SECONDARY,,,EMANL,Eduzor,8052318078,+234,,6.469935,3.1873783,50 Polygon plaza,,Lagos State,Ojo,102113,NG,NGR001,,,,
Celia store,SECONDARY,,,EMANL,Celia,7069517963,+234,,6.467547,3.1881651,"N0 10 abudotun, okoko",,Lagos State,Ojo,102113,NG,NGR001,,,,
Mary essential store ltd,SECONDARY,,,EMANL,Zainab umar,7063110980,+234,,6.4705309,3.1897344,No7/10 abudottu street okoko market,Lagos-Badagry Expressway,Lagos State,Ijanikin,,NG,NGR001,,,,
Morphy Stires,SECONDARY,,,EMANL,Morphy,8023320906,+234,,6.6120833,3.3112786,"Temidire Dopemu Market, Dopemu Road, Agege, Akowonjo, Agege, Lagos State, 101232, Nigeria",Temidire Dopemu Market,Lagos State,Akowonjo,102213,NG,NGR001,,,,
Oluwatosi store,SECONDARY,,,EMANL,Oluwatosi,7067519391,+234,,6.4699359,3.1873803,48 Polygon plaza,,Lagos State,Ojo,102113,NG,NGR001,,,,
Success shegs,SECONDARY,,,EMANL,Miracle,9032186980,+234,,6.6126382,3.3117697,61 dopemu market,Dopemu Primary School,Lagos State,Akowonjo,102213,NG,NGR001,,,,
Mojola store,SECONDARY,,,EMANL,Mojola,8142876501,+234,,6.6697193,3.3250066,"Agbado Road, Iju, Ifo, Ogun State, 101232, Nigeria",Agbado Road,Ogun State,Iju,100216,NG,NGR001,,,,
Iya Qolum Store,SECONDARY,,,EMANL,Iya Qolum,7077490693,+234,,6.6119977,3.3112343,Temidire dopemu market,,Lagos State,Akowonjo,102213,NG,NGR001,,,,
Joy store,SECONDARY,,,EMANL,Joy,7035522975,+234,,6.4699365,3.1873805,46 Polygon plaza okoko,,Lagos State,Ojo,102113,NG,NGR001,,,,
Exofy,SECONDARY,,,EMANL,Ify,8032151904,+234,,6.6132753,3.3107229,60 dopemu market,,Lagos State,Akowonjo,102213,NG,NGR001,,,,
Mum victor,SECONDARY,,,EMANL,Mum victor,8064500147,+234,,6.4707991,3.189524,Royal cees plaza Abudottu street okoko market,Lagos-Badagry Expressway,Lagos State,Ijanikin,,NG,NGR001,,,,
Glamour store,SECONDARY,,,EMANL,Edwin,8038041842,+234,,6.4699345,3.1873793,11 Polygon plaza,,Lagos State,Ojo,102113,NG,NGR001,,,,
Chi store,SECONDARY,,,EMANL,Chi store,8030662959,+234,,6.6116355,3.3111389,62 dopemu market,Dopemu Road,Lagos State,Akowonjo,102213,NG,NGR001,,,,
Sunrise Agro Market,SECONDARY,,,EMANL,Edith,8033269775,+234,,6.612269,3.3116668,Dopemu market,Dopemu Road,Lagos State,Akowonjo,102213,NG,NGR001,,,,
Uju store,SECONDARY,,,EMANL,Uju,7063493956,+234,,6.4699346,3.1873792,56 Polygon plaza,,Lagos State,Ojo,102113,NG,NGR001,,,,
Iya Ayo Store,SECONDARY,,,EMANL,Iya Ayo,7039946004,+234,,6.461265,3.2049667,Shop 12 Babayemi Plaza,Lagos-Badagry Expressway,Lagos State,Ojo,102113,NG,NGR001,,,,
Oludemi,SECONDARY,,,EMANL,Oludemi,7031372384,+234,,6.4708746,3.1877797,"No 4 Akere street, okokmaiko lagos",,Lagos State,Ojo,102113,NG,NGR001,,,,
Da praise business store,SECONDARY,,,EMANL,Da praise,8078288127,+234,,6.6699573,3.3240739,"Agbado Road, Iju, Ifo, Ogun State, 101232, Nigeria",Agbado Road,Ogun State,Iju,100216,NG,NGR001,,,,
Nikky store,SECONDARY,,,EMANL,Nikky,8038785570,+234,,6.4675548,3.1869097,59 polygon plaza okoko,,Lagos State,Ojo,102113,NG,NGR001,,,,
Ama store,SECONDARY,,,EMANL,Adegbite,8147496314,+234,,6.6264082,3.3235825,"Shop 11,lewu agege",,Lagos State,Akowonjo,101232,NG,NGR001,,,,
AnuOluwapo Store,SECONDARY,,,EMANL,AnuOluwapo,8023602212,+234,,6.458457,3.2057443,Shop 15 Babayemi plaza,Lagos-Badagry Expressway,Lagos State,Ojo,102113,NG,NGR001,,,,
Chisom Store,SECONDARY,,,EMANL,Chisom,8134705795,+234,,6.459207,3.2044485,Att 2 Kas Plaza,,Lagos State,Ojo,102113,NG,NGR001,,,,
Perpetual chosen Store,SECONDARY,,,EMANL,Perpetual,9058291093,+234,,6.6119315,3.3122961,Dopemu market,Nipco,Lagos State,Akowonjo,102213,NG,NGR001,,,,
Adegbite ama store,SECONDARY,,,EMANL,Ama,8105043539,+234,,6.6263938,3.3235893,Lewu agege,,Lagos State,Akowonjo,101232,NG,NGR001,,,,
Iya Bisola Store,SECONDARY,,,EMANL,Iya Store,8080535090,+234,,6.6119315,3.3122961,Dopemu market,Nipco,Lagos State,Akowonjo,102213,NG,NGR001,,,,
Oga Nonso Store,SECONDARY,,,EMANL,Nonso,8064311884,+234,,6.458457,3.2057443,Shop 9 Babayemi plaza,Lagos-Badagry Expressway,Lagos State,Ojo,102113,NG,NGR001,,,,
Abolaji store,SECONDARY,,,EMANL,Abolaji,8028552272,+234,,6.6263513,3.3236101,"4,lewu agege",,Lagos State,Akowonjo,101232,NG,NGR001,,,,
S.N.S Ventures,SECONDARY,,,EMANL,Adebayo,8083672980,+234,,6.4605655,3.1789024,12 Akere street behind mosque okokomaiko,,Lagos State,Ojo,,NG,NGR001,,,,
Buy and sell store,SECONDARY,,,EMANL,Victor,7062493597,+234,,6.4701405,3.187473,King Jesus plaza okoko,,Lagos State,Ojo,102113,NG,NGR001,,,,
Madam Ejoke store,SECONDARY,,,EMANL,Madam ejike,9012512904,+234,,6.4700864,3.1879234,King Jesus and quality extension,,Lagos State,Ojo,102113,NG,NGR001,,,,
Nwachukwu store,SECONDARY,,,EMANL,Nwachukwu,9129756009,+234,,6.4718259,3.1869462,N0 15 abudotun okoko,,Lagos State,Ojo,,NG,NGR001,,,,
Great Joy,SECONDARY,,,EMANL,Great Joy,8032122701,+234,,6.4592478,3.2046139,Kad Plaza 7,,Lagos State,Ojo,102113,NG,NGR001,,,,
Mama Chi Chi,SECONDARY,,,EMANL,Everestus,8135355552,+234,,6.458457,3.2057443,Shop 05 Kas Plaza,Lagos-Badagry Expressway,Lagos State,Ojo,102113,NG,NGR001,,,,
Precious store,SECONDARY,,,EMANL,Precious,9066496450,+234,,6.6263525,3.3236085,"4,lewu agege",,Lagos State,Akowonjo,101232,NG,NGR001,,,,
Mummy Ayo Store,SECONDARY,,,EMANL,Mummy Ayo,8066757429,+234,,6.6119315,3.3122961,024 Dopemu Market,Nipco,Lagos State,Akowonjo,102213,NG,NGR001,,,,
Blessed stores,SECONDARY,,,EMANL,Mum blessing,8038286852,+234,,6.6115426,3.30985,23 dopemuMar,,Lagos State,Akowonjo,102213,NG,NGR001,,,,
Abolanle store,SECONDARY,,,EMANL,Abolanle,8027715393,+234,,6.6262956,3.3236344,Lewu street agege,,Lagos State,Akowonjo,101232,NG,NGR001,,,,
Trust inGod,SECONDARY,,,EMANL,Trust in God,8030826253,+234,,6.6700165,3.3244286,Ifako-Ijaye,,Ogun State,Iju,100216,NG,NGR001,,,,
BIJOU CONDIMENTS STORE,SECONDARY,,,EMANL,BIJOU,8133612069,+234,,6.4592593,3.2046175,16 KAS PLAZA,,Lagos State,Ojo,102113,NG,NGR001,,,,
Enny store,SECONDARY,,,EMANL,Eniola,9055062159,+234,,6.6705433,3.3248839,"Agbado road, Iju ishaga",,Ogun State,Iju,100216,NG,NGR001,,,,
Mrs Okoye store,SECONDARY,,,EMANL,Mary,7017060398,+234,,6.6708853,3.323625,"Agbado road, Iju ishaga",,Ogun State,Iju,100216,NG,NGR001,,,,
Blessing cosmetic,SECONDARY,,,EMANL,Blessing,8033439497,+234,,6.6262265,3.3236935,"Shop 45,lewu street agege",,Lagos State,Akowonjo,101232,NG,NGR001,,,,
Chi best store,SECONDARY,,,EMANL,Chi best,9037556694,+234,,6.4706564,3.187368,No 9 martins plaza,,Lagos State,Ojo,102113,NG,NGR001,,,,
Ola store,SECONDARY,,,EMANL,Ola,8084818883,+234,,6.470145,3.1874783,Extension king Jesus plaza,,Lagos State,Ojo,102113,NG,NGR001,,,,
Obodo Store,SECONDARY,,,EMANL,Obodo,8088999670,+234,,6.612594,3.3129254,Dopemu market,Surulere Road,Lagos State,Akowonjo,102213,NG,NGR001,,,,
Ify Ventures,SECONDARY,,,EMANL,Ify,8024796721,+234,,6.458457,3.2057443,Shop 12 Kas Plaza,Lagos-Badagry Expressway,Lagos State,Ojo,102113,NG,NGR001,,,,
Madam NG mothercare,SECONDARY,,,EMANL,NG,9038094410,+234,,6.626033,3.3238648,"Shop46,Lewu street",,Lagos State,Ifako/Ijaye,101232,NG,NGR001,,,,
Iya yinka store,SECONDARY,,,EMANL,Iya yinka,8060781083,+234,,6.6123379,3.3116052,123 dopemu,Dopemu Road,Lagos State,Akowonjo,102213,NG,NGR001,,,,
Nneoma store,SECONDARY,,,EMANL,Nneoma store,8037766194,+234,,6.4701378,3.1874704,Extension king Jesus plaza,,Lagos State,Ojo,102113,NG,NGR001,,,,
Say Mary Store,SECONDARY,,,EMANL,Mary,8036452250,+234,,6.612269,3.3116668,O69 Temidire market Dopemu market,Dopemu Road,Lagos State,Akowonjo,102213,NG,NGR001,,,,
Folik k babys,SECONDARY,,,EMANL,Foluke,7032737550,+234,,6.6260409,3.3238795,Shop 56Lewu street,,Lagos State,Ifako/Ijaye,101232,NG,NGR001,,,,
Mummy dare,SECONDARY,,,EMANL,Akinbo,9046577243,+234,,6.6129357,3.3116668,066 dopemu temidire market,Dopemu Road,Lagos State,Akowonjo,102213,NG,NGR001,,,,
Alhaja Aridunnu,SECONDARY,,,EMANL,Alhaja Aridunnu,8039090923,+234,,6.611544,3.3098556,Temidire market dopemu,,Lagos State,Akowonjo,102213,NG,NGR001,,,,
Ben Enterprises,SECONDARY,,,EMANL,Ben,8101693533,+234,,6.458457,3.2057443,Shop 51 Alhaja plaza,Lagos-Badagry Expressway,Lagos State,Ojo,102113,NG,NGR001,,,,
Evermor & son,SECONDARY,,,EMANL,Evermore & son,8166199839,+234,,6.4700598,3.1875218,KJ 52 okoko market,,Lagos State,Ojo,102113,NG,NGR001,,,,
Cynthia Store,SECONDARY,,,EMANL,Cynthia,8162097008,+234,,6.4585864,3.2043809,9 Mmiri 2 plaza Costain Road,,Lagos State,Ojo,102113,NG,NGR001,,,,
Yemco babystore,SECONDARY,,,EMANL,Yemi,8035556578,+234,,6.6120894,3.3112841,35,Temidire Dopemu Market,Lagos State,Akowonjo,102213,NG,NGR001,,,,
Mum joy store,SECONDARY,,,EMANL,Mum joy,8108352315,+234,,6.4706553,3.1873644,No 11 martins plaza okokomaiko,,Lagos State,Ojo,102113,NG,NGR001,,,,
Best deal store,SECONDARY,,,EMANL,Ayodeji,9068119061,+234,,6.6260542,3.3240197,Desalu street,,Lagos State,Ifako/Ijaye,101232,NG,NGR001,,,,
King chuks store,SECONDARY,,,EMANL,Chukwu,8031566085,+234,,6.4701983,3.1872328,23 king Jesus plaza,,Lagos State,Ojo,102113,NG,NGR001,,,,
Shola yemisi store,SECONDARY,,,EMANL,Shola yemisi,8060025863,+234,,6.6700166,3.3244296,Ifako-Ijaye,,Ogun State,Iju,100216,NG,NGR001,,,,
K.C store,SECONDARY,,,EMANL,Chidinma,9135302478,+234,,6.6685372,3.3255134,"Iju Road, Iju, Ifo, Ogun State, 100216, Nigeria",Iju Road,Ogun State,Iju,100216,NG,NGR001,,,,
Toyosi store,SECONDARY,,,EMANL,Iya toyosi,8124683521,+234,,6.6261471,3.3241243,"11,desalu street",,Lagos State,Ifako/Ijaye,101232,NG,NGR001,,,,
Arinola store,SECONDARY,,,EMANL,Arinola store,8163294169,+234,,6.4700576,3.1875298,KingJesus quality extension,,Lagos State,Ojo,102113,NG,NGR001,,,,
Mrs Eze store,SECONDARY,,,EMANL,Eze,8030455670,+234,,6.4706561,3.1873666,No 4 martins plaza okomaiko,,Lagos State,Ojo,102113,NG,NGR001,,,,
MumIbrahim,SECONDARY,,,EMANL,Mum Ibrahim,8085093423,+234,,6.6261219,3.3241308,Desalu street,,Lagos State,Ifako/Ijaye,101232,NG,NGR001,,,,
EmmyStore,SECONDARY,,,EMANL,Emma,9112518035,+234,,6.6131018,3.3109765,51 dopemu,,Lagos State,Akowonjo,102213,NG,NGR001,,,,
Aku store,SECONDARY,,,EMANL,Aku,8038857658,+234,,6.4702151,3.1872175,7 Quality plaza,,Lagos State,Ojo,102113,NG,NGR001,,,,
Mum children store,SECONDARY,,,EMANL,Mum children,8035610570,+234,,6.6262416,3.3243599,Desalu,,Lagos State,Ifako/Ijaye,101232,NG,NGR001,,,,
Victual store limited,SECONDARY,,,EMANL,Victual store,7031307690,+234,,6.4706298,3.1873235,Shop 3 martins plaza akere okoko,,Lagos State,Ojo,102113,NG,NGR001,,,,
Amanda store,SECONDARY,,,EMANL,Amanda,7084128486,+234,,6.669843,3.3250613,"Iju, Ifo, Ogun State, 100276, Nigeria",,Ogun State,Iju,100216,NG,NGR001,,,,
Iya zoe,SECONDARY,,,EMANL,Adeyemi,8169315113,+234,,6.6262341,3.3243518,Desalu street,,Lagos State,Ifako/Ijaye,101232,NG,NGR001,,,,
Chuks food stuff,SECONDARY,,,EMANL,Chuks,7011375765,+234,,6.6262418,3.3243611,"4,desalu street",,Lagos State,Ifako/Ijaye,101232,NG,NGR001,,,,
Precious store,SECONDARY,,,EMANL,Daniel,9162748543,+234,,6.6699586,3.3250725,"Iju, Ifo, Ogun State, 100276, Nigeria",,Ogun State,Iju,100216,NG,NGR001,,,,
Lady V Store,SECONDARY,,,EMANL,Vera,7068973909,+234,,6.4584608,3.2044146,Shop 6 Juliana Plaza Costain road,,Lagos State,Ojo,102113,NG,NGR001,,,,
Iya Ibrahim,SECONDARY,,,EMANL,Ibrahim,8083326442,+234,,6.4584735,3.2041894,Shop 7 Costain road,,Lagos State,Ojo,102113,NG,NGR001,,,,
Mama Chibueze,SECONDARY,,,EMANL,Mama Chibueze,8032252440,+234,,6.4585335,3.2042152,"7 Costain Road Roundabout the end of the road opposite, they sales Tomatoes and Pepper in the front of the shop",,Lagos State,Ojo,102113,NG,NGR001,,,,
Good News universal trading ent,SECONDARY,,,EMANL,Goodnews,7066543561,+234,,6.4705608,3.1872962,Shop 1 goodnews plaza 15 akere road okoko market,,Lagos State,Ojo,102113,NG,NGR001,,,,
Bad mentor store,SECONDARY,,,EMANL,Bad mentor,9134208413,+234,,6.6261738,3.3242153,Desalu street,,Lagos State,Ifako/Ijaye,101232,NG,NGR001,,,,
Mama Ngozi store,SECONDARY,,,EMANL,Mama Ngozi,8062210729,+234,,6.4701478,3.1874649,J55 king Jesus plaza,,Lagos State,Ojo,102113,NG,NGR001,,,,
William store,SECONDARY,,,EMANL,William,9014223521,+234,,6.6699835,3.324925,"Agbado Road, Iju, Ifo, Ogun State, 101232, Nigeria",Agbado Road,Ogun State,Iju,100216,NG,NGR001,,,,
Miracle store,SECONDARY,,,EMANL,Ginika,7071952160,+234,,6.4705621,3.1872989,No 9 Good news plaza akere okokomaiko,,Lagos State,Ojo,102113,NG,NGR001,,,,
Mummy Chiboy,SECONDARY,,,EMANL,Mummy Chiboy,8032467391,+234,,6.4584686,3.2044001,12 Idowu Plaza,,Lagos State,Ojo,102113,NG,NGR001,,,,
Mummy zee store,SECONDARY,,,EMANL,Mummy zee,8037121824,+234,,6.4701478,3.1874546,KJ 21 plaza,,Lagos State,Ojo,102113,NG,NGR001,,,,
Royal diamond store,SECONDARY,,,EMANL,Linda,7033581366,+234,,6.4705634,3.1872944,Shop kj51 areke street okokomaiko,,Lagos State,Ojo,102113,NG,NGR001,,,,
Iya ibeji store,SECONDARY,,,EMANL,Adejimi,8077179771,+234,,6.669536,3.3251081,"Agbado Road, Iju, Ifo, Ogun State, 101232, Nigeria",Agbado Road,Ogun State,Iju,100216,NG,NGR001,,,,
Mebicy Enterprise,SECONDARY,,,EMANL,Mebicy,8053944765,+234,,6.4703384,3.1871188,Quality plaza 245,,Lagos State,Ojo,102113,NG,NGR001,,,,
Joy's Store,SECONDARY,,,EMANL,Joy,7034126234,+234,,6.4584088,3.2042668,St Michael Road,,Lagos State,Ojo,102113,NG,NGR001,,,,
Iya alabo store,SECONDARY,,,EMANL,Iya alabo,9020704199,+234,,6.6698353,3.3250473,"Iju, Ifo, Ogun State, 100276, Nigeria",,Ogun State,Iju,100216,NG,NGR001,,,,
Beloved cosmetics and,SECONDARY,,,EMANL,Beloved,8038641338,+234,,6.4701919,3.1872349,KJ 10 plaza,,Lagos State,Ojo,102113,NG,NGR001,,,,
Elo Store,SECONDARY,,,EMANL,Elo,7011298219,+234,,6.458351,3.2039816,Olorun Shola plaza,,Lagos State,Ojo,102113,NG,NGR001,,,,
Chinelson sweet & accesores,SECONDARY,,,EMANL,Chinelson,8032697920,+234,,6.4703661,3.186266,Jj 7 king jesus plaza okokomaiko,,Lagos State,Ojo,,NG,NGR001,,,,
Mummy Samuel store,SECONDARY,,,EMANL,Samuel,8034544446,+234,,6.6697853,3.3250271,"shop G9, model market , Iju, Ifo, Ogun State, 100276, Nigeria",,Ogun State,Iju,100216,NG,NGR001,,,,
Mummy Usman,SECONDARY,,,EMANL,Motunrayo,9116049791,+234,,6.458457,3.2057443,Beside Frank Communication concept Atiku Plaza,Lagos-Badagry Expressway,Lagos State,Ojo,102113,NG,NGR001,,,,
Soft touch store,SECONDARY,,,EMANL,Soft touch,9133559987,+234,,6.47014,3.187469,Shop kj 6 king jesus plaza okokomaiko,,Lagos State,Ojo,102113,NG,NGR001,,,,
Tony c store,SECONDARY,,,EMANL,Tony c,8033510070,+234,,6.4702116,3.1872275,17 Quality plaza,,Lagos State,Ojo,102113,NG,NGR001,,,,
GEO BROS,SECONDARY,,,EMANL,Patrick,9066562139,+234,,6.4571346,3.2044884,Shop 4 Ken plaza,,Lagos State,Ojo,102113,NG,NGR001,,,,
Mrs Mustapha,SECONDARY,,,EMANL,Mustapha,8063778592,+234,,6.4583601,3.2040025,A3 Academic Plaza,,Lagos State,Ojo,102113,NG,NGR001,,,,
Havilah store,SECONDARY,,,EMANL,Havilah,9133045815,+234,,6.4703547,3.1870733,15 King Jesus plaza,,Lagos State,Ojo,102113,NG,NGR001,,,,
Blessed store,SECONDARY,,,EMANL,Blessed,7038611155,+234,,6.4701523,3.1874105,KJ 11,,Lagos State,Ojo,102113,NG,NGR001,,,,
Mama emma store,SECONDARY,,,EMANL,Mum emma,8023404027,+234,,6.4703309,3.1871255,Q 1 quality plaza,,Lagos State,Ojo,102113,NG,NGR001,,,,
Chioma Store,SECONDARY,,,EMANL,Chioma,7043478740,+234,,6.4582073,3.2040662,Shop Attachment 1 Onwuka plaza,,Lagos State,Ojo,102113,NG,NGR001,,,,
Helineno,SECONDARY,,,EMANL,Eruni,8037766351,+234,,6.6698346,3.3250448,"Iju, Ifo, Ogun State, 100276, Nigeria",,Ogun State,Iju,100216,NG,NGR001,,,,
Desdora,SECONDARY,,,EMANL,Desdora,8133846529,+234,,6.4583761,3.2041407,1 Olojo Drive,,Lagos State,Ojo,102113,NG,NGR001,,,,
Open heaven store,SECONDARY,,,EMANL,Chinyere,8063467562,+234,,6.4701853,3.1869104,25 Akere,,Lagos State,Ojo,102113,NG,NGR001,,,,
Adaeze,SECONDARY,,,EMANL,Adaeze,9064468409,+234,,6.4580289,3.2041224,1 Olojo Drive 2 in One Store,,Lagos State,Ojo,102113,NG,NGR001,,,,
AZ Beauty Store,SECONDARY,,,EMANL,Maduka,8034541652,+234,,6.4581186,3.2042894,Shop 6 Ken Plaza,,Lagos State,Ojo,102113,NG,NGR001,,,,
Bethel store,SECONDARY,,,EMANL,Bethel,8038785693,+234,,6.4702541,3.1871877,Q 3 quantity plaza okokomaiko,,Lagos State,Ojo,102113,NG,NGR001,,,,
Mum Ebube store,SECONDARY,,,EMANL,Mum  ebube,8062385048,+234,,6.4703302,3.187131,No 20 quality plaza okokomaiko,,Lagos State,Ojo,102113,NG,NGR001,,,,
Mum favour store,SECONDARY,,,EMANL,Mum favour,7063211687,+234,,6.6698366,3.3250684,"Iju, Ifo, Ogun State, 100276, Nigeria",,Ogun State,Iju,100216,NG,NGR001,,,,
Adewunmi store,SECONDARY,,,EMANL,Adewunmi,9033921848,+234,,6.6697593,3.3250373,"Iju, Ifo, Ogun State, 100276, Nigeria",,Ogun State,Iju,100216,NG,NGR001,,,,
Flourish store,SECONDARY,,,EMANL,Flourish,8124807092,+234,,6.4701849,3.1869147,25 Akere okoko,,Lagos State,Ojo,102113,NG,NGR001,,,,
Mummy flourish ventures,SECONDARY,,,EMANL,Mummy flourish,9110986394,+234,,6.6695423,3.3248839,"UAE, block E Agbado Road, Iju, Ifo, Ogun State, 101232, Nigeria",Agbado Road,Ogun State,Iju,100216,NG,NGR001,,,,
Mummy lizzy store,SECONDARY,,,EMANL,Mummy lizzy,8036956689,+234,,6.4735482,3.1859682,Emmanuel plaza,Lagos-Badagry Expressway,Lagos State,Ijanikin,,NG,NGR001,,,,
U J Store,SECONDARY,,,EMANL,Obianuju,8034053882,+234,,6.4571287,3.2054303,Shop A5 Academy Plaza,,Lagos State,Ojo,102113,NG,NGR001,,,,
Ike oluwa store,SECONDARY,,,EMANL,Ike oluwa,7063543623,+234,,6.4722157,3.186282,"Abudotu, okoko",,Lagos State,Ojo,102113,NG,NGR001,,,,
Mum twin's store,SECONDARY,,,EMANL,Mum twins,7061552738,+234,,6.6698336,3.3250641,"Iju, Ifo, Ogun State, 100276, Nigeria",,Ogun State,Iju,100216,NG,NGR001,,,,
Ngozi Store,SECONDARY,,,EMANL,Ngozi,8036933280,+234,,6.4577783,3.2040852,11 Sunny plaza,,Lagos State,Ojo,102113,NG,NGR001,,,,
Judvic store,SECONDARY,,,EMANL,Judvic,8062357197,+234,,6.4698527,3.1864996,22 Akere,,Lagos State,Ojo,102113,NG,NGR001,,,,
T & J store,SECONDARY,,,EMANL,T & J,9121731965,+234,,6.4700769,3.1879183,Kings and quantity plaza extension okokomaiko,,Lagos State,Ojo,102113,NG,NGR001,,,,
Nedu Venture,SECONDARY,,,EMANL,Chinedu,7037324577,+234,,6.45765,3.2042433,Shop 11 B Sunny plaza,,Lagos State,Ojo,102113,NG,NGR001,,,,
Blessed ventures,SECONDARY,,,EMANL,Blessed,8138005818,+234,,6.4700003,3.1874667,P/19 plaza okok,,Lagos State,Ojo,102113,NG,NGR001,,,,
Mummy ugo,SECONDARY,,,EMANL,Ifeoma,8080476844,+234,,6.469799,3.186551,24 Akere,,Lagos State,Ojo,102113,NG,NGR001,,,,
Amazing grace store,SECONDARY,,,EMANL,Amazing grace,7041473482,+234,,6.4702145,3.1872357,KJ 51A king jesus okokomaiko,,Lagos State,Ojo,102113,NG,NGR001,,,,
Edeunaghe store,SECONDARY,,,EMANL,Edeunaghe,9012637638,+234,,6.6685393,3.3251987,"Agbado Road, Iju, Ifo, Ogun State, 100276, Nigeria",Agbado Road,Ogun State,Iju,100216,NG,NGR001,,,,
Mummy Emma store,SECONDARY,,,EMANL,Mummy emma,8037819488,+234,,6.4703069,3.1871568,Q1 quality,,Lagos State,Ojo,102113,NG,NGR001,,,,
Olamak Store,SECONDARY,,,EMANL,Olamak,7073855233,+234,,6.458457,3.2057443,Shop B 13,Lagos-Badagry Expressway,Lagos State,Ojo,102113,NG,NGR001,,,,
Iya chizzy,SECONDARY,,,EMANL,Chioma,8125160436,+234,,6.4698361,3.1865603,27 Akere,,Lagos State,Ojo,102113,NG,NGR001,,,,
U.C provisions,SECONDARY,,,EMANL,Eunice,8138296913,+234,,6.6695423,3.3248839,"Agbado Road, Iju, Ifo, Ogun State, 101232, Nigeria",Agbado Road,Ogun State,Iju,100216,NG,NGR001,,,,
Sucess store,SECONDARY,,,EMANL,Success,8068185554,+234,,6.4703277,3.1870169,N0 18 akere okoko,,Lagos State,Ojo,102113,NG,NGR001,,,,
Omonipride stores,SECONDARY,,,EMANL,Oluwatoyin,8034774837,+234,,6.6695423,3.3248839,"Agbado Road, Iju, Ifo, Ogun State, 101232, Nigeria",Agbado Road,Ogun State,Iju,100216,NG,NGR001,,,,
Chi link,SECONDARY,,,EMANL,Chi link,7061278071,+234,,6.4704039,3.1871276,Shop 48 quality plaza akere street okokomaiko,,Lagos State,Ojo,102113,NG,NGR001,,,,
Iya Adam,SECONDARY,,,EMANL,Adam,8065210563,+234,,6.470186,3.1869177,22 Akere,,Lagos State,Ojo,102113,NG,NGR001,,,,
Beautiful rose,SECONDARY,,,EMANL,Beautiful rose,8033453659,+234,,6.4701914,3.1869256,No 6 agnas plaza akere street okokomaiko,,Lagos State,Ojo,102113,NG,NGR001,,,,
Mrs ike store,SECONDARY,,,EMANL,Ike,9032099923,+234,,6.4699963,3.1869867,Sharo plaza,,Lagos State,Ojo,102113,NG,NGR001,,,,
Owadoyin store,SECONDARY,,,EMANL,Owadoyin,8104056909,+234,,6.6695423,3.3248839,"Agbado Road, Iju, Ifo, Ogun State, 101232, Nigeria",Agbado Road,Ogun State,Iju,100216,NG,NGR001,,,,
Fisco venture,SECONDARY,,,EMANL,Fisco venture,8023031654,+234,,6.6708811,3.3242545,"Iju, Ifo, Ogun State, 100216, Nigeria",,Ogun State,Iju,100216,NG,NGR001,,,,
Uche,SECONDARY,,,EMANL,Uche,8060103725,+234,,6.4591756,3.204306,14A Victory Plaza,Oba Dauda Street,Lagos State,Ojo,102113,NG,NGR001,,,,
Dee favourite store,SECONDARY,,,EMANL,Favour,7046049366,+234,,6.4705397,3.1872749,Akere Mary plaza,,Lagos State,Ojo,102113,NG,NGR001,,,,
Divine god treasure,SECONDARY,,,EMANL,Divine God treasure,8033791609,+234,,6.4703772,3.1871199,AS shop 2 mary shopping plaza,,Lagos State,Ojo,102113,NG,NGR001,,,,
Hi angels store,SECONDARY,,,EMANL,Hi angels,8064810079,+234,,6.4704225,3.1871104,A/T 6 mary plaza Areke street okokomaiko,,Lagos State,Ojo,102113,NG,NGR001,,,,
Divine grace stores,SECONDARY,,,EMANL,Divine grace,7065348242,+234,,6.4699864,3.1869903,Sharob plaza,,Lagos State,Ojo,102113,NG,NGR001,,,,
Goladotun store,SECONDARY,,,EMANL,Goladotun,7087060089,+234,,6.6702564,3.325829,"Iju, Ifo, Ogun State, 100276, Nigeria",,Ogun State,Iju,100216,NG,NGR001,,,,
First Lady Beauty,SECONDARY,,,EMANL,First Lady,8037431959,+234,,6.458457,3.2057443,Shop 15 A Victory plaza,Lagos-Badagry Expressway,Lagos State,Ojo,102113,NG,NGR001,,,,
Testimony store,SECONDARY,,,EMANL,Mam uche,8033670654,+234,,6.470388,3.1871113,A/T 1 mary plaza,,Lagos State,Ojo,102113,NG,NGR001,,,,
Merciful God store,SECONDARY,,,EMANL,Merciful God,8032448868,+234,,6.469974,3.1869919,N0 19 Sharob plaza,,Lagos State,Ojo,102113,NG,NGR001,,,,
Evans store,SECONDARY,,,EMANL,Evans,8039116923,+234,,6.470461,3.1871138,AT/3 mary plaza akere street okokomaiko,,Lagos State,Ojo,102113,NG,NGR001,,,,
Chizzy stores,SECONDARY,,,EMANL,Chizzy,8060526474,+234,,6.4699751,3.1869933,N0 32 Sharob plaza,,Lagos State,Ojo,102113,NG,NGR001,,,,
Divine store,SECONDARY,,,EMANL,Divine store,7066382768,+234,,6.4704813,3.1871062,S4 mary plaza akere street okokomaiko,,Lagos State,Ojo,102113,NG,NGR001,,,,
Daramayo store,SECONDARY,,,EMANL,Kudirat,9162087285,+234,,6.6695423,3.3248839,"Agbado Road, Iju, Ifo, Ogun State, 101232, Nigeria",Agbado Road,Ogun State,Iju,100216,NG,NGR001,,,,
Iya junior store,SECONDARY,,,EMANL,Iya junior,8063506136,+234,,6.6698379,3.3250697,"Iju, Ifo, Ogun State, 100276, Nigeria",,Ogun State,Iju,100216,NG,NGR001,,,,
Blessed divine,SECONDARY,,,EMANL,Blessed divine,8032512460,+234,,6.4699771,3.1869976,35 Sharob plaza,,Lagos State,Ojo,102113,NG,NGR001,,,,
Vitus store,SECONDARY,,,EMANL,Ifeoma,7061607434,+234,,6.4706127,3.1870092,Z1 mary plaza akere street okokomaiko,,Lagos State,Ojo,102113,NG,NGR001,,,,
Setemi William store,SECONDARY,,,EMANL,Setemi,7038530817,+234,,6.6693942,3.325249,"Agbado Road, Iju, Ifo, Ogun State, 101232, Nigeria",Agbado Road,Ogun State,Iju,100216,NG,NGR001,,,,
Munachim store,SECONDARY,,,EMANL,Munachim,8060193352,+234,,6.4699764,3.1869974,27 Sharob plaza,,Lagos State,Ojo,102113,NG,NGR001,,,,
Ojaleye store,SECONDARY,,,EMANL,Ojaleye,9063539330,+234,,6.6696766,3.3250403,"Agbado Road, Iju, Ifo, Ogun State, 101232, Nigeria",Agbado Road,Ogun State,Iju,100216,NG,NGR001,,,,
Sweet Mother,SECONDARY,,,EMANL,Nonye,8032458907,+234,,6.4593431,3.2050866,8 blessed Ariko Plaza,,Lagos State,Ojo,102113,NG,NGR001,,,,
Chi - Grace,SECONDARY,,,EMANL,Grace,8035615071,+234,,6.4587896,3.2057443,Shop 15 Blessed Arico plaza,,Lagos State,Ojo,102113,NG,NGR001,,,,
Mummy Mmeso,SECONDARY,,,EMANL,Ngozi,8034452669,+234,,6.458457,3.2057443,Shop 11 Blessed Arico plaza,Lagos-Badagry Expressway,Lagos State,Ojo,102113,NG,NGR001,,,,
Overcomers store,SECONDARY,,,EMANL,Overcomer,8030633142,+234,,6.4699763,3.1869981,N0 38 Sharob plaza,,Lagos State,Ojo,102113,NG,NGR001,,,,
Precious,SECONDARY,,,EMANL,Precious,8169463289,+234,,6.4594058,3.2040176,Lagos Plaza,Oba Dauda Street,Lagos State,Ojo,102113,NG,NGR001,,,,
Frank store,SECONDARY,,,EMANL,Frank,8033736895,+234,,6.6693274,3.3251948,"Agbado Road, Iju, Ifo, Ogun State, 101232, Nigeria",Agbado Road,Ogun State,Iju,100216,NG,NGR001,,,,
Adenike store,SECONDARY,,,EMANL,Adenike Lawal,8126630621,+234,,6.4593101,3.2038631,Shop 6 Obadaudu,Oba Dauda Street,Lagos State,Ojo,102113,NG,NGR001,,,,
Ndibuisi,SECONDARY,,,EMANL,Ndibuisi,8033950207,+234,,6.4594262,3.2035151,41 Good Luck plaza,Onyems-B.-Hospital,Lagos State,Ojo,102113,NG,NGR001,,,,
Mummy Oyinbo store,SECONDARY,,,EMANL,Eze,8037203374,+234,,6.6692702,3.3252096,"Agbado Road, Iju, Ifo, Ogun State, 101232, Nigeria",Agbado Road,Ogun State,Iju,100216,NG,NGR001,,,,
Mummy Chioma,SECONDARY,,,EMANL,Mummy Chioma,9017813792,+234,,6.4594952,3.2034508,40 Good Luck plaza,Onyems-B.-Hospital,Lagos State,Ojo,102113,NG,NGR001,,,,
Godsent Provision Store,SECONDARY,,,EMANL,Nkechi Ogbonna,8034927873,+234,,6.4604584,3.2048024,Shop 23 Goodluck plaza,Lagos-Badagry Expressway,Lagos State,Ojo,102113,NG,NGR001,,,,
Faith Store,SECONDARY,,,EMANL,Faith,7031209824,+234,,6.4592934,3.2037664,8 Ariyo Plaza Shop 1,Oba Dauda Street,Lagos State,Ojo,102113,NG,NGR001,,,,
Chigoziri store,SECONDARY,,,EMANL,Chigoziri,7061526284,+234,,6.6687387,3.3252326,"Agbado Road, Iju, Ifo, Ogun State, 101232, Nigeria",Agbado Road,Ogun State,Iju,100216,NG,NGR001,,,,
NS God's Eagle Ventures,SECONDARY,,,EMANL,Chinyere Peace,8066361591,+234,,6.458457,3.2057443,Shop 45 blessed arinco plaza,Lagos-Badagry Expressway,Lagos State,Ojo,102113,NG,NGR001,,,,
Magret,SECONDARY,,,EMANL,Magret,8160589660,+234,,6.4585207,3.2035339,GH 19 Oshe Plaza,,Lagos State,Ojo,102113,NG,NGR001,,,,
Chidinma,SECONDARY,,,EMANL,Chidinma,8030910190,+234,,6.4585647,3.2035403,GHO 26 Oshe Road,,Lagos State,Ojo,102113,NG,NGR001,,,,
BCC Stores,SECONDARY,,,EMANL,Christian Chinedu,9161411274,+234,,6.4601238,3.2051163,Shop 32/ 33 Goche plaza,Lagos-Badagry Expressway,Lagos State,Ojo,102113,NG,NGR001,,,,
UK's Store,SECONDARY,,,EMANL,Uk,8066989830,+234,,6.458506,3.2035475,GHO 18 Oshe Plaza,,Lagos State,Ojo,102113,NG,NGR001,,,,
Chuks Venture,SECONDARY,,,EMANL,Chuks,8163007995,+234,,6.461462,3.2038605,Shop 24 EZ plaza,Lasu-Isheri Road,Lagos State,Ojo,102113,NG,NGR001,,,,
Mama Amaka,SECONDARY,,,EMANL,Ngozi,7036006684,+234,,6.460116,3.2063722,Shop 9 Nike plaza,Lagos-Badagry Expressway,Lagos State,Ojo,102113,NG,NGR001,,,,
Favour,SECONDARY,,,EMANL,Favour,9162112432,+234,,6.4583381,3.2034709,GhO 14 Ghoshe,,Lagos State,Ojo,102113,NG,NGR001,,,,
Omo jesu,SECONDARY,,,EMANL,Omo jesu,7090607504,+234,,6.6288081,3.3246589,Olawoyin,Iju Road,Lagos State,Ifako/Ijaye,100216,NG,NGR001,,,,
Ajayi Store,SECONDARY,,,EMANL,Ajayi,7068003426,+234,,6.6691658,3.3255128,Ajibode iju shaga market,,Ogun State,Iju,100216,NG,NGR001,,,,
Amazing grace store,SECONDARY,,,EMANL,Amazing grace,9025393326,+234,,6.6698102,3.3256229,17 ajiboda,,Ogun State,Iju,100216,NG,NGR001,,,,
Aisha store,SECONDARY,,,EMANL,Aisha,8109473553,+234,,6.6722726,3.3270262,"Iju, Ifo, Ogun State, 100276, Nigeria",,Ogun State,Iju,100216,NG,NGR001,,,,
Mummy T Store,SECONDARY,,,EMANL,Mummy T,8121112249,+234,,6.4584748,3.2038118,Store 18 Contain Road,,Lagos State,Ojo,102113,NG,NGR001,,,,
Relmart stores and cosmetics,SECONDARY,,,EMANL,Relmart,8034420250,+234,,6.6287952,3.3246249,Iju road,Iju Road,Lagos State,Ifako/Ijaye,100216,NG,NGR001,,,,
ODN Global,SECONDARY,,,EMANL,Princess,8060104339,+234,,6.4699383,3.1860159,Shop 5 Akere,,Lagos State,Ojo,102113,NG,NGR001,,,,
Triple roses,SECONDARY,,,EMANL,Roseline,7015205777,+234,,6.6278961,3.3238199,"4,iju road under bridge",Primary,Lagos State,Ifako/Ijaye,101232,NG,NGR001,,,,
Triple roses,SECONDARY,,,EMANL,Rose,9033368888,+234,,6.6281501,3.3239285,Iju under bridge,Primary,Lagos State,Ifako/Ijaye,101232,NG,NGR001,,,,
Ajidagba stores,SECONDARY,,,EMANL,Iyabo,8142199350,+234,,6.6279557,3.3234403,Iju road,Primary,Lagos State,Ifako/Ijaye,101232,NG,NGR001,,,,
Diamond stores,SECONDARY,,,EMANL,Diamond,9034532527,+234,,6.4699358,3.1860162,"Shop 4 abudotun, okoko market",,Lagos State,Ojo,102113,NG,NGR001,,,,
Nelly store,SECONDARY,,,EMANL,Nelly,9037277445,+234,,6.4699717,3.1860267,Akere Bus stop okoko,,Lagos State,Ojo,102113,NG,NGR001,,,,
Divine Favour's Shop,SECONDARY,,,EMANL,Divine Foviour,8037119213,+234,,6.4584871,3.2035152,GHO 17 Ghoshe Plaza,,Lagos State,Ojo,102113,NG,NGR001,,,,
Iya damilare store,SECONDARY,,,EMANL,Adebisi,8148384153,+234,,6.6278847,3.3233079,Under bridge beside Union Bank,Primary,Lagos State,Ifako/Ijaye,101232,NG,NGR001,,,,
Tiwalade store,SECONDARY,,,EMANL,Tiwa,8035525252,+234,,6.6271314,3.3233037,Agege,,Lagos State,Akowonjo,101232,NG,NGR001,,,,
Funke store,SECONDARY,,,EMANL,Funke,8067612607,+234,,6.4699284,3.1860647,6 Akere,,Lagos State,Ojo,102113,NG,NGR001,,,,
Getty store,SECONDARY,,,EMANL,Getty,8037080837,+234,,6.4699379,3.1860179,"Shop 3,abudotun, okoko market",,Lagos State,Ojo,102113,NG,NGR001,,,,
NK'S STORE,SECONDARY,,,EMANL,NK,8036645507,+234,,6.4577891,3.2039719,Mama Daniel Plaza,,Lagos State,Ojo,102113,NG,NGR001,,,,
Mama Emma,SECONDARY,,,EMANL,Chioma,8168641401,+234,,6.458457,3.2057443,Shop Attachment 3 Goche plaza,Lagos-Badagry Expressway,Lagos State,Ojo,102113,NG,NGR001,,,,
Mummy chioma,SECONDARY,,,EMANL,Chioma,7037483664,+234,,6.4699371,3.1860124,Abutosu okoko,,Lagos State,Ojo,102113,NG,NGR001,,,,
John rich,SECONDARY,,,EMANL,John,8087601595,+234,,6.6257501,3.3244842,"64,lewu",Total,Lagos State,Akowonjo,100282,NG,NGR001,,,,
Philenvic,SECONDARY,,,EMANL,Philip,8066758350,+234,,6.6697487,3.3253019,"7, agbado rd iju ishaga",,Ogun State,Iju,100216,NG,NGR001,,,,
Peace store,SECONDARY,,,EMANL,Peace,9078285724,+234,,6.6693999,3.3252296,"Agbado Road, Iju, Ifo, Ogun State, 101232, Nigeria",Agbado Road,Ogun State,Iju,100216,NG,NGR001,,,,
Sam's brand cosmetics,SECONDARY,,,EMANL,Goodnews,8135436928,+234,,6.6266262,3.3235052,Agege market,,Lagos State,Akowonjo,101232,NG,NGR001,,,,
Debis store,SECONDARY,,,EMANL,Debis,8026236103,+234,,6.6254272,3.3240171,"Shop 68,abibati mogaji",,Lagos State,Akowonjo,101232,NG,NGR001,,,,
Ageless Store,SECONDARY,,,EMANL,Ageless,8038707072,+234,,6.458825,3.20359,N0 2 Mama Daniel plaza,,Lagos State,Ojo,102113,NG,NGR001,,,,
Mama Emma store,SECONDARY,,,EMANL,Nwaobodo,7067875919,+234,,6.4702178,3.1865959,Shop 10 Akere,,Lagos State,Ojo,102113,NG,NGR001,,,,
Adewuyi store,SECONDARY,,,EMANL,Adewuyi,7033242320,+234,,6.6698352,3.3250497,Ishaga market,,Ogun State,Iju,100216,NG,NGR001,,,,
Olabisi store,SECONDARY,,,EMANL,Olabisi,8126140034,+234,,6.624776,3.3237285,Railway line,Agege Motor Road,Lagos State,Akowonjo,100282,NG,NGR001,,,,
Eze Kingsley,SECONDARY,,,EMANL,Eze,8106136632,+234,,6.4584579,3.2055924,Shop B 77 Rest House,Lagos-Badagry Expressway,Lagos State,Ojo,102113,NG,NGR001,,,,
Mummy chizzy store,SECONDARY,,,EMANL,Mummy chizzy,9065851454,+234,,6.6695423,3.3248839,Ishaga market,Agbado Road,Ogun State,Iju,100216,NG,NGR001,,,,
Ogechi store,SECONDARY,,,EMANL,Ogechi,8036571779,+234,,6.4702178,3.1865959,11 Akere okoko,,Lagos State,Ojo,102113,NG,NGR001,,,,
Godwin store,SECONDARY,,,EMANL,Godwin,7054386974,+234,,6.6695423,3.3248839,Ishaga market,Agbado Road,Ogun State,Iju,100216,NG,NGR001,,,,
Ayomide store,SECONDARY,,,EMANL,Ayomitide,7069606212,+234,,6.6249179,3.3236074,"2, railway line",Agege Motor Road,Lagos State,Akowonjo,100282,NG,NGR001,,,,
Iya Ayo,SECONDARY,,,EMANL,Muturah,7030829654,+234,,6.46939,3.18605,9 Akere,,Lagos State,Ojo,102113,NG,NGR001,,,,
Helen Store,SECONDARY,,,EMANL,Helen,7053778051,+234,,6.6698371,3.3250497,Ishaga market,,Ogun State,Iju,100216,NG,NGR001,,,,
Oluwashanumi,SECONDARY,,,EMANL,Abolanle,8126116726,+234,,6.4587354,3.2035434,Shop 8 Rest house,,Lagos State,Ojo,102113,NG,NGR001,,,,
Mummy Johnangel,SECONDARY,,,EMANL,Mummy Johnangel,8063631215,+234,,6.6698358,3.3250425,Ishaga market,,Ogun State,Iju,100216,NG,NGR001,,,,
Favour store,SECONDARY,,,EMANL,Favour,8038918465,+234,,6.4682318,3.1850267,31 Abudtun,,Lagos State,Ojo,,NG,NGR001,,,,
Zion store,SECONDARY,,,EMANL,Zion,7034757591,+234,,6.4692238,3.1859682,"N0 6 abudotun, okoko",,Lagos State,Ojo,102113,NG,NGR001,,,,
Vic store,SECONDARY,,,EMANL,Victoria,7060907409,+234,,6.6698781,3.3245692,Ishaga market,Agbado Road,Ogun State,Iju,100216,NG,NGR001,,,,
Teju stores,SECONDARY,,,EMANL,Teju,7082781562,+234,,6.6260364,3.3238779,14 desalu street,,Lagos State,Ifako/Ijaye,101232,NG,NGR001,,,,
Moryin Global venture,SECONDARY,,,EMANL,Moryn,8066607888,+234,,6.6695423,3.3248839,"Agbado Road, Iju, Ifo, Ogun State, 101232, Nigeria",Agbado Road,Ogun State,Iju,100216,NG,NGR001,,,,
Nelly store,SECONDARY,,,EMANL,Nelly,8100777627,+234,,6.4696793,3.1864909,30 Abudtun,,Lagos State,Ojo,102113,NG,NGR001,,,,
Evelyn,SECONDARY,,,EMANL,Evelyn,8064394377,+234,,6.4584066,3.2035232,Omola Plaza opposite Ghoshe Plaza by the Road side,,Lagos State,Ojo,102113,NG,NGR001,,,,
Mum kamis store,SECONDARY,,,EMANL,Mum kamis,9079575312,+234,,6.6698844,3.323625,Iju-Ishaga,Agbado Road,Ogun State,Iju,100216,NG,NGR001,,,,
Mama tee store,SECONDARY,,,EMANL,Mama tee,9163163677,+234,,6.6698354,3.3250437,Iju ishaga market,,Ogun State,Iju,100216,NG,NGR001,,,,
Mum balikis store,SECONDARY,,,EMANL,Oladeji,8124705068,+234,,6.625498,3.3245645,Ogunji road,Total,Lagos State,Akowonjo,100282,NG,NGR001,,,,
Bibiricious enterprises,SECONDARY,,,EMANL,Bibiricious,8035750072,+234,,6.4702888,3.1863579,"Kemas plaza, Abudotun , okoko",,Lagos State,Ojo,,NG,NGR001,,,,
Hapilar distributor,SECONDARY,,,EMANL,Hapilar,9157927977,+234,,6.6251822,3.3244806,First class mall,Total,Lagos State,Akowonjo,100282,NG,NGR001,,,,
Kevin Store,SECONDARY,,,EMANL,Kevin,8062480064,+234,,6.458457,3.2057443,Shop B 82 Rest house Rd 6,Lagos-Badagry Expressway,Lagos State,Ojo,102113,NG,NGR001,,,,
Mummy chibuike,SECONDARY,,,EMANL,Evelyn,8065187297,+234,,6.4700742,3.1864745,Akere okoko,,Lagos State,Ojo,102113,NG,NGR001,,,,
Wabilahi taofeeq,SECONDARY,,,EMANL,Wabilahi taofeeq,7063454046,+234,,6.6249175,3.3247753,Ogunji road,Ogba Road,Lagos State,Akowonjo,100282,NG,NGR001,,,,
Arraqeeb venture,SECONDARY,,,EMANL,Arraqeeb,8023410568,+234,,6.6251804,3.3244761,First mall,Total,Lagos State,Akowonjo,100282,NG,NGR001,,,,
Mummy chikamso,SECONDARY,,,EMANL,Mummy chikamso,7042153742,+234,,6.470887,3.1859682,7 akere okoko market,,Lagos State,Ojo,,NG,NGR001,,,,
Olawunmi store,SECONDARY,,,EMANL,Olawunmi Store,8104555091,+234,,6.6698367,3.3250502,Ishaga market,,Ogun State,Iju,100216,NG,NGR001,,,,
Badmus Store,SECONDARY,,,EMANL,Badmus,8077111049,+234,,6.6251823,3.3244768,First class mall,Total,Lagos State,Akowonjo,100282,NG,NGR001,,,,
Akinola store,SECONDARY,,,EMANL,Akinola,7033896515,+234,,6.6249071,3.3247293,"14, balogun street",Ogba Road,Lagos State,Akowonjo,100282,NG,NGR001,,,,
MummyEmmanuel store,SECONDARY,,,EMANL,Mummy Emmanuel,9064872948,+234,,6.4713937,3.1862882,N0 8 akerele okoko,,Lagos State,Ojo,102113,NG,NGR001,,,,
Nwaolisa group of company,SECONDARY,,,EMANL,Daddy Amanda,8166523957,+234,,6.6698432,3.32507,Ishaga market,,Ogun State,Iju,100216,NG,NGR001,,,,
MumKingsley,SECONDARY,,,EMANL,Mum Kingsley,7067571886,+234,,6.6698844,3.323625,"Agbado Road, Iju, Ifo, Ogun State, 101232, Nigeria",Agbado Road,Ogun State,Iju,100216,NG,NGR001,,,,
White stone ventures,SECONDARY,,,EMANL,Oluwaseun,7037478374,+234,,6.6248019,3.3247922,"15, balogun street",Ogba Road,Lagos State,Akowonjo,100282,NG,NGR001,,,,
Everthing Food,SECONDARY,,,EMANL,Olajumoke,8052608011,+234,,6.6698368,3.3250505,Ishaga market,,Ogun State,Iju,100216,NG,NGR001,,,,
Twin's concept,SECONDARY,,,EMANL,Twin's concept,7045100959,+234,,6.4708552,3.1877546,1 Martins plaza,,Lagos State,Ojo,102113,NG,NGR001,,,,
God'swill,SECONDARY,,,EMANL,God's will,9022656424,+234,,6.6240633,3.3248617,22Balogun,Ogba Road,Lagos State,Akowonjo,100282,NG,NGR001,,,,
God's will,SECONDARY,,,EMANL,God's will,7071954860,+234,,6.6242233,3.3247954,Balogun,Ogba Road,Lagos State,Akowonjo,100282,NG,NGR001,,,,
John vic store,SECONDARY,,,EMANL,John vic,8060305042,+234,,6.470887,3.1859682,"Shop 1 J and D, okoko market",,Lagos State,Ojo,,NG,NGR001,,,,
God grace,SECONDARY,,,EMANL,Anthonia,7049395154,+234,,6.6241728,3.324802,Moshalashi alhaja,Ogba Road,Lagos State,Akowonjo,100282,NG,NGR001,,,,
OGECHI'S STORE,SECONDARY,,,EMANL,Ogechi,8024133629,+234,,6.4584984,3.2034582,GHO 21 / 25  GHOSHE PLAZA,,Lagos State,Ojo,102113,NG,NGR001,,,,
ToyinsStore,SECONDARY,,,EMANL,Toyin,8033991789,+234,,6.6241869,3.3248065,22-24Balogun,Ogba Road,Lagos State,Akowonjo,100282,NG,NGR001,,,,
EgoDollar,SECONDARY,,,EMANL,Ego,9163970915,+234,,6.4702081,3.1881651,13 Sikacru plaza,,Lagos State,Ojo,102113,NG,NGR001,,,,
Angela store,SECONDARY,,,EMANL,Angela,7038035806,+234,,6.4692238,3.1859682,Shop J and D plaza okoko market,,Lagos State,Ojo,102113,NG,NGR001,,,,
H.I.C store,SECONDARY,,,EMANL,Hic,8034919948,+234,,6.6235988,3.3249275,"31, balogun",Ogba Road,Lagos State,Akowonjo,100282,NG,NGR001,,,,
Instinct ventures,SECONDARY,,,EMANL,Odun,9166089129,+234,,6.6237064,3.3248931,24.Balogun str,Ogba Road,Lagos State,Akowonjo,100282,NG,NGR001,,,,
Juicy Store,SECONDARY,,,EMANL,Temi,9118168117,+234,,6.6704667,3.3244033,Iju ishaga market,,Ogun State,Iju,100216,NG,NGR001,,,,
Flourish store,SECONDARY,,,EMANL,Flourish,9130963400,+234,,6.6698468,3.3250714,"Iju, Ifo, Ogun State, 100276, Nigeria",,Ogun State,Iju,100216,NG,NGR001,,,,
Divine destiny,SECONDARY,,,EMANL,Divine destiny,8062130891,+234,,6.6236735,3.3249338,24Balogun,Ogba Road,Lagos State,Akowonjo,100282,NG,NGR001,,,,
Madam basilia,SECONDARY,,,EMANL,Basilia,8122170689,+234,,6.6236876,3.3249142,Balogun street,Ogba Road,Lagos State,Akowonjo,100282,NG,NGR001,,,,
Judex investment company,SECONDARY,,,EMANL,Judex,7066406690,+234,,6.469844,3.1865622,Godswill plaza okoko,,Lagos State,Ojo,102113,NG,NGR001,,,,
Chi interprices,SECONDARY,,,EMANL,Mummy faith,8066667730,+234,,6.6698982,3.3250523,Ishaga market,,Ogun State,Iju,100216,NG,NGR001,,,,
Madam basil,SECONDARY,,,EMANL,Basilai,8167805563,+234,,6.6236697,3.3249393,"28, balogun street",Ogba Road,Lagos State,Akowonjo,100282,NG,NGR001,,,,
Precious nuts,SECONDARY,,,EMANL,Precious nuts,9011826998,+234,,6.6236701,3.3249382,"Anifowose lane somolu
Odunlade somolu",Ogba Road,Lagos State,Akowonjo,100282,NG,NGR001,,,,
The Lord's doing store,SECONDARY,,,EMANL,Mummy Prosper,8169137885,+234,,6.6708379,3.3244932,Banjomo Iju-Ishaga market,,Ogun State,Iju,100216,NG,NGR001,,,,
Haruna store,SECONDARY,,,EMANL,Haruna,7062030615,+234,,6.6233709,3.3249735,"37, balogun street",Ogba Road,Lagos State,Akowonjo,100282,NG,NGR001,,,,
Mummy Purity,SECONDARY,,,EMANL,Mummy Purity,7062184125,+234,,6.4604584,3.2048024,Shop 16B Victory plaza,Lagos-Badagry Expressway,Lagos State,Ojo,102113,NG,NGR001,,,,
Jasbol store,SECONDARY,,,EMANL,Jasbol,8035080321,+234,,6.6235184,3.3249745,Balogun str,Ogba Road,Lagos State,Akowonjo,100282,NG,NGR001,,,,
God's covenant,SECONDARY,,,EMANL,God's covenant,8039640138,+234,,6.4706426,3.1873532,5 Martins plaza,,Lagos State,Ojo,102113,NG,NGR001,,,,
Dahli stores,SECONDARY,,,EMANL,Ola,7032420702,+234,,6.669876,3.3248839,"Iju, Ifo, Ogun State, 100276, Nigeria",Agbado Road,Ogun State,Iju,100216,NG,NGR001,,,,
Promise Store,SECONDARY,,,EMANL,Promise,9123382364,+234,,6.6698781,3.3245692,Iju ishaga market,Agbado Road,Ogun State,Iju,100216,NG,NGR001,,,,
Demola ventures,SECONDARY,,,EMANL,Mum subomi,8032478640,+234,,6.6233709,3.3249776,"39,Balogun street",Ogba Road,Lagos State,Akowonjo,100282,NG,NGR001,,,,
Precious Chidem,SECONDARY,,,EMANL,Precious,9066594435,+234,,6.4604584,3.2048024,Shop 16B,Lagos-Badagry Expressway,Lagos State,Ojo,102113,NG,NGR001,,,,
Alhaja fauzia,SECONDARY,,,EMANL,Alh fauzia,8028487088,+234,,6.623514,3.3251987,Balogun,,Lagos State,Ifako/Ijaye,100282,NG,NGR001,,,,
MaxMel Ventures,SECONDARY,,,EMANL,Maxmel,8037516572,+234,,6.4706188,3.1873036,Shop 7 and 8 supreme plaza,,Lagos State,Ojo,102113,NG,NGR001,,,,
MamaGreat Stores,SECONDARY,,,EMANL,Mama Great,7069368450,+234,,6.4702536,3.187091,N0 23 sharop plaza,,Lagos State,Ojo,102113,NG,NGR001,,,,
Comac food ventures,SECONDARY,,,EMANL,Ibe rosemary,8034252819,+234,,6.6705049,3.3249454,Ishaga market,,Ogun State,Iju,100216,NG,NGR001,,,,
Ay store,SECONDARY,,,EMANL,Odun Ayo,9064622663,+234,,6.6234007,3.3249754,32Balogun,Ogba Road,Lagos State,Akowonjo,100282,NG,NGR001,,,,
Adenike ventures,SECONDARY,,,EMANL,Katibi,8023826185,+234,,6.623555,3.3250092,"46, balogun street",Ogba Road,Lagos State,Akowonjo,100282,NG,NGR001,,,,
Mummy miracle store,SECONDARY,,,EMANL,Mummy miracle,8035281402,+234,,6.6695423,3.3248839,Ishaga market,Agbado Road,Ogun State,Iju,100216,NG,NGR001,,,,
I just,SECONDARY,,,EMANL,Ijeoma,8064872063,+234,,6.4713939,3.1873382,3 supreme plaza,,Lagos State,Ojo,,NG,NGR001,,,,
Ope Store,SECONDARY,,,EMANL,Ope,9133605017,+234,,6.67068,3.3251633,Iju ishaga,,Ogun State,Iju,100216,NG,NGR001,,,,
Oladunni store,SECONDARY,,,EMANL,Oladunni store,7072177230,+234,,6.4698888,3.1860218,Shop 40 sharop plaza,,Lagos State,Ojo,102113,NG,NGR001,,,,
God's favour,SECONDARY,,,EMANL,God's favor,8166143087,+234,,6.6227839,3.3251499,34Balogun,Ogba Road,Lagos State,Akowonjo,100282,NG,NGR001,,,,
Tianawhyhte,SECONDARY,,,EMANL,Tiana,8035074514,+234,,6.6702117,3.3245692,"Iju, Ifo, Ogun State, 100216, Nigeria",,Ogun State,Iju,100216,NG,NGR001,,,,
God is involved,SECONDARY,,,EMANL,Christina,9116402053,+234,,6.4710343,3.1870179,28 Peace plaza,,Lagos State,Ojo,,NG,NGR001,,,,
OHIS store,SECONDARY,,,EMANL,Ohis store,8035616720,+234,,6.4699729,3.1869834,Shop 25 sharop plaza,,Lagos State,Ojo,102113,NG,NGR001,,,,
Mgu brothers,SECONDARY,,,EMANL,Abubakar,8028732871,+234,,6.6228188,3.3252055,A18 agege market,Ogba Road,Lagos State,Akowonjo,100282,NG,NGR001,,,,
Calebility store,SECONDARY,,,EMANL,Caleb,9034772655,+234,,6.669876,3.3248839,"Agbado Road, Iju, Ifo, Ogun State, 101232, Nigeria",Agbado Road,Ogun State,Iju,100216,NG,NGR001,,,,
Mama Ejima store,SECONDARY,,,EMANL,Peace,8060573378,+234,,6.4710495,3.187121,Opposite supreme plaza,,Lagos State,Ojo,,NG,NGR001,,,,
Amaris store,SECONDARY,,,EMANL,Amara,8065197600,+234,,6.4699764,3.1869974,Shop 39 sharop plaza,,Lagos State,Ojo,102113,NG,NGR001,,,,
Anuoluwapo store,SECONDARY,,,EMANL,Anuoluwapo,7034298224,+234,,6.6842032,3.3280314,Iju-Ishaga,,Ogun State,Iju,100216,NG,NGR001,,,,
Adeniyi stores,SECONDARY,,,EMANL,Adeniyi,7087711049,+234,,6.6228422,3.3251736,A12 agege market,Ogba Road,Lagos State,Akowonjo,100282,NG,NGR001,,,,
Holyghost store,SECONDARY,,,EMANL,Holyghost,9029340032,+234,,6.4698923,3.1860387,Sharop plaza,,Lagos State,Ojo,102113,NG,NGR001,,,,
Mamfast global,SECONDARY,,,EMANL,Mam fast,8023212420,+234,,6.6238154,3.3248619,37.Balogun,Ogba Road,Lagos State,Akowonjo,100282,NG,NGR001,,,,
Nkiruka Store,SECONDARY,,,EMANL,Nkeiru,9066653771,+234,,6.4699372,3.1860092,Akere Market along the Road No Address,,Lagos State,Ojo,102113,NG,NGR001,,,,
Iya Amirah Store,SECONDARY,,,EMANL,Iya Amirah,8033032508,+234,,6.6267485,3.3246447,Balogun,Ogba Road,Lagos State,Akowonjo,100282,NG,NGR001,,,,
ST. LEO,SECONDARY,,,EMANL,Leo,8063730672,+234,,6.4685449,3.1881651,Shop 3 Agnes plaza,,Lagos State,Ojo,102113,NG,NGR001,,,,
Mummy God's Will,SECONDARY,,,EMANL,Mummy God's Will,7060611983,+234,,6.47085,3.1877036,13 Divine Glory plaza,,Lagos State,Ojo,102113,NG,NGR001,,,,
T & t store,SECONDARY,,,EMANL,Baba indomie,8073766636,+234,,6.669876,3.3248839,Ishaga market,Agbado Road,Ogun State,Iju,100216,NG,NGR001,,,,
Mummy angel store,SECONDARY,,,EMANL,Mummy agel,7031387860,+234,,6.4706091,3.1870125,Shop 9 Mary plaza,,Lagos State,Ojo,102113,NG,NGR001,,,,
Mama sopuruchukwu store,SECONDARY,,,EMANL,Mama sopuruchukwu,8065286904,+234,,6.4706168,3.1869932,Shop 5 Mary plaza,,Lagos State,Ojo,102113,NG,NGR001,,,,
Blessing store,SECONDARY,,,EMANL,Blessing,9032210440,+234,,6.4704737,3.1871558,Shop 2 Mary plaza,,Lagos State,Ojo,102113,NG,NGR001,,,,
Iniire Food Venture,SECONDARY,,,EMANL,Iniire,8106012764,+234,,6.6703184,3.3258293,Iju ishaga market,,Ogun State,Iju,100216,NG,NGR001,,,,
Ngozi store,SECONDARY,,,EMANL,Ngozi,8066415656,+234,,6.4711328,3.1869871,Opposite supreme,,Lagos State,Ojo,,NG,NGR001,,,,
Madam Uju Stores,SECONDARY,,,EMANL,Uju,8033624985,+234,,6.4685449,3.1881651,Shop G 10 Mary plaza,,Lagos State,Ojo,102113,NG,NGR001,,,,
God's time Venture,SECONDARY,,,EMANL,God's time,8167903034,+234,,6.470848,3.1876935,20 Akire Market,,Lagos State,Ojo,102113,NG,NGR001,,,,
Baba EjimaStores,SECONDARY,,,EMANL,Baba ejima,8162378698,+234,,6.4706197,3.186999,Shop6 Mary plaza,,Lagos State,Ojo,102113,NG,NGR001,,,,
Celestan store,SECONDARY,,,EMANL,Chinaza,8023123092,+234,,6.4710437,3.1870809,6 Akere,,Lagos State,Ojo,,NG,NGR001,,,,
M D stores,SECONDARY,,,EMANL,Nkechi,8064465150,+234,,6.4718791,3.1869097,Shop Z 5 Mary plaza,,Lagos State,Ojo,102113,NG,NGR001,,,,
Mummy Best Store,SECONDARY,,,EMANL,Mummy Best,8069387896,+234,,6.4708328,3.1876625,21 Akeri Market,,Lagos State,Ojo,102113,NG,NGR001,,,,
Mummy oke,SECONDARY,,,EMANL,Mama oke,8023297486,+234,,6.4725648,3.1861797,Akere extension,Lagos-Badagry Expressway,Lagos State,Ojo,102113,NG,NGR001,,,,
Iya Barakat Store,SECONDARY,,,EMANL,Azeezat,8056067599,+234,,6.4728908,3.1847128,Shop Z 7 Mary plaza,Okoko Police Station,Lagos State,Ojo,102113,NG,NGR001,,,,
Alhaja Store,SECONDARY,,,EMANL,Alhaja,7035378509,+234,,6.4708451,3.1876855,24 Akere Market,,Lagos State,Ojo,102113,NG,NGR001,,,,
Alhaja Oluwaseun Store,SECONDARY,,,EMANL,Alhaja,8064180238,+234,,6.470907,3.1869955,16 Akere Market,,Lagos State,Ojo,,NG,NGR001,,,,
Iyabo store,SECONDARY,,,EMANL,Iyabo,9131131692,+234,,6.4707632,3.1887805,Miracle plaza agbole market okoko,,Lagos State,Ojo,102113,NG,NGR001,,,,
Adicom,PRIMARY,,1000001,EMANL,Osigwe Joseph,8032681969,+234,julianaosigwe4@gmail.com,,,"Olapade Street,4,Mushin",,Lagos State,Mushin,,NG,NGR001,,,,
Betzicon Ventures,PRIMARY,,1000005,EMANL,Ajiborisha B.O.,9083388255,+234,betziconventures@gmail.com,,,"Ofin Street,7/9,Lagos Island",,Lagos State,Lagos Island,,NG,NGR001,,,,
Bisbod,PRIMARY,,1000006,EMANL,Olabode Olabisi,8034728926,+234,bibsonmayor@gmail.com,,,"Ikotun Market,Shop A15/G132,Ikotun",,Lagos State,Alimosho,,NG,NGR001,,,,
Dalex Ventures,PRIMARY,,1000009,EMANL,Babatunde Bola,8023284368,+234,Banji_babatunde@yahoo.com,,,"Oke Arin,Cointainer 6,Lagos Island",,Lagos State,Lagos Island,,NG,NGR001,,,,
Fawsat Kasumu,PRIMARY,,1000011,EMANL,Kasumu Alhaja Fawsat,7067083394,+234,iginlasherifatu@gmail.com,,,"Alakoro St.,22,Oke Arin,Lagos Isld",,Lagos State,Lagos Island,,NG,NGR001,,,,
Marshad,PRIMARY,,1000017,EMANL,Salimotu Gwadebe Hajia,8033069019,+234,marshadinvest@yahoo.com,,,"Alakoro St.,118,Oke Arin,Lagos Isld",,Lagos State,Lagos Island,,NG,NGR001,,,,
Mic - Neward Nig.,PRIMARY,,1000018,EMANL,Edward Mike,8024472161,+234,Micneward2005@gmail.com,,,"Alaba International Mkt.,Shop L230",,Lagos State,Ajeromi-Ifelodun,,NG,NGR001,,,,
Tom Cardinal,PRIMARY,,1000023,EMANL,Kenneth Eboh,8037181591,+234,ebohkenc@gmail.com,,,"Boundary Market,Shop B5/6,Ajegunle",,Lagos State,Ajeromi-Ifelodun,,NG,NGR001,,,,
Watergate,PRIMARY,,1000025,EMANL,T.S.Adewinbi Alh. T.S.,8062533223,+234,Stkafil@gmail.com,,,"Alakoro St.,120,Oke Arin,Lagos Isld",,Lagos State,Lagos Island,,NG,NGR001,,,,
Iyanu Trading,PRIMARY,,1000026,EMANL,Jolotinwo,8024104842,+234,fe_enny@yahoo.com,,,"Ladega Street,Ikorodu",,Lagos State,Ikorodu,,NG,NGR001,,,,
Sholly Babe (Global) Store,PRIMARY,,1000027,EMANL,Oduwole Shola,8090167917,+234,wemmyx@gmail.com,,,"Kosofe Market,Shop B9,Mile12",,Lagos State,Kosofe,,NG,NGR001,,,,
Ogunsanya Trading Store,PRIMARY,,1000068,EMANL,Ogunsanya Mrs.Esther,9127142820,+234,abidoyeam@gmail.com,,,"Abolade Street,18,Ojuwoye,Mushin",,Lagos State,Mushin,,NG,NGR001,,,,
WF Amoo Stores,PRIMARY,,1000141,EMANL,Oluwakemi Amoo,8025613792,+234,amoo849@gmail.com,,,"Oba Daudu Street,9,Iyana Iba",,Lagos State,Ojo,,NG,NGR001,,,,
Alh. Semui And Kemi Large,PRIMARY,,1000145,EMANL,Large Alhaji Semui,7011580083,+234,Oluwakemiibuoye@icloud.com,,,"Alakoro Street,109,Ebute Ero,Lagos",,Lagos State,Lagos Island,,NG,NGR001,,,,
Mojirayo Ojoye Nigeria Enterprises,PRIMARY,,1000178,EMANL,Mojirayo Ojoye Elizabeth,8023179530,+234,Seyiojoye2203@gmail.com,,,"Daddy Alaja Street,46, Lagos Island",,Lagos State,Lagos Island,,NG,NGR001,,,,
Move Forward Nig Ltd.,PRIMARY,,1000186,EMANL,Ogero Dickson,8023023066,+234,Dicksonhomi@gmail.com,,,"Holiness Street,23/25,Salolo Meiran",,Lagos State,Ikeja,,NG,NGR001,,,,
R.T. Junaid Enterprises,PRIMARY,,1000189,EMANL,Risikat Taiwo Alhaja Junaid,8096607570,+234,saheed0104@gmail.com,,,"Old Otta Road,13,Ile-Epo",,Lagos State,Alimosho,,NG,NGR001,,,,
Larrypeace Owolewa Int'l Ltd.,PRIMARY,,1000206,EMANL,Giwa Omolara,8055459026,+234,omolaragiwa@yahoo.com,,,"Tajudeen Olusi Shopping Plz,B18",,Lagos State,Lagos Island,,NG,NGR001,,,,
Akines-Jibade Nig Ltd.,PRIMARY,,1000221,EMANL,Ajibade Oluwakemi,8156856916,+234,,,,"Ajani Salaudeen,6,Egan,Igando",,Lagos State,Alimosho,,NG,NGR001,,,,
Glory Model Nig Ltd.,PRIMARY,,1000244,EMANL,Adenike Oyeyinka Abiola,8036469689,+234,oluyemioyeyinka@gmail.com,,,"Ayangburen Rd,Shop 099,Sabo,Ikorodu",,Lagos State,Ikorodu,,NG,NGR001,,,,
Jolayemi Ventures,PRIMARY,,1000245,EMANL,Jolayemi Abolanle,8028254581,+234,adebisiabolanle521@gmail.com,,,"Oliwo Idikan St,23,Bus-stop Ikorodu",,Lagos State,Ikorodu,,NG,NGR001,,,,
Odus Store Enterprise,PRIMARY,,1000271,EMANL,Idayat Oduola Temitope,8020518123,+234,idayatoduola@gmail.com,,,"Iju Mkt.,Shop2/3,Block B,Iju Ishaga",,Lagos State,Ifako-Ijaiye,,NG,NGR001,,,,
Nsn Investments Ltd.,PRIMARY,,1000496,EMANL,Abosede Bolaji Oriyomi,8037375656,+234,nsnlimited@yahoo.com,,,"GLO Plaza,1st floor, Badagry",,Lagos State,Badagry,,NG,NGR001,,,,
Abiodun Semiu Ishola Nig Ent,PRIMARY,,1000744,EMANL,Abiodun Ishola Alh Semiu,8129035671,+234,abiodunsemiu@yahoo.com,,,"Alakoro St.,94,Oke Arin,Lagos Isld",,Lagos State,Lagos Island,,NG,NGR001,,,,
Ifeolu Nigeria Enterprises,PRIMARY,,1000761,EMANL,Aminu Olabimpe,8023408460,+234,anumioffice@gmail.com,,,"Igando Multi-purpose Market,ShopC09",,Lagos State,Alimosho,,NG,NGR001,,,,
Bivo Ventures,PRIMARY,,1000762,EMANL,O.Okunbor Louisa,8033002568,+234,louisa26@yahoo.com,,,"Deji Aladejobi Street,3,Bariga",,Lagos State,Shomolu,,NG,NGR001,,,,
Fazzan Stores,PRIMARY,,1000819,EMANL,Hassan Falilat,8085898635,+234,goldenfazzan@gmail.com,,,"Olapede St.,2,Oshodi-Mushin Market",,Lagos State,Mushin,,NG,NGR001,,,,
Tolabod Global Ventures,PRIMARY,,1000821,EMANL,Fakeye Toyin,8037215745,+234,olaidefakeye@yahoo.com,,,"Oriyanrin,14,Ebute Ero,Lagos",,Lagos State,Lagos Island,,NG,NGR001,,,,
Blessed Lily Farms Ventures,PRIMARY,,1001131,EMANL,Lilian Ndulue,8033129142,+234,nduluelilia@gmail.com,,,"Ojo Igbede Road,147,Ajangbadi",,Lagos State,Ojo,,NG,NGR001,,,,
Richag Ventures,PRIMARY,,1001134,EMANL,Chioma Agbanusi,8096980013,+234,richagventures@gmail.com,,,"Alaba Market,Lagos",,Lagos State,Ajeromi-Ifelodun,,NG,NGR001,,,,
Chanol International Enterprises,PRIMARY,,1001141,EMANL,Unegbu Eucharia,8083247975,+234,chanolinternational@gmail.com,,,"Tee Gold Plaza,Shop257,23,Festac",,Lagos State,Amuwo-Odofin,,NG,NGR001,,,,
Kesrad Global Ventures Nig Ltd.,PRIMARY,,1001290,EMANL,Ohidare Osiyemi,8052045260,+234,,,,"School gate Road,5,Lakowe,Ibeju",,Lagos State,Ibeju-Lekki,,NG,NGR001,,,,
Tunamis Limited,PRIMARY,,1001338,EMANL,Funmilayo Agnes,8033040467,+234,funmilayoaolaniyan@gmail.com,,,"Aguda Market,Surulere",,Lagos State,Surulere,,NG,NGR001,,,,
Dahsal Ventures,PRIMARY,,1001421,EMANL,Tajudeen Quandri,8023060749,+234,7vadri67@tahoo.com,,,"Shibiri Road,54,Ajangbadi,Ojo",,Lagos State,Ajeromi-Ifelodun,,NG,NGR001,,,,
C.C Reason Merchandize,PRIMARY,,1001498,EMANL,Onwuamarizu Edwin,8033257077,+234,reasonbest2016@gmail.com,,,"Arogundigbe Street,1,Iyana Iba,Ojo",,Lagos State,Ojo,,NG,NGR001,,,,
Reutos Ventures,PRIMARY,,1001568,EMANL,Odumosu Mio,8033450888,+234,reutosventure@gmail.com,,,"Alhaji Bakare St.,26,Ojodu Berger",,Lagos State,Ikeja,,NG,NGR001,,,,
Iya Aishat And Son Enterprise,PRIMARY,,1002215,EMANL,Abidemi Alhaja Ramota,8056000511,+234,Lawalaishat1214@gmail.com,,,"Olapade Street,2,Ojuwoye,Mushin",,Lagos State,Mushin,,NG,NGR001,,,,
Foley's Place,PRIMARY,,1002319,EMANL,Oluwakemi Alagbe,8189430651,+234,foley'splace@yahoo.com,,,"Emmanuel Kolawole,8,Street Shomolu",,Lagos State,Shomolu,,NG,NGR001,,,,
Somzitel Global Links,PRIMARY,,1002459,EMANL,Ebuka Akaolisa Chukwu,8063832720,+234,akaolisach@gmail.com,,,"A Close,House 2A,400 Road,Festac",,Lagos State,Amuwo-Odofin,,NG,NGR001,,,,
DEENULLAHI NIGERIA LIMITED,PRIMARY,,1004145,EMANL,Tajudeen Afusat,8065816041,+234,deen4luv005@yahoo.com,,,"Otunbayemi Ogunleye Cl.,25,Ikorodu",,Lagos State,Ikorodu,,NG,NGR001,,,,
Zubab Global Services Limited,PRIMARY,,1004146,EMANL,Zubair Nurat,8053411393,+234,nuratmalik87@gmail.com,,,"Ola Street,2,Off Adedeji Itire",,Lagos State,Surulere,,NG,NGR001,,,,
Akin-Adefola Enterprise,PRIMARY,,1004151,EMANL,Aisha Durosinmi Akinola,8028742958,+234,akinoladurosinmitemitope@gmail.com,,,"Oba Daudu Street,6,Ojo Lagos",,Lagos State,Ojo,,NG,NGR001,,,,
Chain Distributors Nig Ltd.,PRIMARY,,1008041,EMANL,Akamoke Egoko,8025899293,+234,chaindistributorsltd@gmail.com,,,"Association Avenue,28,Oke Agbon",,Lagos State,Badagry,,NG,NGR001,,,,
Nelson Chydy Nigeria Enterprises,PRIMARY,,1008046,EMANL,Agundu Nelson,8067829117,+234,nelsonchudys@gmail.com,,,"Lawani St,Shop28&29,Alakota Market",,Lagos State,Apapa,,NG,NGR001,,,,
Adewale Alimi Nigeria Limited,PRIMARY,,1008503,EMANL,Agwuocha Ogechi,8035683128,+234,ogechiAgwuocha@gmail.com,,,"Wahab Alimi Street,14,Aguda Lagos",,Lagos State,Apapa,,NG,NGR001,,,,
A. A. AKHIGBE,PRIMARY,,1013103,EMANL,Iniwo Susan,8033076281,+234,anthony@gmail.com,,,"Ilugbo Eremi,8,Oke Afo",,Lagos State,Badagry,,NG,NGR001,,,,
Teehem Ventures,PRIMARY,,1016853,EMANL,Okegbemila Toyin,8032053978,+234,toyindunni@yahoo.com,,,"Onakoya Street,19,Ketu",,Lagos State,Kosofe,,NG,NGR001,,,,
Surplus Grace Global Ventures Ltd.,PRIMARY,,1027680,EMANL,Ifeoma Gloria,8033388074,+234,ezechinedu01@yahoo.com,,,"Lawani Street,1,Apapa,Lagos",,Lagos State,Ajeromi-Ifelodun,,NG,NGR001,,,,
Easy Kajol Unique Concept,PRIMARY,,1031685,EMANL,Olamide Olaoye,9070898623,+234,ola19tunji82@gmail.com,,,"Badagry Market,Shop88,38 Market Rd.",,Lagos State,Badagry,,NG,NGR001,,,,
Kenny Musa Enterprises,PRIMARY,,1031741,EMANL,kafayat kafayat,8023584130,+234,musaodutayo@yahoo.com,,,"Onofowokan,3,Itaoluwu",,Lagos State,Ikorodu,,NG,NGR001,,,,
R Rahmah Trading&Supply Eneterprise,PRIMARY,,1033778,EMANL,Rahmah Alia,7033133871,+234,rajirahmah@gmail.com,,,"Camp David Road,32,Ayobo Ipaja",,Lagos State,Alimosho,,NG,NGR001,,,,
Busayo&Sons,PRIMARY,,1033779,EMANL,Mr.Gbenga,9098459431,+234,busayoandsons@gmail.com,,,"Idi Iroko,KM7,Iyana Iyesi",,Lagos State,Ifako-Ijaiye,,NG,NGR001,,,,
Eby Enterprises,PRIMARY,,1033780,EMANL,Agata Ms.,7039664736,+234,ebereokeke@gmail.com,,,"Isikalu Lane,Olodi Apapa",,Lagos State,Apapa,,NG,NGR001,,,,
Oludami Merchants,PRIMARY,,1039083,EMANL,Damilola Olu,8064407140,+234,olusolaazeez69@gmail.com,,,"Akere Street,4,Okoko,Ojo",,Lagos State,Amuwo-Odofin,,NG,NGR001,,,,
Happy Place International,PRIMARY,,1039113,EMANL,Mr.Kamoru,8037861537,+234,mutkeemacct@gmail.com,,,"Ogba Road,14,Agege",,Lagos State,Agege,,NG,NGR001,,,,
Demilade Stores&Enterprises,PRIMARY,,1042848,EMANL,Abosede Farinde,8029462892,+234,farindeabosede@gmail.com,,,"Agunmo Market,Ilogbo",,Lagos State,Badagry,,NG,NGR001,,,,
Marypet&Sons,PRIMARY,,1047517,EMANL,Musa Faith,7038894222,+234,Pmary7009@mail.com,,,"Oniyawa Street,14-34,Agege",,Lagos State,Agege,,NG,NGR001,,,,
Hedra Plus Services,PRIMARY,,1050044,EMANL,Mr.Ibrahim,8139349492,+234,raheematdolapoakinyemi@gmail.com,,,"Kajola Road,34,Ibeju Lekki,Lagos",,Lagos State,Ibeju-Lekki,,NG,NGR001,,,,
Cedar Care Nigeria Limited,PRIMARY,,1053054,EMANL,Olufunke Mrs.Alfred,7084147935,+234,olufunkeolaalfred@gmail.com,,,"Ola Ore Bus-stop,Lagos",,Lagos State,Ifako-Ijaiye,,NG,NGR001,,,,
Galzarof ventures,PRIMARY,,1062504,EMANL,Fawoke Ogunsaibi,8023225236,+234,fowoke26@gmail.com,,,"12 pornu street Ebutte metta ,Oying",,Lagos State,Lagos Island,,NG,NGR001,,,,
,,,,,,,,,,,,,,,,,,,,,
